"DEVICE_ID","LOCO_NUMBER","LOCO_SPEED","STATION_CODE","EVENT_DETECTION_TIME","EVENT_TYPE_FLAG","LATITUDE","LONGITUDE"
"2226","30631","0","SMET","2026-01-01 06:00:27","L","13.94542","75.582288"
"2226","30631","0","SMET","2026-01-01 06:00:57","L","13.945424","75.582277"
"2226","30631","0","SMET","2026-01-01 06:01:27","L","13.945424","75.582267"
"2226","30631","0","SMET","2026-01-01 06:01:57","L","13.945421","75.582271"
"2226","30631","0","SMET","2026-01-01 06:02:27","L","13.945417","75.582277"
"2226","30631","0","SMET","2026-01-01 06:02:57","L","13.945414","75.58228"
"2226","30631","0","SMET","2026-01-01 06:03:27","L","13.945419","75.582278"
"2226","30631","0","SMET","2026-01-01 06:03:57","L","13.94542","75.582279"
"2226","30631","0","SMET","2026-01-01 06:04:27","L","13.945421","75.582279"
"2226","30631","0","SMET","2026-01-01 06:04:57","L","13.945416","75.582273"
"2226","30631","0","SMET","2026-01-01 06:05:27","L","13.945415","75.582282"
"2226","30631","0","SMET","2026-01-01 06:05:57","L","13.945418","75.582272"
"2226","30631","0","SMET","2026-01-01 06:06:27","L","13.945414","75.582274"
"2226","30631","0","SMET","2026-01-01 06:06:57","L","13.94542","75.582278"
"2226","30631","0","SMET","2026-01-01 06:07:27","L","13.945415","75.582275"
"2226","30631","0","SMET","2026-01-01 06:07:57","L","13.945415","75.582283"
"2226","30631","10","SMET","2026-01-01 06:08:27","L","13.94578","75.581876"
"2226","30631","10","SMET","2026-01-01 06:08:57","L","13.94623","75.581189"
"2226","30631","11","SMET","2026-01-01 06:09:27","L","13.946613","75.580352"
"2226","30631","8","SMET","2026-01-01 06:09:57","L","13.946828","75.579576"
"2226","30631","9","SMET","2026-01-01 06:10:27","L","13.946977","75.578793"
"2226","30631","0","SMET","2026-01-01 06:10:57","L","13.947031","75.578552"
"2226","30631","0","SMET","2026-01-01 06:11:27","L","13.947031","75.578549"
"2226","30631","0","SMET","2026-01-01 06:11:57","L","13.947027","75.578556"
"2226","30631","0","SMET","2026-01-01 06:12:27","L","13.947033","75.578547"
"2226","30631","0","SMET","2026-01-01 06:12:57","L","13.947032","75.578554"
"2226","30631","9","SMET","2026-01-01 06:13:27","L","13.946919","75.579081"
"2226","30631","14","SMET","2026-01-01 06:13:57","L","13.946725","75.579996"
"2226","30631","14","SMET","2026-01-01 06:14:27","L","13.946386","75.58103"
"2226","30631","14","SMET","2026-01-01 06:14:57","L","13.945785","75.581955"
"2226","30631","14","SMET","2026-01-01 06:15:27","L","13.945062","75.582714"
"2226","30631","14","SMET","2026-01-01 06:15:57","L","13.944304","75.583497"
"2226","30631","14","SMET","2026-01-01 06:16:27","L","13.943521","75.584311"
"2226","30631","14","SMET","2026-01-01 06:16:57","L","13.942779","75.585104"
"2226","30631","14","SMET","2026-01-01 06:17:27","L","13.942064","75.585882"
"2226","30631","14","SMET","2026-01-01 06:17:57","L","13.941196","75.58653"
"2226","30631","14","SMET","2026-01-01 06:18:27","L","13.94016","75.586908"
"2226","30631","0","SMET","2026-01-01 06:18:57","L","13.939402","75.587071"
"2226","30631","0","SMET","2026-01-01 06:19:27","L","13.939398","75.587065"
"2226","30631","0","SMET","2026-01-01 06:19:57","L","13.939393","75.587071"
"2226","30631","0","SMET","2026-01-01 06:20:27","L","13.939381","75.587078"
"2226","30631","6","SMET","2026-01-01 06:20:57","L","13.939442","75.587067"
"2226","30631","10","SMET","2026-01-01 06:21:28","L","13.9402","75.586854"
"2226","30631","10","SMET","2026-01-01 06:21:58","L","13.941001","75.586532"
"2226","30631","11","SMET","2026-01-01 06:22:28","L","13.941567","75.586182"
"2226","30631","7","SMET","2026-01-01 06:22:58","L","13.942095","75.585711"
"2226","30631","0","SMET","2026-01-01 06:23:28","L","13.942365","75.585444"
"2226","30631","1","SMET","2026-01-01 06:23:58","L","13.942369","75.585434"
"2226","30631","1","SMET","2026-01-01 06:24:28","L","13.942454","75.585352"
"2226","30631","0","SMET","2026-01-01 06:24:58","L","13.94246","75.585335"
"2226","30631","0","SMET","2026-01-01 06:25:28","L","13.942455","75.585333"
"2226","30631","0","SMET","2026-01-01 06:25:58","L","13.942455","75.585334"
"2226","30631","0","SMET","2026-01-01 06:26:28","L","13.942456","75.585341"
"2226","30631","0","SMET","2026-01-01 06:26:58","L","13.942453","75.585345"
"2226","30631","0","SMET","2026-01-01 06:27:28","L","13.942451","75.585351"
"2226","30631","0","SMET","2026-01-01 06:27:58","L","13.942454","75.585348"
"2226","30631","0","SMET","2026-01-01 06:28:28","L","13.94245","75.585351"
"2226","30631","0","SMET","2026-01-01 06:28:58","L","13.94245","75.585351"
"2226","30631","0","SMET","2026-01-01 06:29:28","L","13.942447","75.585347"
"2226","30631","0","SMET","2026-01-01 06:29:58","L","13.94245","75.585346"
"2226","30631","0","SMET","2026-01-01 06:30:28","L","13.942458","75.585352"
"2226","30631","0","SMET","2026-01-01 06:30:58","L","13.942463","75.585353"
"2226","30631","0","SMET","2026-01-01 06:31:28","L","13.942464","75.585348"
"2226","30631","0","SMET","2026-01-01 06:31:58","L","13.94246","75.585349"
"2226","30631","0","SMET","2026-01-01 06:32:28","L","13.94246","75.58535"
"2226","30631","0","SMET","2026-01-01 06:32:58","L","13.942452","75.585347"
"2226","30631","0","SMET","2026-01-01 06:33:28","L","13.942453","75.585341"
"2226","30631","0","SMET","2026-01-01 06:33:58","L","13.942457","75.585345"
"2226","30631","0","SMET","2026-01-01 06:34:28","L","13.942456","75.585346"
"2226","30631","0","SMET","2026-01-01 06:34:58","L","13.942457","75.585343"
"2226","30631","0","SMET","2026-01-01 06:35:28","L","13.942459","75.585346"
"2226","30631","0","SMET","2026-01-01 06:35:58","L","13.942467","75.585347"
"2226","30631","0","SMET","2026-01-01 06:36:28","L","13.94246","75.585341"
"2226","30631","0","SMET","2026-01-01 06:36:58","L","13.942463","75.585337"
"2226","30631","0","SMET","2026-01-01 06:37:28","L","13.942454","75.585341"
"2226","30631","0","SMET","2026-01-01 06:37:58","L","13.94245","75.58534"
"2226","30631","0","SMET","2026-01-01 06:38:28","L","13.942453","75.585348"
"2226","30631","0","SMET","2026-01-01 06:38:58","L","13.942458","75.585346"
"2226","30631","0","SMET","2026-01-01 06:39:28","L","13.942467","75.585341"
"2226","30631","0","SMET","2026-01-01 06:39:58","L","13.942466","75.58534"
"2226","30631","0","SMET","2026-01-01 06:40:28","L","13.94246","75.585341"
"2226","30631","0","SMET","2026-01-01 06:40:58","L","13.942457","75.58534"
"2226","30631","0","SMET","2026-01-01 06:41:28","L","13.942461","75.585339"
"2226","30631","0","SMET","2026-01-01 06:41:58","L","13.942461","75.585341"
"2226","30631","0","SMET","2026-01-01 06:42:28","L","13.942462","75.585346"
"2226","30631","0","SMET","2026-01-01 06:42:58","L","13.942464","75.585351"
"2226","30631","0","SMET","2026-01-01 06:43:28","L","13.942463","75.585352"
"2226","30631","0","SMET","2026-01-01 06:43:58","L","13.942457","75.585351"
"2226","30631","0","SMET","2026-01-01 06:44:28","L","13.942455","75.585351"
"2226","30631","0","SMET","2026-01-01 06:44:58","L","13.942457","75.585346"
"2226","30631","0","SMET","2026-01-01 06:45:28","L","13.942458","75.585348"
"2226","30631","0","SMET","2026-01-01 06:45:58","L","13.942461","75.585345"
"2226","30631","0","SMET","2026-01-01 06:46:28","L","13.942467","75.585347"
"2226","30631","0","SMET","2026-01-01 06:46:58","L","13.942474","75.585345"
"2226","30631","0","SMET","2026-01-01 06:47:28","L","13.942464","75.585342"
"2226","30631","0","SMET","2026-01-01 06:47:58","L","13.942458","75.585339"
"2226","30631","0","SMET","2026-01-01 06:48:28","L","13.942457","75.58534"
"2226","30631","0","SMET","2026-01-01 06:48:58","L","13.942462","75.585343"
"2226","30631","0","SMET","2026-01-01 06:49:28","L","13.942464","75.585345"
"2226","30631","0","SMET","2026-01-01 06:49:58","L","13.942471","75.585343"
"2226","30631","0","SMET","2026-01-01 06:50:28","L","13.942471","75.585348"
"2226","30631","0","SMET","2026-01-01 06:50:58","L","13.942474","75.585351"
"2226","30631","0","SMET","2026-01-01 06:51:28","L","13.942479","75.585349"
"2226","30631","0","SMET","2026-01-01 06:51:58","L","13.942483","75.585348"
"2226","30631","0","SMET","2026-01-01 06:52:28","L","13.942481","75.585352"
"2226","30631","0","SMET","2026-01-01 06:52:58","L","13.942479","75.58535"
"2226","30631","0","SMET","2026-01-01 06:53:28","L","13.942476","75.58535"
"2226","30631","0","SMET","2026-01-01 06:53:58","L","13.942471","75.585343"
"2226","30631","0","SMET","2026-01-01 06:54:28","L","13.942467","75.585339"
"2226","30631","0","SMET","2026-01-01 06:54:58","L","13.942466","75.585342"
"2226","30631","0","SMET","2026-01-01 06:55:28","L","13.942476","75.585344"
"2226","30631","0","SMET","2026-01-01 06:55:58","L","13.942474","75.58534"
"2226","30631","0","SMET","2026-01-01 06:56:28","L","13.942475","75.585346"
"2226","30631","0","SMET","2026-01-01 06:56:58","L","13.94247","75.585339"
"2226","30631","0","SMET","2026-01-01 06:57:28","L","13.942464","75.58534"
"2226","30631","0","SMET","2026-01-01 06:57:58","L","13.942458","75.585342"
"2226","30631","0","SMET","2026-01-01 06:58:28","L","13.942459","75.585348"
"2226","30631","0","SMET","2026-01-01 06:58:58","L","13.942472","75.585345"
"2226","30631","0","SMET","2026-01-01 06:59:28","L","13.942473","75.585342"
"2226","30631","0","SMET","2026-01-01 06:59:58","L","13.942473","75.585338"
"2226","30631","0","SMET","2026-01-01 07:00:28","L","13.942465","75.585349"
"2226","30631","0","SMET","2026-01-01 07:00:58","L","13.942469","75.585351"
"2226","30631","0","SMET","2026-01-01 07:01:28","L","13.942461","75.585348"
"2226","30631","0","SMET","2026-01-01 07:01:58","L","13.942461","75.585352"
"2226","30631","0","SMET","2026-01-01 07:02:28","L","13.942457","75.585354"
"2226","30631","0","SMET","2026-01-01 07:02:58","L","13.942461","75.585354"
"2226","30631","0","SMET","2026-01-01 07:03:28","L","13.942468","75.585359"
"2226","30631","0","SMET","2026-01-01 07:03:58","L","13.94247","75.585357"
"2226","30631","0","SMET","2026-01-01 07:04:28","L","13.942468","75.585359"
"2226","30631","0","SMET","2026-01-01 07:04:58","L","13.942466","75.585359"
"2226","30631","0","SMET","2026-01-01 07:05:28","L","13.942468","75.585361"
"2226","30631","0","SMET","2026-01-01 07:05:58","L","13.942467","75.585355"
"2226","30631","0","SMET","2026-01-01 07:06:28","L","13.942461","75.585349"
"2226","30631","0","SMET","2026-01-01 07:06:58","L","13.942462","75.585349"
"2226","30631","0","SMET","2026-01-01 07:07:28","L","13.942465","75.585351"
"2226","30631","0","SMET","2026-01-01 07:07:58","L","13.942466","75.58535"
"2226","30631","0","SMET","2026-01-01 07:08:28","L","13.942461","75.585351"
"2226","30631","0","SMET","2026-01-01 07:08:58","L","13.942455","75.585344"
"2226","30631","0","SMET","2026-01-01 07:09:28","L","13.942454","75.585352"
"2226","30631","0","SMET","2026-01-01 07:09:58","L","13.942458","75.585358"
"2226","30631","0","SMET","2026-01-01 07:10:28","L","13.942464","75.585347"
"2226","30631","0","SMET","2026-01-01 07:10:58","L","13.942464","75.585343"
"2226","30631","0","SMET","2026-01-01 07:11:28","L","13.942459","75.585341"
"2226","30631","0","SMET","2026-01-01 07:11:58","L","13.942464","75.585352"
"2226","30631","0","SMET","2026-01-01 07:12:28","L","13.942466","75.585354"
"2226","30631","0","SMET","2026-01-01 07:12:58","L","13.942465","75.585353"
"2226","30631","0","SMET","2026-01-01 07:13:28","L","13.942461","75.585352"
"2226","30631","0","SMET","2026-01-01 07:13:58","L","13.942464","75.585351"
"2226","30631","0","SMET","2026-01-01 07:14:28","L","13.942468","75.585357"
"2226","30631","0","SMET","2026-01-01 07:14:58","L","13.942473","75.585356"
"2226","30631","0","SMET","2026-01-01 07:15:28","L","13.942465","75.585352"
"2226","30631","0","SMET","2026-01-01 07:15:58","L","13.942466","75.58535"
"2226","30631","0","SMET","2026-01-01 07:16:28","L","13.942464","75.585353"
"2226","30631","0","SMET","2026-01-01 07:16:58","L","13.942468","75.585357"
"2226","30631","0","SMET","2026-01-01 07:17:28","L","13.942481","75.585361"
"2226","30631","0","SMET","2026-01-01 07:17:58","L","13.942482","75.58536"
"2226","30631","0","SMET","2026-01-01 07:18:28","L","13.942477","75.585362"
"2226","30631","0","SMET","2026-01-01 07:18:58","L","13.942474","75.585363"
"2226","30631","0","SMET","2026-01-01 07:19:28","L","13.942479","75.585357"
"2226","30631","0","SMET","2026-01-01 07:19:58","L","13.942461","75.585353"
"2226","30631","0","SMET","2026-01-01 07:20:28","L","13.942465","75.585358"
"2226","30631","0","SMET","2026-01-01 07:20:58","L","13.94247","75.585354"
"2226","30631","0","SMET","2026-01-01 07:21:28","L","13.942481","75.585362"
"2226","30631","0","SMET","2026-01-01 07:21:58","L","13.94247","75.585362"
"2226","30631","0","SMET","2026-01-01 07:22:28","L","13.942462","75.585355"
"2226","30631","0","SMET","2026-01-01 07:22:58","L","13.942468","75.585357"
"2226","30631","0","SMET","2026-01-01 07:23:28","L","13.94246","75.585349"
"2226","30631","0","SMET","2026-01-01 07:23:58","L","13.942462","75.585346"
"2226","30631","0","SMET","2026-01-01 07:24:29","L","13.942456","75.585343"
"2226","30631","0","SMET","2026-01-01 07:24:59","L","13.942467","75.585347"
"2226","30631","0","SMET","2026-01-01 07:25:29","L","13.942466","75.58535"
"2226","30631","0","SMET","2026-01-01 07:25:59","L","13.942469","75.585352"
"2226","30631","0","SMET","2026-01-01 07:26:29","L","13.942472","75.585348"
"2226","30631","0","SMET","2026-01-01 07:26:59","L","13.942481","75.585354"
"2226","30631","0","SMET","2026-01-01 07:27:29","L","13.942476","75.585359"
"2226","30631","0","SMET","2026-01-01 07:27:59","L","13.942467","75.585353"
"2226","30631","0","SMET","2026-01-01 07:28:29","L","13.942466","75.585357"
"2226","30631","0","SMET","2026-01-01 07:28:59","L","13.942467","75.585356"
"2226","30631","0","SMET","2026-01-01 07:29:29","L","13.942473","75.585354"
"2226","30631","0","SMET","2026-01-01 07:29:59","L","13.942469","75.585347"
"2226","30631","0","SMET","2026-01-01 07:30:29","L","13.942467","75.585348"
"2226","30631","0","SMET","2026-01-01 07:30:59","L","13.942458","75.58535"
"2226","30631","0","SMET","2026-01-01 07:31:29","L","13.942454","75.585351"
"2226","30631","0","SMET","2026-01-01 07:31:59","L","13.94246","75.585356"
"2226","30631","0","SMET","2026-01-01 07:32:29","L","13.942463","75.58536"
"2226","30631","0","SMET","2026-01-01 07:32:59","L","13.942462","75.585355"
"2226","30631","0","SMET","2026-01-01 07:33:29","L","13.942458","75.585356"
"2226","30631","0","SMET","2026-01-01 07:33:59","L","13.942453","75.585347"
"2226","30631","0","SMET","2026-01-01 07:34:29","L","13.94246","75.585345"
"2226","30631","0","SMET","2026-01-01 07:34:59","L","13.942458","75.585348"
"2226","30631","0","SMET","2026-01-01 07:35:29","L","13.942465","75.585358"
"2226","30631","0","SMET","2026-01-01 07:35:59","L","13.942466","75.585355"
"2226","30631","0","SMET","2026-01-01 07:36:29","L","13.942463","75.585348"
"2226","30631","0","SMET","2026-01-01 07:36:59","L","13.942465","75.585346"
"2226","30631","0","SMET","2026-01-01 07:37:29","L","13.942459","75.585338"
"2226","30631","0","SMET","2026-01-01 07:37:59","L","13.942461","75.585343"
"2226","30631","0","SMET","2026-01-01 07:38:29","L","13.942466","75.585343"
"2226","30631","0","SMET","2026-01-01 07:38:59","L","13.942462","75.585354"
"2226","30631","0","SMET","2026-01-01 07:39:29","L","13.942466","75.585353"
"2226","30631","0","SMET","2026-01-01 07:39:59","L","13.942467","75.585347"
"2226","30631","0","SMET","2026-01-01 07:40:29","L","13.942464","75.585344"
"2226","30631","0","SMET","2026-01-01 07:40:59","L","13.942459","75.585346"
"2226","30631","0","SMET","2026-01-01 07:41:29","L","13.942456","75.585337"
"2226","30631","0","SMET","2026-01-01 07:41:59","L","13.942459","75.585343"
"2226","30631","0","SMET","2026-01-01 07:42:29","L","13.942455","75.585339"
"2226","30631","0","SMET","2026-01-01 07:42:59","L","13.942461","75.585351"
"2226","30631","0","SMET","2026-01-01 07:43:29","L","13.942465","75.585345"
"2226","30631","0","SMET","2026-01-01 07:43:59","L","13.942463","75.585351"
"2226","30631","0","SMET","2026-01-01 07:44:29","L","13.942454","75.585353"
"2226","30631","0","SMET","2026-01-01 07:44:59","L","13.942449","75.58534"
"2226","30631","0","SMET","2026-01-01 07:45:29","L","13.942448","75.58534"
"2226","30631","0","SMET","2026-01-01 07:45:59","L","13.942447","75.585338"
"2226","30631","0","SMET","2026-01-01 07:46:29","L","13.942451","75.585341"
"2226","30631","0","SMET","2026-01-01 07:46:59","L","13.942457","75.585351"
"2226","30631","0","SMET","2026-01-01 07:47:29","L","13.942455","75.585347"
"2226","30631","0","SMET","2026-01-01 07:47:59","L","13.942455","75.585356"
"2226","30631","0","SMET","2026-01-01 07:48:29","L","13.942459","75.585354"
"2226","30631","0","SMET","2026-01-01 07:48:59","L","13.942461","75.585352"
"2226","30631","0","SMET","2026-01-01 07:49:29","L","13.942464","75.585344"
"2226","30631","0","SMET","2026-01-01 07:49:59","L","13.942461","75.585348"
"2226","30631","0","SMET","2026-01-01 07:50:29","L","13.942453","75.585344"
"2226","30631","0","SMET","2026-01-01 07:50:59","L","13.942455","75.585346"
"2226","30631","0","SMET","2026-01-01 07:51:29","L","13.942452","75.585334"
"2226","30631","0","SMET","2026-01-01 07:51:59","L","13.94245","75.585337"
"2226","30631","0","SMET","2026-01-01 07:52:29","L","13.942461","75.58534"
"2226","30631","0","SMET","2026-01-01 07:52:59","L","13.942464","75.585342"
"2226","30631","0","SMET","2026-01-01 07:53:29","L","13.94246","75.585338"
"2226","30631","0","SMET","2026-01-01 07:53:59","L","13.94246","75.585344"
"2226","30631","0","SMET","2026-01-01 07:54:29","L","13.942462","75.585337"
"2226","30631","0","SMET","2026-01-01 07:54:59","L","13.942469","75.585337"
"2226","30631","0","SMET","2026-01-01 07:55:29","L","13.942462","75.585342"
"2226","30631","0","SMET","2026-01-01 07:56:00","L","13.942474","75.585351"
"2226","30631","0","SMET","2026-01-01 07:56:30","L","13.942472","75.585348"
"2226","30631","0","SMET","2026-01-01 07:57:00","L","13.942464","75.585339"
"2226","30631","0","SMET","2026-01-01 07:57:30","L","13.942464","75.585338"
"2226","30631","0","SMET","2026-01-01 07:58:00","L","13.942457","75.585346"
"2226","30631","0","SMET","2026-01-01 07:58:30","L","13.942462","75.585351"
"2226","30631","0","SMET","2026-01-01 07:59:00","L","13.942464","75.585341"
"2226","30631","0","SMET","2026-01-01 07:59:30","L","13.942459","75.585337"
"2226","30631","0","SMET","2026-01-01 08:00:00","L","13.94247","75.58534"
"2226","30631","0","SMET","2026-01-01 08:00:30","L","13.942469","75.585338"
"2226","30631","0","SMET","2026-01-01 08:01:00","L","13.942461","75.585331"
"2226","30631","0","SMET","2026-01-01 08:01:30","L","13.942464","75.585336"
"2226","30631","0","SMET","2026-01-01 08:02:00","L","13.942473","75.585332"
"2226","30631","0","SMET","2026-01-01 08:02:30","L","13.942467","75.585337"
"2226","30631","0","SMET","2026-01-01 08:03:00","L","13.942478","75.585337"
"2226","30631","0","SMET","2026-01-01 08:03:30","L","13.942473","75.585337"
"2226","30631","0","SMET","2026-01-01 08:04:00","L","13.942473","75.58534"
"2226","30631","0","SMET","2026-01-01 08:04:30","L","13.942478","75.585339"
"2226","30631","0","SMET","2026-01-01 08:05:00","L","13.942473","75.585349"
"2226","30631","0","SMET","2026-01-01 08:05:30","L","13.942479","75.585366"
"2226","30631","0","SMET","2026-01-01 08:06:00","L","13.94248","75.585363"
"2226","30631","0","SMET","2026-01-01 08:06:30","L","13.942482","75.585366"
"2226","30631","0","SMET","2026-01-01 08:07:00","L","13.942476","75.585354"
"2226","30631","0","SMET","2026-01-01 08:07:30","L","13.942474","75.585345"
"2226","30631","0","SMET","2026-01-01 08:08:00","L","13.942469","75.585343"
"2226","30631","0","SMET","2026-01-01 08:08:30","L","13.942466","75.585337"
"2226","30631","0","SMET","2026-01-01 08:09:00","L","13.942466","75.585338"
"2226","30631","0","SMET","2026-01-01 08:09:30","L","13.942467","75.585339"
"2226","30631","0","SMET","2026-01-01 08:10:00","L","13.942471","75.585339"
"2226","30631","0","SMET","2026-01-01 08:10:30","L","13.942471","75.585337"
"2226","30631","0","SMET","2026-01-01 08:11:00","L","13.942479","75.585356"
"2226","30631","0","SMET","2026-01-01 08:11:30","L","13.942479","75.585366"
"2226","30631","0","SMET","2026-01-01 08:12:00","L","13.94248","75.585368"
"2226","30631","0","SMET","2026-01-01 08:12:30","L","13.942485","75.585366"
"2226","30631","0","SMET","2026-01-01 08:13:00","L","13.942481","75.585366"
"2226","30631","0","SMET","2026-01-01 08:13:30","L","13.942476","75.585357"
"2226","30631","0","SMET","2026-01-01 08:14:00","L","13.942475","75.585353"
"2226","30631","0","SMET","2026-01-01 08:14:30","L","13.942471","75.585353"
"2226","30631","0","SMET","2026-01-01 08:15:00","L","13.942474","75.585361"
"2226","30631","0","SMET","2026-01-01 08:15:30","L","13.942484","75.585371"
"2226","30631","0","SMET","2026-01-01 08:16:00","L","13.94248","75.585364"
"2226","30631","0","SMET","2026-01-01 08:16:30","L","13.942473","75.585364"
"2226","30631","0","SMET","2026-01-01 08:17:00","L","13.942473","75.585359"
"2226","30631","0","SMET","2026-01-01 08:17:30","L","13.942481","75.585351"
"2226","30631","0","SMET","2026-01-01 08:18:00","L","13.942481","75.585352"
"2226","30631","0","SMET","2026-01-01 08:18:30","L","13.942484","75.585362"
"2226","30631","0","SMET","2026-01-01 08:19:00","L","13.942475","75.585358"
"2226","30631","0","SMET","2026-01-01 08:19:30","L","13.942475","75.585356"
"2226","30631","0","SMET","2026-01-01 08:20:00","L","13.942475","75.585359"
"2226","30631","0","SMET","2026-01-01 08:20:30","L","13.942479","75.585355"
"2226","30631","0","SMET","2026-01-01 08:21:00","L","13.942475","75.585354"
"2226","30631","0","SMET","2026-01-01 08:21:30","L","13.942471","75.585355"
"2226","30631","0","SMET","2026-01-01 08:22:00","L","13.942471","75.585356"
"2226","30631","0","SMET","2026-01-01 08:22:30","L","13.942472","75.58536"
"2226","30631","0","SMET","2026-01-01 08:23:00","L","13.942471","75.58537"
"2226","30631","0","SMET","2026-01-01 08:23:30","L","13.942475","75.585366"
"2226","30631","0","SMET","2026-01-01 08:24:00","L","13.942475","75.585374"
"2226","30631","0","SMET","2026-01-01 08:24:30","L","13.942472","75.58536"
"2226","30631","0","SMET","2026-01-01 08:25:00","L","13.942469","75.58536"
"2226","30631","0","SMET","2026-01-01 08:25:30","L","13.942473","75.585361"
"2226","30631","0","SMET","2026-01-01 08:26:00","L","13.942478","75.585363"
"2226","30631","0","SMET","2026-01-01 08:26:30","L","13.942472","75.58536"
"2226","30631","0","SMET","2026-01-01 08:27:00","L","13.942471","75.585356"
"2226","30631","0","SMET","2026-01-01 08:27:30","L","13.942472","75.585363"
"2226","30631","0","SMET","2026-01-01 08:28:00","L","13.942476","75.58535"
"2226","30631","0","SMET","2026-01-01 08:28:30","L","13.942473","75.585351"
"2226","30631","0","SMET","2026-01-01 08:29:00","L","13.942469","75.585354"
"2226","30631","0","SMET","2026-01-01 08:29:30","L","13.942466","75.585342"
"2226","30631","0","SMET","2026-01-01 08:30:00","L","13.942467","75.585357"
"2226","30631","0","SMET","2026-01-01 08:30:30","L","13.942466","75.585353"
"2226","30631","0","SMET","2026-01-01 08:31:01","L","13.94247","75.585352"
"2226","30631","0","SMET","2026-01-01 08:31:31","L","13.94248","75.58536"
"2226","30631","0","SMET","2026-01-01 08:32:01","L","13.942474","75.585363"
"2226","30631","0","SMET","2026-01-01 08:32:31","L","13.942468","75.58536"
"2226","30631","0","SMET","2026-01-01 08:33:01","L","13.942472","75.585363"
"2226","30631","0","SMET","2026-01-01 08:33:31","L","13.942473","75.585363"
"2226","30631","0","SMET","2026-01-01 08:34:01","L","13.942476","75.585358"
"2226","30631","0","SMET","2026-01-01 08:34:31","L","13.942475","75.585357"
"2226","30631","0","SMET","2026-01-01 08:35:01","L","13.942478","75.585367"
"2226","30631","0","SMET","2026-01-01 08:35:31","L","13.942466","75.585357"
"2226","30631","0","SMET","2026-01-01 08:36:01","L","13.942467","75.585355"
"2226","30631","0","SMET","2026-01-01 08:36:31","L","13.942466","75.585349"
"2226","30631","0","SMET","2026-01-01 08:37:01","L","13.942466","75.58535"
"2226","30631","0","SMET","2026-01-01 08:37:31","L","13.94247","75.585352"
"2226","30631","0","SMET","2026-01-01 08:38:01","L","13.942473","75.585351"
"2226","30631","0","SMET","2026-01-01 08:38:31","L","13.942473","75.585345"
"2226","30631","0","SMET","2026-01-01 08:39:01","L","13.942477","75.585352"
"2226","30631","0","SMET","2026-01-01 08:39:31","L","13.94248","75.585359"
"2226","30631","0","SMET","2026-01-01 08:40:01","L","13.942473","75.585343"
"2226","30631","0","SMET","2026-01-01 08:40:31","L","13.942484","75.585355"
"2226","30631","0","SMET","2026-01-01 08:41:01","L","13.942481","75.585362"
"2226","30631","0","SMET","2026-01-01 08:41:31","L","13.942473","75.585348"
"2226","30631","0","SMET","2026-01-01 08:42:01","L","13.942478","75.585352"
"2226","30631","0","SMET","2026-01-01 08:42:31","L","13.942482","75.585361"
"2226","30631","0","SMET","2026-01-01 08:43:01","L","13.942474","75.585363"
"2226","30631","0","SMET","2026-01-01 08:43:31","L","13.942479","75.585364"
"2226","30631","0","SMET","2026-01-01 08:44:01","L","13.942482","75.585367"
"2226","30631","0","SMET","2026-01-01 08:44:31","L","13.942476","75.58535"
"2226","30631","0","SMET","2026-01-01 08:45:01","L","13.94247","75.585339"
"2226","30631","0","SMET","2026-01-01 08:45:31","L","13.942469","75.585342"
"2226","30631","0","SMET","2026-01-01 08:46:01","L","13.942472","75.585346"
"2226","30631","0","SMET","2026-01-01 08:46:31","L","13.942466","75.585353"
"2226","30631","0","SMET","2026-01-01 08:47:01","L","13.942473","75.585354"
"2226","30631","0","SMET","2026-01-01 08:47:31","L","13.942461","75.585349"
"2226","30631","0","SMET","2026-01-01 08:48:01","L","13.942464","75.585353"
"2226","30631","0","SMET","2026-01-01 08:48:31","L","13.942463","75.585348"
"2226","30631","0","SMET","2026-01-01 08:49:01","L","13.94246","75.585348"
"2226","30631","0","SMET","2026-01-01 08:49:31","L","13.94246","75.585358"
"2226","30631","0","SMET","2026-01-01 08:50:01","L","13.942464","75.585358"
"2226","30631","0","SMET","2026-01-01 08:50:31","L","13.942463","75.585356"
"2226","30631","0","SMET","2026-01-01 08:51:01","L","13.942465","75.585359"
"2226","30631","0","SMET","2026-01-01 08:51:31","L","13.94247","75.585358"
"2226","30631","0","SMET","2026-01-01 08:52:01","L","13.942464","75.585358"
"2226","30631","0","SMET","2026-01-01 08:52:31","L","13.942471","75.585355"
"2226","30631","0","SMET","2026-01-01 08:53:01","L","13.942473","75.585349"
"2226","30631","0","SMET","2026-01-01 08:53:31","L","13.942476","75.585351"
"2226","30631","0","SMET","2026-01-01 08:54:01","L","13.942477","75.585356"
"2226","30631","0","SMET","2026-01-01 08:54:31","L","13.942476","75.585358"
"2226","30631","0","SMET","2026-01-01 08:55:01","L","13.942475","75.585358"
"2226","30631","0","SMET","2026-01-01 08:55:31","L","13.942472","75.585356"
"2226","30631","0","SMET","2026-01-01 08:56:01","L","13.942475","75.585356"
"2226","30631","0","SMET","2026-01-01 08:56:31","L","13.942479","75.585353"
"2226","30631","0","SMET","2026-01-01 08:57:01","L","13.942485","75.585355"
"2226","30631","0","SMET","2026-01-01 08:57:31","L","13.942481","75.585359"
"2226","30631","0","SMET","2026-01-01 08:58:01","L","13.942475","75.585354"
"2226","30631","0","SMET","2026-01-01 08:58:31","L","13.942472","75.585344"
"2226","30631","0","SMET","2026-01-01 08:59:01","L","13.942477","75.585346"
"2226","30631","0","SMET","2026-01-01 08:59:32","L","13.942478","75.585352"
"2226","30631","0","SMET","2026-01-01 09:00:02","L","13.942476","75.585361"
"2226","30631","0","SMET","2026-01-01 09:00:32","L","13.942476","75.585365"
"2226","30631","0","SMET","2026-01-01 09:01:02","L","13.942474","75.585358"
"2226","30631","0","SMET","2026-01-01 09:01:32","L","13.942475","75.585362"
"2226","30631","0","SMET","2026-01-01 09:02:02","L","13.942474","75.585364"
"2226","30631","0","SMET","2026-01-01 09:02:32","L","13.942476","75.585353"
"2226","30631","0","SMET","2026-01-01 09:03:02","L","13.942469","75.585354"
"2226","30631","0","SMET","2026-01-01 09:03:32","L","13.94247","75.585359"
"2226","30631","0","SMET","2026-01-01 09:04:02","L","13.942476","75.585366"
"2226","30631","0","SMET","2026-01-01 09:04:32","L","13.942468","75.585363"
"2226","30631","0","SMET","2026-01-01 09:05:02","L","13.942465","75.585364"
"2226","30631","0","SMET","2026-01-01 09:05:32","L","13.942481","75.585365"
"2226","30631","0","SMET","2026-01-01 09:06:02","L","13.942477","75.585365"
"2226","30631","0","SMET","2026-01-01 09:06:32","L","13.942473","75.585357"
"2226","30631","0","SMET","2026-01-01 09:07:02","L","13.942477","75.585346"
"2226","30631","0","SMET","2026-01-01 09:07:32","L","13.942479","75.58535"
"2226","30631","0","SMET","2026-01-01 09:08:02","L","13.942479","75.585364"
"2226","30631","0","SMET","2026-01-01 09:08:32","L","13.942483","75.585367"
"2226","30631","0","SMET","2026-01-01 09:09:02","L","13.942473","75.585365"
"2226","30631","0","SMET","2026-01-01 09:09:32","L","13.94247","75.585358"
"2226","30631","0","SMET","2026-01-01 09:10:02","L","13.942472","75.585342"
"2226","30631","0","SMET","2026-01-01 09:10:32","L","13.942469","75.58534"
"2226","30631","0","SMET","2026-01-01 09:11:02","L","13.942482","75.585347"
"2226","30631","0","SMET","2026-01-01 09:11:32","L","13.942489","75.585346"
"2226","30631","0","SMET","2026-01-01 09:12:02","L","13.942477","75.585351"
"2226","30631","0","SMET","2026-01-01 09:12:32","L","13.942488","75.585346"
"2226","30631","0","SMET","2026-01-01 09:13:02","L","13.942491","75.585357"
"2226","30631","0","SMET","2026-01-01 09:13:32","L","13.942489","75.585355"
"2226","30631","0","SMET","2026-01-01 09:14:02","L","13.942483","75.585359"
"2226","30631","0","SMET","2026-01-01 09:14:32","L","13.942481","75.585357"
"2226","30631","0","SMET","2026-01-01 09:15:02","L","13.942484","75.585354"
"2226","30631","0","SMET","2026-01-01 09:15:32","L","13.942492","75.585359"
"2226","30631","0","SMET","2026-01-01 09:16:02","L","13.942484","75.585361"
"2226","30631","0","SMET","2026-01-01 09:16:32","L","13.942486","75.585362"
"2226","30631","0","SMET","2026-01-01 09:17:02","L","13.942481","75.585366"
"2226","30631","0","SMET","2026-01-01 09:17:32","L","13.942488","75.585369"
"2226","30631","0","SMET","2026-01-01 09:18:02","L","13.942492","75.585384"
"2226","30631","0","SMET","2026-01-01 09:18:32","L","13.942487","75.585369"
"2226","30631","0","SMET","2026-01-01 09:19:02","L","13.942477","75.585359"
"2226","30631","0","SMET","2026-01-01 09:19:32","L","13.942468","75.585353"
"2226","30631","0","SMET","2026-01-01 09:20:02","L","13.94247","75.585352"
"2226","30631","0","SMET","2026-01-01 09:20:32","L","13.942478","75.585353"
"2226","30631","0","SMET","2026-01-01 09:21:02","L","13.942481","75.585356"
"2226","30631","0","SMET","2026-01-01 09:21:32","L","13.942473","75.585356"
"2226","30631","0","SMET","2026-01-01 09:22:02","L","13.942468","75.585356"
"2226","30631","0","SMET","2026-01-01 09:22:32","L","13.942462","75.585357"
"2226","30631","0","SMET","2026-01-01 09:23:02","L","13.94247","75.585352"
"2226","30631","0","SMET","2026-01-01 09:23:32","L","13.942476","75.585365"
"2226","30631","0","SMET","2026-01-01 09:24:02","L","13.942473","75.585368"
"2226","30631","0","SMET","2026-01-01 09:24:32","L","13.942481","75.585374"
"2226","30631","0","SMET","2026-01-01 09:25:02","L","13.942482","75.585368"
"2226","30631","0","SMET","2026-01-01 09:25:32","L","13.942473","75.585363"
"2226","30631","0","SMET","2026-01-01 09:26:02","L","13.942475","75.585361"
"2226","30631","0","SMET","2026-01-01 09:26:32","L","13.942486","75.585352"
"2226","30631","0","SMET","2026-01-01 09:27:02","L","13.942499","75.585366"
"2226","30631","0","SMET","2026-01-01 09:27:32","L","13.942498","75.585371"
"2226","30631","0","SMET","2026-01-01 09:28:02","L","13.942491","75.585364"
"2226","30631","0","SMET","2026-01-01 09:28:32","L","13.942479","75.585352"
"2226","30631","0","SMET","2026-01-01 09:29:02","L","13.942476","75.585346"
"2226","30631","0","SMET","2026-01-01 09:29:32","L","13.942484","75.585346"
"2226","30631","0","SMET","2026-01-01 09:30:02","L","13.94247","75.585345"
"2226","30631","0","SMET","2026-01-01 09:30:32","L","13.942474","75.585341"
"2226","30631","0","SMET","2026-01-01 09:31:02","L","13.942478","75.585336"
"2226","30631","0","SMET","2026-01-01 09:31:32","L","13.942485","75.585362"
"2226","30631","0","SMET","2026-01-01 09:32:02","L","13.942482","75.585366"
"2226","30631","0","SMET","2026-01-01 09:32:32","L","13.942479","75.585366"
"2226","30631","0","SMET","2026-01-01 09:33:02","L","13.942471","75.58536"
"2226","30631","0","SMET","2026-01-01 09:33:32","L","13.942465","75.585351"
"2226","30631","0","SMET","2026-01-01 09:34:02","L","13.942466","75.585352"
"2226","30631","0","SMET","2026-01-01 09:34:32","L","13.942475","75.585354"
"2226","30631","0","SMET","2026-01-01 09:35:02","L","13.94248","75.585356"
"2226","30631","0","SMET","2026-01-01 09:35:32","L","13.942475","75.585357"
"2226","30631","0","SMET","2026-01-01 09:36:02","L","13.942467","75.585357"
"2226","30631","0","SMET","2026-01-01 09:36:32","L","13.942466","75.585367"
"2226","30631","0","SMET","2026-01-01 09:37:02","L","13.942464","75.585366"
"2226","30631","0","SMET","2026-01-01 09:37:32","L","13.94246","75.585363"
"2226","30631","0","SMET","2026-01-01 09:38:02","L","13.942463","75.585353"
"2226","30631","0","SMET","2026-01-01 09:38:32","L","13.94247","75.585348"
"2226","30631","0","SMET","2026-01-01 09:39:02","L","13.942475","75.58535"
"2226","30631","0","SMET","2026-01-01 09:39:32","L","13.942464","75.585345"
"2226","30631","0","SMET","2026-01-01 09:40:02","L","13.942459","75.585348"
"2226","30631","0","SMET","2026-01-01 09:40:32","L","13.942464","75.585348"
"2226","30631","0","SMET","2026-01-01 09:41:02","L","13.942462","75.585343"
"2226","30631","0","SMET","2026-01-01 09:41:32","L","13.942464","75.585351"
"2226","30631","0","SMET","2026-01-01 09:42:02","L","13.942466","75.585337"
"2226","30631","0","SMET","2026-01-01 09:42:32","L","13.942471","75.585338"
"2226","30631","0","SMET","2026-01-01 09:43:02","L","13.942459","75.585331"
"2226","30631","0","SMET","2026-01-01 09:43:32","L","13.942463","75.585334"
"2226","30631","0","SMET","2026-01-01 09:44:02","L","13.942443","75.585322"
"2226","30631","0","SMET","2026-01-01 09:44:32","L","13.942439","75.585318"
"2226","30631","0","SMET","2026-01-01 09:45:02","L","13.942447","75.585325"
"2226","30631","0","SMET","2026-01-01 09:45:32","L","13.942448","75.585331"
"2226","30631","0","SMET","2026-01-01 09:46:02","L","13.942445","75.585331"
"2226","30631","0","SMET","2026-01-01 09:46:32","L","13.942458","75.585336"
"2226","30631","0","SMET","2026-01-01 09:47:02","L","13.942468","75.585359"
"2226","30631","0","SMET","2026-01-01 09:47:32","L","13.942474","75.58536"
"2226","30631","0","SMET","2026-01-01 09:48:02","L","13.942487","75.585361"
"2226","30631","0","SMET","2026-01-01 09:48:32","L","13.942481","75.58536"
"2226","30631","0","SMET","2026-01-01 09:49:02","L","13.942475","75.585357"
"2226","30631","0","SMET","2026-01-01 09:49:32","L","13.942469","75.585346"
"2226","30631","0","SMET","2026-01-01 09:50:02","L","13.942468","75.585341"
"2226","30631","0","SMET","2026-01-01 09:50:32","L","13.94247","75.585348"
"2226","30631","0","SMET","2026-01-01 09:51:02","L","13.942471","75.585351"
"2226","30631","0","SMET","2026-01-01 09:51:32","L","13.942473","75.585348"
"2226","30631","0","SMET","2026-01-01 09:52:02","L","13.942478","75.585337"
"2226","30631","0","SMET","2026-01-01 09:52:32","L","13.942469","75.585337"
"2226","30631","0","SMET","2026-01-01 09:53:02","L","13.942465","75.585338"
"2226","30631","0","SMET","2026-01-01 09:53:32","L","13.942469","75.585347"
"2226","30631","0","SMET","2026-01-01 09:54:02","L","13.942479","75.585349"
"2226","30631","0","SMET","2026-01-01 09:54:32","L","13.942482","75.585352"
"2226","30631","0","SMET","2026-01-01 09:55:02","L","13.94248","75.585356"
"2226","30631","0","SMET","2026-01-01 09:55:32","L","13.942476","75.585353"
"2226","30631","0","SMET","2026-01-01 09:56:02","L","13.942473","75.585354"
"2226","30631","0","SMET","2026-01-01 09:56:32","L","13.94247","75.585356"
"2226","30631","0","SMET","2026-01-01 09:57:02","L","13.942463","75.58535"
"2226","30631","0","SMET","2026-01-01 09:57:32","L","13.942462","75.585341"
"2226","30631","0","SMET","2026-01-01 09:58:02","L","13.942471","75.58534"
"2226","30631","0","SMET","2026-01-01 09:58:32","L","13.942468","75.58535"
"2226","30631","0","SMET","2026-01-01 09:59:02","L","13.942462","75.585349"
"2226","30631","0","SMET","2026-01-01 09:59:32","L","13.942461","75.585341"
"2226","30631","0","SMET","2026-01-01 10:00:02","L","13.942472","75.585347"
"2226","30631","0","SMET","2026-01-01 10:00:32","L","13.942479","75.585356"
"2226","30631","0","SMET","2026-01-01 10:01:02","L","13.942475","75.585354"
"2226","30631","0","SMET","2026-01-01 10:01:32","L","13.942468","75.585352"
"2226","30631","0","SMET","2026-01-01 10:02:02","L","13.942469","75.585348"
"2226","30631","0","SMET","2026-01-01 10:02:32","L","13.942476","75.58535"
"2226","30631","0","SMET","2026-01-01 10:03:02","L","13.942481","75.585338"
"2226","30631","0","SMET","2026-01-01 10:03:32","L","13.942478","75.585341"
"2226","30631","0","SMET","2026-01-01 10:04:02","L","13.942476","75.58535"
"2226","30631","0","SMET","2026-01-01 10:04:32","L","13.942468","75.585347"
"2226","30631","0","SMET","2026-01-01 10:05:02","L","13.942467","75.585347"
"2226","30631","0","SMET","2026-01-01 10:05:32","L","13.942475","75.585354"
"2226","30631","0","SMET","2026-01-01 10:06:02","L","13.942478","75.585351"
"2226","30631","0","SMET","2026-01-01 10:06:32","L","13.942478","75.585342"
"2226","30631","0","SMET","2026-01-01 10:07:02","L","13.942474","75.585355"
"2226","30631","0","SMET","2026-01-01 10:07:32","L","13.942474","75.585352"
"2226","30631","0","SMET","2026-01-01 10:08:02","L","13.942477","75.585352"
"2226","30631","0","SMET","2026-01-01 10:08:32","L","13.942481","75.585348"
"2226","30631","0","SMET","2026-01-01 10:09:02","L","13.942483","75.585346"
"2226","30631","0","SMET","2026-01-01 10:09:32","L","13.94249","75.585344"
"2226","30631","0","SMET","2026-01-01 10:10:02","L","13.942487","75.585346"
"2226","30631","0","SMET","2026-01-01 10:10:32","L","13.942484","75.585346"
"2226","30631","0","SMET","2026-01-01 10:11:02","L","13.94248","75.585345"
"2226","30631","0","SMET","2026-01-01 10:11:32","L","13.94248","75.585344"
"2226","30631","0","SMET","2026-01-01 10:12:02","L","13.942492","75.585337"
"2226","30631","0","SMET","2026-01-01 10:12:32","L","13.942491","75.585336"
"2226","30631","0","SMET","2026-01-01 10:13:02","L","13.94248","75.585338"
"2226","30631","0","SMET","2026-01-01 10:13:32","L","13.94248","75.585339"
"2226","30631","0","SMET","2026-01-01 10:14:02","L","13.942481","75.585341"
"2226","30631","0","SMET","2026-01-01 10:14:32","L","13.942474","75.58535"
"2226","30631","0","SMET","2026-01-01 10:15:02","L","13.942475","75.58535"
"2226","30631","0","SMET","2026-01-01 10:15:32","L","13.942485","75.585349"
"2226","30631","0","SMET","2026-01-01 10:16:02","L","13.94249","75.585345"
"2226","30631","0","SMET","2026-01-01 10:16:32","L","13.942487","75.585348"
"2226","30631","0","SMET","2026-01-01 10:17:02","L","13.942491","75.58535"
"2226","30631","0","SMET","2026-01-01 10:17:32","L","13.94249","75.585351"
"2226","30631","0","SMET","2026-01-01 10:18:02","L","13.942487","75.585349"
"2226","30631","0","SMET","2026-01-01 10:18:32","L","13.942484","75.585351"
"2226","30631","0","SMET","2026-01-01 10:19:02","L","13.942486","75.585352"
"2226","30631","0","SMET","2026-01-01 10:19:32","L","13.942484","75.585357"
"2226","30631","0","SMET","2026-01-01 10:20:02","L","13.942481","75.585352"
"2226","30631","0","SMET","2026-01-01 10:20:32","L","13.942478","75.585346"
"2226","30631","0","SMET","2026-01-01 10:21:02","L","13.942479","75.585352"
"2226","30631","0","SMET","2026-01-01 10:21:32","L","13.942476","75.585354"
"2226","30631","0","SMET","2026-01-01 10:22:02","L","13.942482","75.585353"
"2226","30631","0","SMET","2026-01-01 10:22:32","L","13.942481","75.585353"
"2226","30631","0","SMET","2026-01-01 10:23:02","L","13.94248","75.585352"
"2226","30631","0","SMET","2026-01-01 10:23:32","L","13.942487","75.585343"
"2226","30631","0","SMET","2026-01-01 10:24:02","L","13.942483","75.585352"
"2226","30631","0","SMET","2026-01-01 10:24:32","L","13.94249","75.585351"
"2226","30631","0","SMET","2026-01-01 10:25:02","L","13.942493","75.585346"
"2226","30631","0","SMET","2026-01-01 10:25:32","L","13.942489","75.585346"
"2226","30631","0","SMET","2026-01-01 10:26:02","L","13.942487","75.585349"
"2226","30631","0","SMET","2026-01-01 10:26:32","L","13.942485","75.58535"
"2226","30631","0","SMET","2026-01-01 10:27:02","L","13.942487","75.585351"
"2226","30631","0","SMET","2026-01-01 10:27:32","L","13.942489","75.585348"
"2226","30631","0","SMET","2026-01-01 10:28:02","L","13.942481","75.585351"
"2226","30631","0","SMET","2026-01-01 10:28:32","L","13.942482","75.585348"
"2226","30631","0","SMET","2026-01-01 10:29:02","L","13.942475","75.585348"
"2226","30631","0","SMET","2026-01-01 10:29:32","L","13.942484","75.585346"
"2226","30631","0","SMET","2026-01-01 10:30:02","L","13.942476","75.585346"
"2226","30631","0","SMET","2026-01-01 10:30:32","L","13.94247","75.585339"
"2226","30631","0","SMET","2026-01-01 10:31:02","L","13.942473","75.585345"
"2226","30631","0","SMET","2026-01-01 10:31:32","L","13.942479","75.585346"
"2226","30631","0","SMET","2026-01-01 10:32:02","L","13.942493","75.585349"
"2226","30631","0","SMET","2026-01-01 10:32:32","L","13.942485","75.585353"
"2226","30631","0","SMET","2026-01-01 10:33:02","L","13.942489","75.585352"
"2226","30631","0","SMET","2026-01-01 10:33:32","L","13.942489","75.585347"
"2226","30631","0","SMET","2026-01-01 10:34:02","L","13.942484","75.585342"
"2226","30631","0","SMET","2026-01-01 10:34:32","L","13.942475","75.585352"
"2226","30631","0","SMET","2026-01-01 10:35:02","L","13.942482","75.585355"
"2226","30631","0","SMET","2026-01-01 10:35:32","L","13.942489","75.585354"
"2226","30631","0","SMET","2026-01-01 10:36:02","L","13.942482","75.585357"
"2226","30631","0","SMET","2026-01-01 10:36:32","L","13.942495","75.585354"
"2226","30631","0","SMET","2026-01-01 10:37:02","L","13.942497","75.585348"
"2226","30631","0","SMET","2026-01-01 10:37:32","L","13.942492","75.58535"
"2226","30631","0","SMET","2026-01-01 10:38:02","L","13.942483","75.585347"
"2226","30631","0","SMET","2026-01-01 10:38:32","L","13.942487","75.585343"
"2226","30631","0","SMET","2026-01-01 10:39:02","L","13.942484","75.585344"
"2226","30631","0","SMET","2026-01-01 10:39:32","L","13.942479","75.585342"
"2226","30631","0","SMET","2026-01-01 10:40:02","L","13.942483","75.585342"
"2226","30631","0","SMET","2026-01-01 10:40:32","L","13.942487","75.585345"
"2226","30631","0","SMET","2026-01-01 10:41:02","L","13.942479","75.585339"
"2226","30631","0","SMET","2026-01-01 10:41:32","L","13.942481","75.585338"
"2226","30631","0","SMET","2026-01-01 10:42:02","L","13.942486","75.585334"
"2226","30631","0","SMET","2026-01-01 10:42:32","L","13.942474","75.585337"
"2226","30631","0","SMET","2026-01-01 10:43:02","L","13.942473","75.58534"
"2226","30631","0","SMET","2026-01-01 10:43:32","L","13.942475","75.585343"
"2226","30631","0","SMET","2026-01-01 10:44:02","L","13.942471","75.585338"
"2226","30631","0","SMET","2026-01-01 10:44:32","L","13.94247","75.585335"
"2226","30631","0","SMET","2026-01-01 10:45:02","L","13.94247","75.585335"
"2226","30631","0","SMET","2026-01-01 10:45:32","L","13.942471","75.585335"
"2226","30631","0","SMET","2026-01-01 10:46:02","L","13.942472","75.585332"
"2226","30631","0","SMET","2026-01-01 10:46:32","L","13.942477","75.585341"
"2226","30631","0","SMET","2026-01-01 10:47:02","L","13.94248","75.585344"
"2226","30631","0","SMET","2026-01-01 10:47:32","L","13.942478","75.58534"
"2226","30631","0","SMET","2026-01-01 10:48:02","L","13.942469","75.585334"
"2226","30631","0","SMET","2026-01-01 10:48:32","L","13.942468","75.585334"
"2226","30631","0","SMET","2026-01-01 10:49:02","L","13.942467","75.585335"
"2226","30631","0","SMET","2026-01-01 10:49:32","L","13.942464","75.585336"
"2226","30631","0","SMET","2026-01-01 10:50:02","L","13.942464","75.585341"
"2226","30631","0","SMET","2026-01-01 10:50:32","L","13.942465","75.585348"
"2226","30631","0","SMET","2026-01-01 10:51:02","L","13.942473","75.585346"
"2226","30631","0","SMET","2026-01-01 10:51:32","L","13.942474","75.585344"
"2226","30631","0","SMET","2026-01-01 10:52:02","L","13.942478","75.585345"
"2226","30631","0","SMET","2026-01-01 10:52:32","L","13.942472","75.585345"
"2226","30631","0","SMET","2026-01-01 10:53:02","L","13.942473","75.585345"
"2226","30631","0","SMET","2026-01-01 10:53:32","L","13.942474","75.585345"
"2226","30631","0","SMET","2026-01-01 10:54:02","L","13.942469","75.585348"
"2226","30631","0","SMET","2026-01-01 10:54:32","L","13.942467","75.585348"
"2226","30631","0","SMET","2026-01-01 10:55:02","L","13.942469","75.585352"
"2226","30631","0","SMET","2026-01-01 10:55:32","L","13.942468","75.585347"
"2226","30631","0","SMET","2026-01-01 10:56:02","L","13.942476","75.585339"
"2226","30631","0","SMET","2026-01-01 10:56:32","L","13.942479","75.585334"
"2226","30631","0","SMET","2026-01-01 10:57:02","L","13.942474","75.585331"
"2226","30631","0","SMET","2026-01-01 10:57:32","L","13.942475","75.585329"
"2226","30631","0","SMET","2026-01-01 10:58:02","L","13.942481","75.585336"
"2226","30631","0","SMET","2026-01-01 10:58:32","L","13.942479","75.585338"
"2226","30631","0","SMET","2026-01-01 10:59:02","L","13.942481","75.585344"
"2226","30631","0","SMET","2026-01-01 10:59:32","L","13.942485","75.585337"
"2226","30631","0","SMET","2026-01-01 11:00:02","L","13.942479","75.585337"
"2226","30631","0","SMET","2026-01-01 11:00:32","L","13.942479","75.585338"
"2226","30631","0","SMET","2026-01-01 11:01:02","L","13.942485","75.585337"
"2226","30631","0","SMET","2026-01-01 11:01:32","L","13.942482","75.585336"
"2226","30631","0","SMET","2026-01-01 11:02:02","L","13.942484","75.585343"
"2226","30631","0","SMET","2026-01-01 11:02:32","L","13.94249","75.585344"
"2226","30631","0","SMET","2026-01-01 11:03:02","L","13.942493","75.585352"
"2226","30631","0","SMET","2026-01-01 11:03:32","L","13.942488","75.585353"
"2226","30631","0","SMET","2026-01-01 11:04:02","L","13.942493","75.585351"
"2226","30631","0","SMET","2026-01-01 11:04:32","L","13.94249","75.585343"
"2226","30631","0","SMET","2026-01-01 11:05:02","L","13.942482","75.585343"
"2226","30631","0","SMET","2026-01-01 11:05:32","L","13.94249","75.585346"
"2226","30631","0","SMET","2026-01-01 11:06:02","L","13.942495","75.585356"
"2226","30631","0","SMET","2026-01-01 11:06:32","L","13.942495","75.585363"
"2226","30631","0","SMET","2026-01-01 11:07:02","L","13.942482","75.585356"
"2226","30631","0","SMET","2026-01-01 11:07:32","L","13.942478","75.585346"
"2226","30631","0","SMET","2026-01-01 11:08:02","L","13.942477","75.585347"
"2226","30631","0","SMET","2026-01-01 11:08:32","L","13.942475","75.585341"
"2226","30631","0","SMET","2026-01-01 11:09:02","L","13.942477","75.585339"
"2226","30631","0","SMET","2026-01-01 11:09:32","L","13.942479","75.585351"
"2226","30631","0","SMET","2026-01-01 11:10:02","L","13.942479","75.585358"
"2226","30631","0","SMET","2026-01-01 11:10:32","L","13.942486","75.585355"
"2226","30631","0","SMET","2026-01-01 11:11:02","L","13.942483","75.585348"
"2226","30631","0","SMET","2026-01-01 11:11:32","L","13.94247","75.585342"
"2226","30631","0","SMET","2026-01-01 11:12:02","L","13.942467","75.585346"
"2226","30631","0","SMET","2026-01-01 11:12:32","L","13.942476","75.585353"
"2226","30631","0","SMET","2026-01-01 11:13:02","L","13.942478","75.585353"
"2226","30631","0","SMET","2026-01-01 11:13:32","L","13.942476","75.585357"
"2226","30631","0","SMET","2026-01-01 11:14:02","L","13.942478","75.585358"
"2226","30631","0","SMET","2026-01-01 11:14:32","L","13.942477","75.585349"
"2226","30631","0","SMET","2026-01-01 11:15:02","L","13.942467","75.585341"
"2226","30631","0","SMET","2026-01-01 11:15:32","L","13.942463","75.585335"
"2226","30631","0","SMET","2026-01-01 11:16:02","L","13.942472","75.585348"
"2226","30631","0","SMET","2026-01-01 11:16:32","L","13.942469","75.585345"
"2226","30631","0","SMET","2026-01-01 11:17:02","L","13.942476","75.585353"
"2226","30631","0","SMET","2026-01-01 11:17:32","L","13.94247","75.585351"
"2226","30631","0","SMET","2026-01-01 11:18:02","L","13.942465","75.585347"
"2226","30631","0","SMET","2026-01-01 11:18:32","L","13.942472","75.585354"
"2226","30631","0","SMET","2026-01-01 11:19:02","L","13.942475","75.585353"
"2226","30631","0","SMET","2026-01-01 11:19:32","L","13.942477","75.585356"
"2226","30631","0","SMET","2026-01-01 11:20:02","L","13.942477","75.585351"
"2226","30631","0","SMET","2026-01-01 11:20:32","L","13.942475","75.585352"
"2226","30631","0","SMET","2026-01-01 11:21:02","L","13.94248","75.585357"
"2226","30631","0","SMET","2026-01-01 11:21:32","L","13.942476","75.585359"
"2226","30631","0","SMET","2026-01-01 11:22:02","L","13.94247","75.585363"
"2226","30631","0","SMET","2026-01-01 11:22:32","L","13.942475","75.58536"
"2226","30631","0","SMET","2026-01-01 11:23:02","L","13.942477","75.585355"
"2226","30631","0","SMET","2026-01-01 11:23:32","L","13.942472","75.585357"
"2226","30631","0","SMET","2026-01-01 11:24:02","L","13.942474","75.585359"
"2226","30631","0","SMET","2026-01-01 11:24:32","L","13.942483","75.585362"
"2226","30631","0","SMET","2026-01-01 11:25:02","L","13.942487","75.585367"
"2226","30631","0","SMET","2026-01-01 11:25:32","L","13.942478","75.585364"
"2226","30631","0","SMET","2026-01-01 11:26:02","L","13.942478","75.585357"
"2226","30631","0","SMET","2026-01-01 11:26:32","L","13.942479","75.585357"
"2226","30631","0","SMET","2026-01-01 11:27:02","L","13.942478","75.585359"
"2226","30631","0","SMET","2026-01-01 11:27:32","L","13.942471","75.585355"
"2226","30631","0","SMET","2026-01-01 11:28:02","L","13.942465","75.585347"
"2226","30631","0","SMET","2026-01-01 11:28:32","L","13.94247","75.585355"
"2226","30631","0","SMET","2026-01-01 11:29:02","L","13.942465","75.585357"
"2226","30631","0","SMET","2026-01-01 11:29:32","L","13.942467","75.58535"
"2226","30631","0","SMET","2026-01-01 11:30:02","L","13.942466","75.585352"
"2226","30631","0","SMET","2026-01-01 11:30:32","L","13.942471","75.58535"
"2226","30631","0","SMET","2026-01-01 11:31:02","L","13.942484","75.585351"
"2226","30631","0","SMET","2026-01-01 11:31:32","L","13.94249","75.585343"
"2226","30631","0","SMET","2026-01-01 11:32:02","L","13.942484","75.585345"
"2226","30631","0","SMET","2026-01-01 11:32:32","L","13.942479","75.585333"
"2226","30631","0","SMET","2026-01-01 11:33:02","L","13.942478","75.585336"
"2226","30631","0","SMET","2026-01-01 11:33:32","L","13.942477","75.58535"
"2226","30631","0","SMET","2026-01-01 11:34:02","L","13.942487","75.585359"
"2226","30631","0","SMET","2026-01-01 11:34:32","L","13.942496","75.585353"
"2226","30631","0","SMET","2026-01-01 11:35:02","L","13.942492","75.58535"
"2226","30631","0","SMET","2026-01-01 11:35:32","L","13.942486","75.585341"
"2226","30631","0","SMET","2026-01-01 11:36:02","L","13.942486","75.585338"
"2226","30631","0","SMET","2026-01-01 11:36:32","L","13.942497","75.585341"
"2226","30631","0","SMET","2026-01-01 11:37:02","L","13.942493","75.585339"
"2226","30631","0","SMET","2026-01-01 11:37:32","L","13.942495","75.585344"
"2226","30631","0","SMET","2026-01-01 11:38:03","L","13.942492","75.585347"
"2226","30631","0","SMET","2026-01-01 11:38:33","L","13.942478","75.585343"
"2226","30631","0","SMET","2026-01-01 11:39:03","L","13.942477","75.58534"
"2226","30631","0","SMET","2026-01-01 11:39:33","L","13.942471","75.585337"
"2226","30631","0","SMET","2026-01-01 11:40:03","L","13.942471","75.585332"
"2226","30631","0","SMET","2026-01-01 11:40:33","L","13.942485","75.585338"
"2226","30631","0","SMET","2026-01-01 11:41:03","L","13.942487","75.585342"
"2226","30631","0","SMET","2026-01-01 11:41:33","L","13.942498","75.585346"
"2226","30631","0","SMET","2026-01-01 11:42:03","L","13.94249","75.585341"
"2226","30631","0","SMET","2026-01-01 11:42:33","L","13.942485","75.585339"
"2226","30631","0","SMET","2026-01-01 11:43:03","L","13.942494","75.585338"
"2226","30631","0","SMET","2026-01-01 11:43:33","L","13.942481","75.585337"
"2226","30631","0","SMET","2026-01-01 11:44:03","L","13.942483","75.585342"
"2226","30631","0","SMET","2026-01-01 11:44:33","L","13.942488","75.585348"
"2226","30631","0","SMET","2026-01-01 11:45:03","L","13.942486","75.585352"
"2226","30631","0","SMET","2026-01-01 11:45:33","L","13.942497","75.585351"
"2226","30631","0","SMET","2026-01-01 11:46:03","L","13.94249","75.585346"
"2226","30631","0","SMET","2026-01-01 11:46:33","L","13.942486","75.585341"
"2226","30631","0","SMET","2026-01-01 11:47:03","L","13.94249","75.585337"
"2226","30631","0","SMET","2026-01-01 11:47:33","L","13.942505","75.585343"
"2226","30631","0","SMET","2026-01-01 11:48:03","L","13.942496","75.585331"
"2226","30631","0","SMET","2026-01-01 11:48:33","L","13.942495","75.585331"
"2226","30631","0","SMET","2026-01-01 11:49:03","L","13.942489","75.585336"
"2226","30631","0","SMET","2026-01-01 11:49:33","L","13.942499","75.585341"
"2226","30631","0","SMET","2026-01-01 11:50:03","L","13.942499","75.58534"
"2226","30631","0","SMET","2026-01-01 11:50:33","L","13.94249","75.585344"
"2226","30631","0","SMET","2026-01-01 11:51:03","L","13.942493","75.585345"
"2226","30631","0","SMET","2026-01-01 11:51:33","L","13.94249","75.585345"
"2226","30631","0","SMET","2026-01-01 11:52:03","L","13.942495","75.585344"
"2226","30631","0","SMET","2026-01-01 11:52:33","L","13.942495","75.585351"
"2226","30631","0","SMET","2026-01-01 11:53:03","L","13.94249","75.585356"
"2226","30631","0","SMET","2026-01-01 11:53:33","L","13.942486","75.585345"
"2226","30631","0","SMET","2026-01-01 11:54:03","L","13.942484","75.585343"
"2226","30631","0","SMET","2026-01-01 11:54:33","L","13.942486","75.585342"
"2226","30631","0","SMET","2026-01-01 11:55:03","L","13.942494","75.585346"
"2226","30631","0","SMET","2026-01-01 11:55:33","L","13.942492","75.585346"
"2226","30631","0","SMET","2026-01-01 11:56:03","L","13.942491","75.58534"
"2226","30631","0","SMET","2026-01-01 11:56:33","L","13.942493","75.585344"
"2226","30631","0","SMET","2026-01-01 11:57:03","L","13.942498","75.585354"
"2226","30631","0","SMET","2026-01-01 11:57:33","L","13.942497","75.58535"
"2226","30631","0","SMET","2026-01-01 11:58:03","L","13.942491","75.585349"
"2226","30631","0","SMET","2026-01-01 11:58:33","L","13.942486","75.58534"
"2226","30631","0","SMET","2026-01-01 11:59:03","L","13.942488","75.585341"
"2226","30631","0","SMET","2026-01-01 11:59:33","L","13.942492","75.585344"
"2226","30631","0","SMET","2026-01-01 12:00:03","L","13.942484","75.585347"
"2226","30631","0","SMET","2026-01-01 12:00:33","L","13.942478","75.585342"
"2226","30631","0","SMET","2026-01-01 12:01:03","L","13.942479","75.585341"
"2226","30631","0","SMET","2026-01-01 12:01:33","L","13.942483","75.585344"
"2226","30631","0","SMET","2026-01-01 12:02:03","L","13.942485","75.58535"
"2226","30631","0","SMET","2026-01-01 12:02:33","L","13.942483","75.58535"
"2226","30631","0","SMET","2026-01-01 12:03:03","L","13.94248","75.585352"
"2226","30631","0","SMET","2026-01-01 12:03:33","L","13.942481","75.585352"
"2226","30631","0","SMET","2026-01-01 12:04:03","L","13.942484","75.585354"
"2226","30631","0","SMET","2026-01-01 12:04:33","L","13.942487","75.585353"
"2226","30631","0","SMET","2026-01-01 12:05:03","L","13.942486","75.585354"
"2226","30631","0","SMET","2026-01-01 12:05:33","L","13.94249","75.585355"
"2226","30631","0","SMET","2026-01-01 12:06:03","L","13.942495","75.585351"
"2226","30631","0","SMET","2026-01-01 12:06:33","L","13.942494","75.585347"
"2226","30631","0","SMET","2026-01-01 12:07:03","L","13.942497","75.585352"
"2226","30631","0","SMET","2026-01-01 12:07:33","L","13.942503","75.585352"
"2226","30631","0","SMET","2026-01-01 12:08:03","L","13.942495","75.585352"
"2226","30631","0","SMET","2026-01-01 12:08:33","L","13.942496","75.585355"
"2226","30631","0","SMET","2026-01-01 12:09:03","L","13.942488","75.585354"
"2226","30631","0","SMET","2026-01-01 12:09:33","L","13.942485","75.585352"
"2226","30631","0","SMET","2026-01-01 12:10:03","L","13.942483","75.585346"
"2226","30631","0","SMET","2026-01-01 12:10:33","L","13.942484","75.58535"
"2226","30631","0","SMET","2026-01-01 12:11:03","L","13.942485","75.585348"
"2226","30631","0","SMET","2026-01-01 12:11:33","L","13.942485","75.585345"
"2226","30631","0","SMET","2026-01-01 12:12:03","L","13.942481","75.585344"
"2226","30631","0","SMET","2026-01-01 12:12:33","L","13.942484","75.585347"
"2226","30631","0","SMET","2026-01-01 12:13:03","L","13.942489","75.585352"
"2226","30631","0","SMET","2026-01-01 12:13:33","L","13.942492","75.585352"
"2226","30631","0","SMET","2026-01-01 12:14:03","L","13.942493","75.585359"
"2226","30631","0","SMET","2026-01-01 12:14:33","L","13.942496","75.585362"
"2226","30631","0","SMET","2026-01-01 12:15:03","L","13.942496","75.585359"
"2226","30631","0","SMET","2026-01-01 12:15:33","L","13.942494","75.585359"
"2226","30631","0","SMET","2026-01-01 12:16:03","L","13.942493","75.585363"
"2226","30631","0","SMET","2026-01-01 12:16:33","L","13.942493","75.585366"
"2226","30631","0","SMET","2026-01-01 12:17:03","L","13.942494","75.585368"
"2226","30631","0","SMET","2026-01-01 12:17:33","L","13.942495","75.585364"
"2226","30631","0","SMET","2026-01-01 12:18:03","L","13.942492","75.585366"
"2226","30631","0","SMET","2026-01-01 12:18:33","L","13.942488","75.585363"
"2226","30631","0","SMET","2026-01-01 12:19:03","L","13.942486","75.58536"
"2226","30631","0","SMET","2026-01-01 12:19:33","L","13.942487","75.585362"
"2226","30631","0","SMET","2026-01-01 12:20:03","L","13.942488","75.585367"
"2226","30631","0","SMET","2026-01-01 12:20:33","L","13.942487","75.585365"
"2226","30631","0","SMET","2026-01-01 12:21:03","L","13.942488","75.585361"
"2226","30631","0","SMET","2026-01-01 12:21:33","L","13.942486","75.585358"
"2226","30631","0","SMET","2026-01-01 12:22:03","L","13.942485","75.585358"
"2226","30631","0","SMET","2026-01-01 12:22:33","L","13.942484","75.58536"
"2226","30631","0","SMET","2026-01-01 12:23:03","L","13.942484","75.585361"
"2226","30631","0","SMET","2026-01-01 12:23:33","L","13.942485","75.585362"
"2226","30631","0","SMET","2026-01-01 12:24:03","L","13.942486","75.585362"
"2226","30631","0","SMET","2026-01-01 12:24:33","L","13.942487","75.585362"
"2226","30631","0","SMET","2026-01-01 12:25:03","L","13.942489","75.585368"
"2226","30631","0","SMET","2026-01-01 12:25:33","L","13.942493","75.585367"
"2226","30631","0","SMET","2026-01-01 12:26:03","L","13.94249","75.585366"
"2226","30631","0","SMET","2026-01-01 12:26:33","L","13.942482","75.585367"
"2226","30631","0","SMET","2026-01-01 12:27:03","L","13.942478","75.585364"
"2226","30631","0","SMET","2026-01-01 12:27:33","L","13.942478","75.585366"
"2226","30631","0","SMET","2026-01-01 12:28:03","L","13.942477","75.585363"
"2226","30631","0","SMET","2026-01-01 12:28:33","L","13.942478","75.585367"
"2226","30631","0","SMET","2026-01-01 12:29:03","L","13.942481","75.585363"
"2226","30631","0","SMET","2026-01-01 12:29:33","L","13.942482","75.585365"
"2226","30631","0","SMET","2026-01-01 12:30:03","L","13.942484","75.585372"
"2226","30631","0","SMET","2026-01-01 12:30:33","L","13.942483","75.585372"
"2226","30631","0","SMET","2026-01-01 12:31:03","L","13.942478","75.585371"
"2226","30631","0","SMET","2026-01-01 12:31:33","L","13.942478","75.585371"
"2226","30631","0","SMET","2026-01-01 12:32:03","L","13.942477","75.585379"
"2226","30631","0","SMET","2026-01-01 12:32:33","L","13.942474","75.585379"
"2226","30631","0","SMET","2026-01-01 12:33:03","L","13.942467","75.585376"
"2226","30631","0","SMET","2026-01-01 12:33:33","L","13.94247","75.585369"
"2226","30631","0","SMET","2026-01-01 12:34:03","L","13.942475","75.585367"
"2226","30631","0","SMET","2026-01-01 12:34:33","L","13.942476","75.58536"
"2226","30631","0","SMET","2026-01-01 12:35:03","L","13.942474","75.585359"
"2226","30631","0","SMET","2026-01-01 12:35:33","L","13.942471","75.585366"
"2226","30631","0","SMET","2026-01-01 12:36:03","L","13.942471","75.585367"
"2226","30631","0","SMET","2026-01-01 12:36:33","L","13.942475","75.58537"
"2226","30631","0","SMET","2026-01-01 12:37:03","L","13.942478","75.585369"
"2226","30631","0","SMET","2026-01-01 12:37:33","L","13.942477","75.585368"
"2226","30631","0","SMET","2026-01-01 12:38:03","L","13.942476","75.585363"
"2226","30631","0","SMET","2026-01-01 12:38:33","L","13.942472","75.585362"
"2226","30631","0","SMET","2026-01-01 12:39:03","L","13.942472","75.585358"
"2226","30631","0","SMET","2026-01-01 12:39:33","L","13.942474","75.585361"
"2226","30631","0","SMET","2026-01-01 12:40:03","L","13.942471","75.585364"
"2226","30631","0","SMET","2026-01-01 12:40:33","L","13.942469","75.585366"
"2226","30631","0","SMET","2026-01-01 12:41:03","L","13.942471","75.585368"
"2226","30631","0","SMET","2026-01-01 12:41:33","L","13.942474","75.585365"
"2226","30631","0","SMET","2026-01-01 12:42:03","L","13.942471","75.585363"
"2226","30631","0","SMET","2026-01-01 12:42:33","L","13.942471","75.585367"
"2226","30631","0","SMET","2026-01-01 12:43:03","L","13.942472","75.585368"
"2226","30631","0","SMET","2026-01-01 12:43:33","L","13.942474","75.585369"
"2226","30631","0","SMET","2026-01-01 12:44:03","L","13.942474","75.585368"
"2226","30631","0","SMET","2026-01-01 12:44:33","L","13.942472","75.585371"
"2226","30631","0","SMET","2026-01-01 12:45:03","L","13.942468","75.585375"
"2226","30631","0","SMET","2026-01-01 12:45:33","L","13.942467","75.585375"
"2226","30631","0","SMET","2026-01-01 12:46:03","L","13.942467","75.585371"
"2226","30631","0","SMET","2026-01-01 12:46:33","L","13.942469","75.585366"
"2226","30631","0","SMET","2026-01-01 12:47:03","L","13.942471","75.585364"
"2226","30631","0","SMET","2026-01-01 12:47:33","L","13.942475","75.585361"
"2226","30631","0","SMET","2026-01-01 12:48:03","L","13.942474","75.585362"
"2226","30631","0","SMET","2026-01-01 12:48:33","L","13.942477","75.585359"
"2226","30631","0","SMET","2026-01-01 12:49:03","L","13.942477","75.585358"
"2226","30631","0","SMET","2026-01-01 12:49:33","L","13.942476","75.58536"
"2226","30631","0","SMET","2026-01-01 12:50:03","L","13.942474","75.585358"
"2226","30631","0","SMET","2026-01-01 12:50:33","L","13.942477","75.585361"
"2226","30631","0","SMET","2026-01-01 12:51:03","L","13.942479","75.585363"
"2226","30631","0","SMET","2026-01-01 12:51:33","L","13.942476","75.585364"
"2226","30631","0","SMET","2026-01-01 12:52:03","L","13.942471","75.585368"
"2226","30631","0","SMET","2026-01-01 12:52:33","L","13.942467","75.585365"
"2226","30631","0","SMET","2026-01-01 12:53:03","L","13.942466","75.585363"
"2226","30631","0","SMET","2026-01-01 12:53:33","L","13.942465","75.585367"
"2226","30631","0","SMET","2026-01-01 12:54:03","L","13.942464","75.585363"
"2226","30631","0","SMET","2026-01-01 12:54:33","L","13.942467","75.585366"
"2226","30631","0","SMET","2026-01-01 12:55:03","L","13.94247","75.585373"
"2226","30631","0","SMET","2026-01-01 12:55:33","L","13.94247","75.585376"
"2226","30631","0","SMET","2026-01-01 12:56:03","L","13.942472","75.58538"
"2226","30631","0","SMET","2026-01-01 12:56:33","L","13.942471","75.585378"
"2226","30631","0","SMET","2026-01-01 12:57:03","L","13.942469","75.585375"
"2226","30631","0","SMET","2026-01-01 12:57:33","L","13.942474","75.585377"
"2226","30631","0","SMET","2026-01-01 12:58:03","L","13.942482","75.585379"
"2226","30631","0","SMET","2026-01-01 12:58:33","L","13.942481","75.58538"
"2226","30631","0","SMET","2026-01-01 12:59:03","L","13.942479","75.585377"
"2226","30631","0","SMET","2026-01-01 12:59:33","L","13.942476","75.585373"
"2226","30631","0","SMET","2026-01-01 13:00:03","L","13.942478","75.585373"
"2226","30631","0","SMET","2026-01-01 13:00:33","L","13.942481","75.58537"
"2226","30631","0","SMET","2026-01-01 13:01:03","L","13.942483","75.58537"
"2226","30631","0","SMET","2026-01-01 13:01:33","L","13.942486","75.585368"
"2226","30631","0","SMET","2026-01-01 13:02:03","L","13.942489","75.585368"
"2226","30631","0","SMET","2026-01-01 13:02:33","L","13.942483","75.585371"
"2226","30631","0","SMET","2026-01-01 13:03:03","L","13.942476","75.585371"
"2226","30631","0","SMET","2026-01-01 13:03:33","L","13.942476","75.585369"
"2226","30631","0","SMET","2026-01-01 13:04:03","L","13.942472","75.585369"
"2226","30631","0","SMET","2026-01-01 13:04:33","L","13.942471","75.585368"
"2226","30631","0","SMET","2026-01-01 13:05:03","L","13.942472","75.585367"
"2226","30631","0","SMET","2026-01-01 13:05:33","L","13.942468","75.585364"
"2226","30631","0","SMET","2026-01-01 13:06:03","L","13.942467","75.585358"
"2226","30631","0","SMET","2026-01-01 13:06:33","L","13.942471","75.58536"
"2226","30631","0","SMET","2026-01-01 13:07:03","L","13.942474","75.585362"
"2226","30631","0","SMET","2026-01-01 13:07:33","L","13.942483","75.585369"
"2226","30631","0","SMET","2026-01-01 13:08:03","L","13.942487","75.585373"
"2226","30631","0","SMET","2026-01-01 13:08:33","L","13.942477","75.585368"
"2226","30631","0","SMET","2026-01-01 13:09:03","L","13.942468","75.585362"
"2226","30631","0","SMET","2026-01-01 13:09:33","L","13.942464","75.585361"
"2226","30631","0","SMET","2026-01-01 13:10:03","L","13.942467","75.585362"
"2226","30631","0","SMET","2026-01-01 13:10:33","L","13.942469","75.585369"
"2226","30631","0","SMET","2026-01-01 13:11:03","L","13.942477","75.585374"
"2226","30631","0","SMET","2026-01-01 13:11:33","L","13.942474","75.585368"
"2226","30631","0","SMET","2026-01-01 13:12:03","L","13.942478","75.585374"
"2226","30631","0","SMET","2026-01-01 13:12:33","L","13.942482","75.585376"
"2226","30631","0","SMET","2026-01-01 13:13:03","L","13.942481","75.585376"
"2226","30631","0","SMET","2026-01-01 13:13:33","L","13.942479","75.58537"
"2226","30631","0","SMET","2026-01-01 13:14:03","L","13.942475","75.585374"
"2226","30631","0","SMET","2026-01-01 13:14:33","L","13.942473","75.585368"
"2226","30631","0","SMET","2026-01-01 13:15:03","L","13.942472","75.585363"
"2226","30631","0","SMET","2026-01-01 13:15:33","L","13.942477","75.585361"
"2226","30631","0","SMET","2026-01-01 13:16:03","L","13.942474","75.58537"
"2226","30631","0","SMET","2026-01-01 13:16:33","L","13.942477","75.585384"
"2226","30631","0","SMET","2026-01-01 13:17:03","L","13.942474","75.585382"
"2226","30631","0","SMET","2026-01-01 13:17:33","L","13.942477","75.58538"
"2226","30631","0","SMET","2026-01-01 13:18:03","L","13.942477","75.585378"
"2226","30631","0","SMET","2026-01-01 13:18:33","L","13.942481","75.585377"
"2226","30631","0","SMET","2026-01-01 13:19:03","L","13.942477","75.585374"
"2226","30631","0","SMET","2026-01-01 13:19:33","L","13.942477","75.585376"
"2226","30631","0","SMET","2026-01-01 13:20:03","L","13.942474","75.585377"
"2226","30631","0","SMET","2026-01-01 13:20:33","L","13.942477","75.58538"
"2226","30631","0","SMET","2026-01-01 13:21:03","L","13.942479","75.58538"
"2226","30631","0","SMET","2026-01-01 13:21:33","L","13.94248","75.585377"
"2226","30631","0","SMET","2026-01-01 13:22:03","L","13.942482","75.585376"
"2226","30631","0","SMET","2026-01-01 13:22:33","L","13.942476","75.58537"
"2226","30631","0","SMET","2026-01-01 13:23:03","L","13.942474","75.585373"
"2226","30631","0","SMET","2026-01-01 13:23:33","L","13.942472","75.585379"
"2226","30631","0","SMET","2026-01-01 13:24:03","L","13.942469","75.585384"
"2226","30631","0","SMET","2026-01-01 13:24:33","L","13.942469","75.585388"
"2226","30631","0","SMET","2026-01-01 13:25:03","L","13.942472","75.585383"
"2226","30631","0","SMET","2026-01-01 13:25:33","L","13.942474","75.585385"
"2226","30631","0","SMET","2026-01-01 13:26:03","L","13.942476","75.585383"
"2226","30631","0","SMET","2026-01-01 13:26:33","L","13.942476","75.585378"
"2226","30631","0","SMET","2026-01-01 13:27:03","L","13.942472","75.585376"
"2226","30631","0","SMET","2026-01-01 13:27:33","L","13.942474","75.585378"
"2226","30631","0","SMET","2026-01-01 13:28:03","L","13.942473","75.585378"
"2226","30631","0","SMET","2026-01-01 13:28:33","L","13.942477","75.585381"
"2226","30631","0","SMET","2026-01-01 13:29:03","L","13.94248","75.585381"
"2226","30631","0","SMET","2026-01-01 13:29:33","L","13.942479","75.58538"
"2226","30631","0","SMET","2026-01-01 13:30:03","L","13.942483","75.585377"
"2226","30631","0","SMET","2026-01-01 13:30:33","L","13.94248","75.585373"
"2226","30631","0","SMET","2026-01-01 13:31:03","L","13.942478","75.585375"
"2226","30631","0","SMET","2026-01-01 13:31:33","L","13.942483","75.585384"
"2226","30631","0","SMET","2026-01-01 13:32:03","L","13.94248","75.585383"
"2226","30631","0","SMET","2026-01-01 13:32:33","L","13.942474","75.585381"
"2226","30631","0","SMET","2026-01-01 13:33:03","L","13.942472","75.585381"
"2226","30631","0","SMET","2026-01-01 13:33:33","L","13.942473","75.585385"
"2226","30631","0","SMET","2026-01-01 13:34:03","L","13.942472","75.585385"
"2226","30631","0","SMET","2026-01-01 13:34:33","L","13.94247","75.585387"
"2226","30631","0","SMET","2026-01-01 13:35:03","L","13.942471","75.585383"
"2226","30631","0","SMET","2026-01-01 13:35:33","L","13.942473","75.585385"
"2226","30631","0","SMET","2026-01-01 13:36:03","L","13.942476","75.585384"
"2226","30631","0","SMET","2026-01-01 13:36:33","L","13.942475","75.58538"
"2226","30631","0","SMET","2026-01-01 13:37:03","L","13.942472","75.585379"
"2226","30631","0","SMET","2026-01-01 13:37:33","L","13.942472","75.585379"
"2226","30631","0","SMET","2026-01-01 13:38:03","L","13.942471","75.58538"
"2226","30631","0","SMET","2026-01-01 13:38:33","L","13.942471","75.585377"
"2226","30631","0","SMET","2026-01-01 13:39:03","L","13.942472","75.585375"
"2226","30631","0","SMET","2026-01-01 13:39:33","L","13.942473","75.585373"
"2226","30631","0","SMET","2026-01-01 13:40:03","L","13.942471","75.585373"
"2226","30631","0","SMET","2026-01-01 13:40:33","L","13.942469","75.585375"
"2226","30631","0","SMET","2026-01-01 13:41:03","L","13.942472","75.585374"
"2226","30631","0","SMET","2026-01-01 13:41:33","L","13.942475","75.585373"
"2226","30631","0","SMET","2026-01-01 13:42:03","L","13.942476","75.585375"
"2226","30631","0","SMET","2026-01-01 13:42:33","L","13.942474","75.585377"
"2226","30631","0","SMET","2026-01-01 13:43:03","L","13.942476","75.585377"
"2226","30631","0","SMET","2026-01-01 13:43:33","L","13.942474","75.585378"
"2226","30631","0","SMET","2026-01-01 13:44:03","L","13.942479","75.585375"
"2226","30631","0","SMET","2026-01-01 13:44:33","L","13.942477","75.585371"
"2226","30631","0","SMET","2026-01-01 13:45:03","L","13.942476","75.585373"
"2226","30631","0","SMET","2026-01-01 13:45:33","L","13.942475","75.585377"
"2226","30631","0","SMET","2026-01-01 13:46:03","L","13.942476","75.585378"
"2226","30631","0","SMET","2026-01-01 13:46:33","L","13.942477","75.585381"
"2226","30631","0","SMET","2026-01-01 13:47:03","L","13.942476","75.585384"
"2226","30631","0","SMET","2026-01-01 13:47:33","L","13.942478","75.585385"
"2226","30631","0","SMET","2026-01-01 13:48:03","L","13.942474","75.585386"
"2226","30631","0","SMET","2026-01-01 13:48:33","L","13.942474","75.585383"
"2226","30631","0","SMET","2026-01-01 13:49:03","L","13.942475","75.585381"
"2226","30631","0","SMET","2026-01-01 13:49:33","L","13.942473","75.58538"
"2226","30631","0","SMET","2026-01-01 13:50:03","L","13.942471","75.585377"
"2226","30631","0","SMET","2026-01-01 13:50:33","L","13.942473","75.585376"
"2226","30631","0","SMET","2026-01-01 13:51:03","L","13.942474","75.585379"
"2226","30631","0","SMET","2026-01-01 13:51:33","L","13.942472","75.585376"
"2226","30631","0","SMET","2026-01-01 13:52:03","L","13.942469","75.585376"
"2226","30631","0","SMET","2026-01-01 13:52:33","L","13.942471","75.585375"
"2226","30631","0","SMET","2026-01-01 13:53:03","L","13.942475","75.585376"
"2226","30631","0","SMET","2026-01-01 13:53:33","L","13.942473","75.585376"
"2226","30631","0","SMET","2026-01-01 13:54:03","L","13.942473","75.585377"
"2226","30631","0","SMET","2026-01-01 13:54:33","L","13.942474","75.585375"
"2226","30631","0","SMET","2026-01-01 13:55:03","L","13.942476","75.585377"
"2226","30631","0","SMET","2026-01-01 13:55:33","L","13.942474","75.585375"
"2226","30631","0","SMET","2026-01-01 13:56:03","L","13.942473","75.585378"
"2226","30631","0","SMET","2026-01-01 13:56:33","L","13.942476","75.585379"
"2226","30631","0","SMET","2026-01-01 13:57:03","L","13.942472","75.585381"
"2226","30631","0","SMET","2026-01-01 13:57:33","L","13.942469","75.585383"
"2226","30631","0","SMET","2026-01-01 13:58:03","L","13.942474","75.585382"
"2226","30631","0","SMET","2026-01-01 13:58:33","L","13.942476","75.58538"
"2226","30631","0","SMET","2026-01-01 13:59:03","L","13.942477","75.585378"
"2226","30631","0","SMET","2026-01-01 13:59:33","L","13.942476","75.585371"
"2226","30631","0","SMET","2026-01-01 14:00:03","L","13.942478","75.585372"
"2226","30631","0","SMET","2026-01-01 14:00:33","L","13.94248","75.585373"
"2226","30631","0","SMET","2026-01-01 14:01:03","L","13.94248","75.585368"
"2226","30631","0","SMET","2026-01-01 14:01:33","L","13.942479","75.585371"
"2226","30631","0","SMET","2026-01-01 14:02:03","L","13.94248","75.585371"
"2226","30631","0","SMET","2026-01-01 14:02:33","L","13.942481","75.585371"
"2226","30631","0","SMET","2026-01-01 14:03:03","L","13.942479","75.585369"
"2226","30631","0","SMET","2026-01-01 14:03:33","L","13.942476","75.585365"
"2226","30631","0","SMET","2026-01-01 14:04:03","L","13.942474","75.58536"
"2226","30631","0","SMET","2026-01-01 14:04:33","L","13.942477","75.58536"
"2226","30631","0","SMET","2026-01-01 14:05:03","L","13.942476","75.585368"
"2226","30631","0","SMET","2026-01-01 14:05:33","L","13.942474","75.585366"
"2226","30631","0","SMET","2026-01-01 14:06:03","L","13.942471","75.585364"
"2226","30631","0","SMET","2026-01-01 14:06:33","L","13.94247","75.585365"
"2226","30631","0","SMET","2026-01-01 14:07:03","L","13.94247","75.585369"
"2226","30631","0","SMET","2026-01-01 14:07:33","L","13.942466","75.585365"
"2226","30631","0","SMET","2026-01-01 14:08:03","L","13.942464","75.585363"
"2226","30631","0","SMET","2026-01-01 14:08:33","L","13.942471","75.585368"
"2226","30631","0","SMET","2026-01-01 14:09:03","L","13.94247","75.58537"
"2226","30631","0","SMET","2026-01-01 14:09:33","L","13.942472","75.585371"
"2226","30631","0","SMET","2026-01-01 14:10:03","L","13.942473","75.585375"
"2226","30631","0","SMET","2026-01-01 14:10:33","L","13.942474","75.585373"
"2226","30631","0","SMET","2026-01-01 14:11:03","L","13.942477","75.585371"
"2226","30631","0","SMET","2026-01-01 14:11:33","L","13.942481","75.585381"
"2226","30631","0","SMET","2026-01-01 14:12:03","L","13.942481","75.585384"
"2226","30631","0","SMET","2026-01-01 14:12:33","L","13.942478","75.585381"
"2226","30631","0","SMET","2026-01-01 14:13:03","L","13.942474","75.58538"
"2226","30631","0","SMET","2026-01-01 14:13:33","L","13.942477","75.585378"
"2226","30631","0","SMET","2026-01-01 14:14:03","L","13.942474","75.585374"
"2226","30631","0","SMET","2026-01-01 14:14:33","L","13.942475","75.585376"
"2226","30631","0","SMET","2026-01-01 14:15:03","L","13.942477","75.585375"
"2226","30631","0","SMET","2026-01-01 14:15:33","L","13.942474","75.585375"
"2226","30631","0","SMET","2026-01-01 14:16:03","L","13.942474","75.585372"
"2226","30631","0","SMET","2026-01-01 14:16:33","L","13.942471","75.58537"
"2226","30631","0","SMET","2026-01-01 14:17:03","L","13.942469","75.58537"
"2226","30631","0","SMET","2026-01-01 14:17:33","L","13.942471","75.58537"
"2226","30631","0","SMET","2026-01-01 14:18:03","L","13.942471","75.585373"
"2226","30631","0","SMET","2026-01-01 14:18:33","L","13.942466","75.585375"
"2226","30631","0","SMET","2026-01-01 14:19:03","L","13.942465","75.585376"
"2226","30631","0","SMET","2026-01-01 14:19:33","L","13.942465","75.585377"
"2226","30631","0","SMET","2026-01-01 14:20:03","L","13.942467","75.585377"
"2226","30631","0","SMET","2026-01-01 14:20:33","L","13.942467","75.585376"
"2226","30631","0","SMET","2026-01-01 14:21:03","L","13.942466","75.585379"
"2226","30631","0","SMET","2026-01-01 14:21:33","L","13.942463","75.585379"
"2226","30631","0","SMET","2026-01-01 14:22:03","L","13.942467","75.585377"
"2226","30631","0","SMET","2026-01-01 14:22:33","L","13.942471","75.585379"
"2226","30631","0","SMET","2026-01-01 14:23:03","L","13.942476","75.585381"
"2226","30631","0","SMET","2026-01-01 14:23:33","L","13.942475","75.585381"
"2226","30631","0","SMET","2026-01-01 14:24:03","L","13.942469","75.585378"
"2226","30631","0","SMET","2026-01-01 14:24:33","L","13.942471","75.585376"
"2226","30631","0","SMET","2026-01-01 14:25:03","L","13.942466","75.585372"
"2226","30631","0","SMET","2026-01-01 14:25:33","L","13.942466","75.585364"
"2226","30631","0","SMET","2026-01-01 14:26:03","L","13.942464","75.585368"
"2226","30631","0","SMET","2026-01-01 14:26:33","L","13.94246","75.585372"
"2226","30631","0","SMET","2026-01-01 14:27:03","L","13.942461","75.585372"
"2226","30631","0","SMET","2026-01-01 14:27:33","L","13.942464","75.58537"
"2226","30631","0","SMET","2026-01-01 14:28:03","L","13.942461","75.585363"
"2226","30631","0","SMET","2026-01-01 14:28:33","L","13.942457","75.585362"
"2226","30631","0","SMET","2026-01-01 14:29:03","L","13.942462","75.585364"
"2226","30631","0","SMET","2026-01-01 14:29:33","L","13.942466","75.585368"
"2226","30631","0","SMET","2026-01-01 14:30:03","L","13.942466","75.585367"
"2226","30631","0","SMET","2026-01-01 14:30:33","L","13.942461","75.585364"
"2226","30631","0","SMET","2026-01-01 14:31:03","L","13.94246","75.58536"
"2226","30631","0","SMET","2026-01-01 14:31:33","L","13.942458","75.585362"
"2226","30631","0","SMET","2026-01-01 14:32:03","L","13.942466","75.585363"
"2226","30631","0","SMET","2026-01-01 14:32:33","L","13.942469","75.585364"
"2226","30631","0","SMET","2026-01-01 14:33:03","L","13.942467","75.58536"
"2226","30631","0","SMET","2026-01-01 14:33:33","L","13.942464","75.585354"
"2226","30631","0","SMET","2026-01-01 14:34:03","L","13.942461","75.585351"
"2226","30631","0","SMET","2026-01-01 14:34:33","L","13.942456","75.585349"
"2226","30631","0","SMET","2026-01-01 14:35:03","L","13.94246","75.585351"
"2226","30631","0","SMET","2026-01-01 14:35:33","L","13.942464","75.585353"
"2226","30631","0","SMET","2026-01-01 14:36:03","L","13.942465","75.585356"
"2226","30631","0","SMET","2026-01-01 14:36:33","L","13.942466","75.585358"
"2226","30631","0","SMET","2026-01-01 14:37:03","L","13.942467","75.585356"
"2226","30631","0","SMET","2026-01-01 14:37:33","L","13.942465","75.585354"
"2226","30631","0","SMET","2026-01-01 14:38:03","L","13.942467","75.585354"
"2226","30631","0","SMET","2026-01-01 14:38:33","L","13.942467","75.585358"
"2226","30631","0","SMET","2026-01-01 14:39:03","L","13.942466","75.585358"
"2226","30631","0","SMET","2026-01-01 14:39:33","L","13.94246","75.585352"
"2226","30631","0","SMET","2026-01-01 14:40:03","L","13.942455","75.58534"
"2226","30631","0","SMET","2026-01-01 14:40:33","L","13.94246","75.585353"
"2226","30631","0","SMET","2026-01-01 14:41:03","L","13.94246","75.585359"
"2226","30631","0","SMET","2026-01-01 14:41:33","L","13.942458","75.585356"
"2226","30631","0","SMET","2026-01-01 14:42:03","L","13.942458","75.585357"
"2226","30631","0","SMET","2026-01-01 14:42:33","L","13.942456","75.585361"
"2226","30631","0","SMET","2026-01-01 14:43:03","L","13.942455","75.585362"
"2226","30631","0","SMET","2026-01-01 14:43:33","L","13.942457","75.585355"
"2226","30631","0","SMET","2026-01-01 14:44:03","L","13.942466","75.58536"
"2226","30631","0","SMET","2026-01-01 14:44:33","L","13.942468","75.58536"
"2226","30631","0","SMET","2026-01-01 14:45:03","L","13.94247","75.585365"
"2226","30631","0","SMET","2026-01-01 14:45:33","L","13.942472","75.58536"
"2226","30631","0","SMET","2026-01-01 14:46:03","L","13.942472","75.585358"
"2226","30631","0","SMET","2026-01-01 14:46:33","L","13.94247","75.585353"
"2226","30631","0","SMET","2026-01-01 14:47:03","L","13.942466","75.585355"
"2226","30631","0","SMET","2026-01-01 14:47:33","L","13.942468","75.585354"
"2226","30631","0","SMET","2026-01-01 14:48:03","L","13.942472","75.585356"
"2226","30631","0","SMET","2026-01-01 14:48:33","L","13.942475","75.585352"
"2226","30631","0","SMET","2026-01-01 14:49:03","L","13.942468","75.585352"
"2226","30631","0","SMET","2026-01-01 14:49:33","L","13.942468","75.585355"
"2226","30631","0","SMET","2026-01-01 14:50:03","L","13.942471","75.585354"
"2226","30631","0","SMET","2026-01-01 14:50:33","L","13.942469","75.585351"
"2226","30631","0","SMET","2026-01-01 14:51:03","L","13.942466","75.585357"
"2226","30631","0","SMET","2026-01-01 14:51:33","L","13.942466","75.585369"
"2226","30631","0","SMET","2026-01-01 14:52:03","L","13.942469","75.585365"
"2226","30631","0","SMET","2026-01-01 14:52:33","L","13.942466","75.585357"
"2226","30631","0","SMET","2026-01-01 14:53:03","L","13.942466","75.585358"
"2226","30631","0","SMET","2026-01-01 14:53:33","L","13.942462","75.585364"
"2226","30631","0","SMET","2026-01-01 14:54:03","L","13.942467","75.585368"
"2226","30631","0","SMET","2026-01-01 14:54:33","L","13.942472","75.585366"
"2226","30631","0","SMET","2026-01-01 14:55:03","L","13.942469","75.585371"
"2226","30631","0","SMET","2026-01-01 14:55:33","L","13.942463","75.585371"
"2226","30631","0","SMET","2026-01-01 14:56:03","L","13.942466","75.58537"
"2226","30631","0","SMET","2026-01-01 14:56:33","L","13.942468","75.585368"
"2226","30631","0","SMET","2026-01-01 14:57:03","L","13.942473","75.585357"
"2226","30631","0","SMET","2026-01-01 14:57:33","L","13.942474","75.585354"
"2226","30631","0","SMET","2026-01-01 14:58:03","L","13.942467","75.585355"
"2226","30631","0","SMET","2026-01-01 14:58:33","L","13.942464","75.58536"
"2226","30631","0","SMET","2026-01-01 14:59:03","L","13.942467","75.585355"
"2226","30631","0","SMET","2026-01-01 14:59:33","L","13.942469","75.585355"
"2226","30631","0","SMET","2026-01-01 15:00:03","L","13.942471","75.585353"
"2226","30631","0","SMET","2026-01-01 15:00:33","L","13.942476","75.585353"
"2226","30631","0","SMET","2026-01-01 15:01:03","L","13.942476","75.585352"
"2226","30631","0","SMET","2026-01-01 15:01:33","L","13.942467","75.585362"
"2226","30631","0","SMET","2026-01-01 15:02:03","L","13.942466","75.585365"
"2226","30631","0","SMET","2026-01-01 15:02:33","L","13.942467","75.585367"
"2226","30631","0","SMET","2026-01-01 15:03:03","L","13.942467","75.58537"
"2226","30631","0","SMET","2026-01-01 15:03:33","L","13.942468","75.585371"
"2226","30631","0","SMET","2026-01-01 15:04:03","L","13.942471","75.585375"
"2226","30631","0","SMET","2026-01-01 15:04:33","L","13.942477","75.585367"
"2226","30631","0","SMET","2026-01-01 15:05:03","L","13.942473","75.585359"
"2226","30631","0","SMET","2026-01-01 15:05:33","L","13.942473","75.585361"
"2226","30631","0","SMET","2026-01-01 15:06:03","L","13.942473","75.585363"
"2226","30631","0","SMET","2026-01-01 15:06:33","L","13.942474","75.585358"
"2226","30631","0","SMET","2026-01-01 15:07:03","L","13.942463","75.585358"
"2226","30631","0","SMET","2026-01-01 15:07:33","L","13.942464","75.585347"
"2226","30631","0","SMET","2026-01-01 15:08:03","L","13.942465","75.585345"
"2226","30631","0","SMET","2026-01-01 15:08:33","L","13.942466","75.585348"
"2226","30631","0","SMET","2026-01-01 15:09:03","L","13.942475","75.585349"
"2226","30631","0","SMET","2026-01-01 15:09:33","L","13.94247","75.585357"
"2226","30631","0","SMET","2026-01-01 15:10:03","L","13.942473","75.585359"
"2226","30631","0","SMET","2026-01-01 15:10:33","L","13.94247","75.585363"
"2226","30631","0","SMET","2026-01-01 15:11:03","L","13.942464","75.58536"
"2226","30631","0","SMET","2026-01-01 15:11:33","L","13.942466","75.585362"
"2226","30631","0","SMET","2026-01-01 15:12:03","L","13.942464","75.58537"
"2226","30631","0","SMET","2026-01-01 15:12:33","L","13.942469","75.585369"
"2226","30631","0","SMET","2026-01-01 15:13:03","L","13.94247","75.58537"
"2226","30631","0","SMET","2026-01-01 15:13:33","L","13.942474","75.585364"
"2226","30631","0","SMET","2026-01-01 15:14:03","L","13.94247","75.585358"
"2226","30631","0","SMET","2026-01-01 15:14:33","L","13.942471","75.585357"
"2226","30631","0","SMET","2026-01-01 15:15:03","L","13.942472","75.585359"
"2226","30631","0","SMET","2026-01-01 15:15:33","L","13.942473","75.585367"
"2226","30631","0","SMET","2026-01-01 15:16:03","L","13.942472","75.585377"
"2226","30631","0","SMET","2026-01-01 15:16:33","L","13.942473","75.585381"
"2226","30631","0","SMET","2026-01-01 15:17:03","L","13.942471","75.585381"
"2226","30631","0","SMET","2026-01-01 15:17:33","L","13.942469","75.585379"
"2226","30631","0","SMET","2026-01-01 15:18:03","L","13.942471","75.585376"
"2226","30631","0","SMET","2026-01-01 15:18:33","L","13.942478","75.58538"
"2226","30631","0","SMET","2026-01-01 15:19:03","L","13.942476","75.585381"
"2226","30631","0","SMET","2026-01-01 15:19:33","L","13.942473","75.585385"
"2226","30631","0","SMET","2026-01-01 15:20:03","L","13.94247","75.585381"
"2226","30631","0","SMET","2026-01-01 15:20:33","L","13.942467","75.58538"
"2226","30631","0","SMET","2026-01-01 15:21:03","L","13.942472","75.585382"
"2226","30631","0","SMET","2026-01-01 15:21:33","L","13.942473","75.585382"
"2226","30631","0","SMET","2026-01-01 15:22:03","L","13.94247","75.585386"
"2226","30631","0","SMET","2026-01-01 15:22:33","L","13.942474","75.585379"
"2226","30631","0","SMET","2026-01-01 15:23:03","L","13.942473","75.585379"
"2226","30631","0","SMET","2026-01-01 15:23:33","L","13.942476","75.585376"
"2226","30631","0","SMET","2026-01-01 15:24:03","L","13.942477","75.585371"
"2226","30631","0","SMET","2026-01-01 15:24:34","L","13.942482","75.585369"
"2226","30631","0","SMET","2026-01-01 15:25:04","L","13.942473","75.585373"
"2226","30631","0","SMET","2026-01-01 15:25:34","L","13.942471","75.585371"
"2226","30631","0","SMET","2026-01-01 15:26:04","L","13.942471","75.585368"
"2226","30631","0","SMET","2026-01-01 15:26:34","L","13.942468","75.585372"
"2226","30631","0","SMET","2026-01-01 15:27:04","L","13.942473","75.585375"
"2226","30631","0","SMET","2026-01-01 15:27:34","L","13.942475","75.58538"
"2226","30631","0","SMET","2026-01-01 15:28:04","L","13.942477","75.585377"
"2226","30631","0","SMET","2026-01-01 15:28:34","L","13.942478","75.585366"
"2226","30631","0","SMET","2026-01-01 15:29:04","L","13.942477","75.58537"
"2226","30631","0","SMET","2026-01-01 15:29:34","L","13.94248","75.58537"
"2226","30631","0","SMET","2026-01-01 15:30:04","L","13.942487","75.585374"
"2226","30631","0","SMET","2026-01-01 15:30:34","L","13.942493","75.585373"
"2226","30631","0","SMET","2026-01-01 15:31:04","L","13.942484","75.585368"
"2226","30631","0","SMET","2026-01-01 15:31:34","L","13.942479","75.585371"
"2226","30631","0","SMET","2026-01-01 15:32:04","L","13.942477","75.585371"
"2226","30631","0","SMET","2026-01-01 15:32:34","L","13.942478","75.585368"
"2226","30631","0","SMET","2026-01-01 15:33:04","L","13.942486","75.585372"
"2226","30631","0","SMET","2026-01-01 15:33:34","L","13.942488","75.585376"
"2226","30631","0","SMET","2026-01-01 15:34:04","L","13.942479","75.585379"
"2226","30631","0","SMET","2026-01-01 15:34:34","L","13.942477","75.585382"
"2226","30631","0","SMET","2026-01-01 15:35:04","L","13.942469","75.585375"
"2226","30631","0","SMET","2026-01-01 15:35:34","L","13.942477","75.585365"
"2226","30631","0","SMET","2026-01-01 15:36:04","L","13.942481","75.585369"
"2226","30631","0","SMET","2026-01-01 15:36:34","L","13.942476","75.585369"
"2226","30631","0","SMET","2026-01-01 15:37:04","L","13.942476","75.585365"
"2226","30631","0","SMET","2026-01-01 15:37:34","L","13.942473","75.585357"
"2226","30631","0","SMET","2026-01-01 15:38:04","L","13.942475","75.585354"
"2226","30631","0","SMET","2026-01-01 15:38:34","L","13.942476","75.585364"
"2226","30631","0","SMET","2026-01-01 15:39:04","L","13.942478","75.585373"
"2226","30631","0","SMET","2026-01-01 15:39:34","L","13.942479","75.585371"
"2226","30631","0","SMET","2026-01-01 15:40:04","L","13.942486","75.585372"
"2226","30631","0","SMET","2026-01-01 15:40:34","L","13.942486","75.585373"
"2226","30631","0","SMET","2026-01-01 15:41:04","L","13.942485","75.585379"
"2226","30631","0","SMET","2026-01-01 15:41:34","L","13.942473","75.585378"
"2226","30631","0","SMET","2026-01-01 15:42:04","L","13.942476","75.585382"
"2226","30631","0","SMET","2026-01-01 15:42:34","L","13.942476","75.585381"
"2226","30631","0","SMET","2026-01-01 15:43:04","L","13.942477","75.585377"
"2226","30631","0","SMET","2026-01-01 15:43:34","L","13.942478","75.585371"
"2226","30631","0","SMET","2026-01-01 15:44:04","L","13.942481","75.585375"
"2226","30631","0","SMET","2026-01-01 15:44:34","L","13.942481","75.585375"
"2226","30631","0","SMET","2026-01-01 15:45:04","L","13.942476","75.585367"
"2226","30631","0","SMET","2026-01-01 15:45:34","L","13.942474","75.585362"
"2226","30631","0","SMET","2026-01-01 15:46:04","L","13.942466","75.585364"
"2226","30631","0","SMET","2026-01-01 15:46:34","L","13.942466","75.585372"
"2226","30631","0","SMET","2026-01-01 15:47:04","L","13.942464","75.585372"
"2226","30631","0","SMET","2026-01-01 15:47:34","L","13.942471","75.585378"
"2226","30631","0","SMET","2026-01-01 15:48:04","L","13.942476","75.585381"
"2226","30631","0","SMET","2026-01-01 15:48:34","L","13.942483","75.585382"
"2226","30631","0","SMET","2026-01-01 15:49:04","L","13.94248","75.585382"
"2226","30631","0","SMET","2026-01-01 15:49:34","L","13.942473","75.585382"
"2226","30631","0","SMET","2026-01-01 15:50:04","L","13.942468","75.585381"
"2226","30631","0","SMET","2026-01-01 15:50:34","L","13.942471","75.585375"
"2226","30631","0","SMET","2026-01-01 15:51:04","L","13.942473","75.585376"
"2226","30631","0","SMET","2026-01-01 15:51:34","L","13.942478","75.585372"
"2226","30631","0","SMET","2026-01-01 15:52:04","L","13.942478","75.585373"
"2226","30631","0","SMET","2026-01-01 15:52:34","L","13.942472","75.585372"
"2226","30631","0","SMET","2026-01-01 15:53:04","L","13.942473","75.58537"
"2226","30631","0","SMET","2026-01-01 15:53:34","L","13.942477","75.585371"
"2226","30631","0","SMET","2026-01-01 15:54:04","L","13.942476","75.585374"
"2226","30631","0","SMET","2026-01-01 15:54:34","L","13.942481","75.585369"
"2226","30631","0","SMET","2026-01-01 15:55:04","L","13.94248","75.585371"
"2226","30631","0","SMET","2026-01-01 15:55:35","L","13.942482","75.585378"
"2226","30631","0","SMET","2026-01-01 15:56:05","L","13.942488","75.585376"
"2226","30631","0","SMET","2026-01-01 15:56:35","L","13.942493","75.585376"
"2226","30631","0","SMET","2026-01-01 15:57:05","L","13.942489","75.585372"
"2226","30631","0","SMET","2026-01-01 15:57:35","L","13.942481","75.585376"
"2226","30631","0","SMET","2026-01-01 15:58:05","L","13.942484","75.58537"
"2226","30631","0","SMET","2026-01-01 15:58:35","L","13.942488","75.585373"
"2226","30631","0","SMET","2026-01-01 15:59:05","L","13.942481","75.585367"
"2226","30631","0","SMET","2026-01-01 15:59:35","L","13.942478","75.58536"
"2226","30631","0","SMET","2026-01-01 16:00:05","L","13.942478","75.585358"
"2226","30631","0","SMET","2026-01-01 16:00:35","L","13.942482","75.585364"
"2226","30631","0","SMET","2026-01-01 16:01:05","L","13.942482","75.585374"
"2226","30631","0","SMET","2026-01-01 16:01:35","L","13.942485","75.585373"
"2226","30631","0","SMET","2026-01-01 16:02:05","L","13.942487","75.585371"
"2226","30631","0","SMET","2026-01-01 16:02:35","L","13.942487","75.585368"
"2226","30631","0","SMET","2026-01-01 16:03:05","L","13.942482","75.585371"
"2226","30631","0","SMET","2026-01-01 16:03:35","L","13.942481","75.585369"
"2226","30631","0","SMET","2026-01-01 16:04:05","L","13.942482","75.585366"
"2226","30631","0","SMET","2026-01-01 16:04:35","L","13.942491","75.585373"
"2226","30631","0","SMET","2026-01-01 16:05:05","L","13.942483","75.585372"
"2226","30631","0","SMET","2026-01-01 16:05:35","L","13.942491","75.585367"
"2226","30631","0","SMET","2026-01-01 16:06:05","L","13.942491","75.585368"
"2226","30631","0","SMET","2026-01-01 16:06:35","L","13.942492","75.585365"
"2226","30631","0","SMET","2026-01-01 16:07:05","L","13.942489","75.585363"
"2226","30631","0","SMET","2026-01-01 16:07:35","L","13.942487","75.585368"
"2226","30631","0","SMET","2026-01-01 16:08:05","L","13.942484","75.585367"
"2226","30631","0","SMET","2026-01-01 16:08:35","L","13.94248","75.585375"
"2226","30631","0","SMET","2026-01-01 16:09:05","L","13.942478","75.585377"
"2226","30631","0","SMET","2026-01-01 16:09:35","L","13.942479","75.585375"
"2226","30631","0","SMET","2026-01-01 16:10:05","L","13.942479","75.585372"
"2226","30631","0","SMET","2026-01-01 16:10:35","L","13.942477","75.585368"
"2226","30631","0","SMET","2026-01-01 16:11:05","L","13.942472","75.585356"
"2226","30631","0","SMET","2026-01-01 16:11:35","L","13.942474","75.585345"
"2226","30631","0","SMET","2026-01-01 16:12:05","L","13.942472","75.585348"
"2226","30631","0","SMET","2026-01-01 16:12:35","L","13.942468","75.585355"
"2226","30631","0","SMET","2026-01-01 16:13:05","L","13.942471","75.58536"
"2226","30631","0","SMET","2026-01-01 16:13:35","L","13.94248","75.585359"
"2226","30631","0","SMET","2026-01-01 16:14:05","L","13.942484","75.585357"
"2226","30631","0","SMET","2026-01-01 16:14:35","L","13.942483","75.585352"
"2226","30631","0","SMET","2026-01-01 16:15:05","L","13.94248","75.58535"
"2226","30631","0","SMET","2026-01-01 16:15:35","L","13.94248","75.585351"
"2226","30631","0","SMET","2026-01-01 16:16:05","L","13.942477","75.585343"
"2226","30631","0","SMET","2026-01-01 16:16:35","L","13.942485","75.585345"
"2226","30631","0","SMET","2026-01-01 16:17:05","L","13.942486","75.585352"
"2226","30631","0","SMET","2026-01-01 16:17:35","L","13.942481","75.585354"
"2226","30631","0","SMET","2026-01-01 16:18:05","L","13.942482","75.585354"
"2226","30631","0","SMET","2026-01-01 16:18:35","L","13.942483","75.58536"
"2226","30631","0","SMET","2026-01-01 16:19:05","L","13.942485","75.585356"
"2226","30631","0","SMET","2026-01-01 16:19:35","L","13.942482","75.58535"
"2226","30631","0","SMET","2026-01-01 16:20:05","L","13.942485","75.585348"
"2226","30631","0","SMET","2026-01-01 16:20:35","L","13.942479","75.585346"
"2226","30631","0","SMET","2026-01-01 16:21:05","L","13.942467","75.585356"
"2226","30631","0","SMET","2026-01-01 16:21:35","L","13.942469","75.585367"
"2226","30631","0","SMET","2026-01-01 16:22:05","L","13.942471","75.585372"
"2226","30631","0","SMET","2026-01-01 16:22:35","L","13.94247","75.585375"
"2226","30631","0","SMET","2026-01-01 16:23:05","L","13.942469","75.58538"
"2226","30631","0","SMET","2026-01-01 16:23:35","L","13.94247","75.585376"
"2226","30631","0","SMET","2026-01-01 16:24:05","L","13.94247","75.585361"
"2226","30631","0","SMET","2026-01-01 16:24:35","L","13.942474","75.585352"
"2226","30631","0","SMET","2026-01-01 16:25:05","L","13.94247","75.585351"
"2226","30631","0","SMET","2026-01-01 16:25:35","L","13.942474","75.585355"
"2226","30631","0","SMET","2026-01-01 16:26:05","L","13.942472","75.585357"
"2226","30631","0","SMET","2026-01-01 16:26:35","L","13.942475","75.585358"
"2226","30631","0","SMET","2026-01-01 16:27:05","L","13.942472","75.585354"
"2226","30631","0","SMET","2026-01-01 16:27:35","L","13.942472","75.585349"
"2226","30631","0","SMET","2026-01-01 16:28:05","L","13.942476","75.585344"
"2226","30631","0","SMET","2026-01-01 16:28:35","L","13.942477","75.585347"
"2226","30631","0","SMET","2026-01-01 16:29:05","L","13.942477","75.585352"
"2226","30631","0","SMET","2026-01-01 16:29:35","L","13.942481","75.585355"
"2226","30631","0","SMET","2026-01-01 16:30:05","L","13.942482","75.585352"
"2226","30631","0","SMET","2026-01-01 16:30:35","L","13.942482","75.58535"
"2226","30631","0","SMET","2026-01-01 16:31:05","L","13.94248","75.585352"
"2226","30631","0","SMET","2026-01-01 16:31:35","L","13.94248","75.585354"
"2226","30631","0","SMET","2026-01-01 16:32:05","L","13.942479","75.585352"
"2226","30631","0","SMET","2026-01-01 16:32:35","L","13.942479","75.585352"
"2226","30631","0","SMET","2026-01-01 16:33:05","L","13.942477","75.585358"
"2226","30631","0","SMET","2026-01-01 16:33:35","L","13.942471","75.585356"
"2226","30631","0","SMET","2026-01-01 16:34:05","L","13.942477","75.585346"
"2226","30631","0","SMET","2026-01-01 16:34:35","L","13.942476","75.585349"
"2226","30631","0","SMET","2026-01-01 16:35:05","L","13.942469","75.58536"
"2226","30631","0","SMET","2026-01-01 16:35:35","L","13.942464","75.585365"
"2226","30631","0","SMET","2026-01-01 16:36:05","L","13.942459","75.585361"
"2226","30631","0","SMET","2026-01-01 16:36:35","L","13.942461","75.585362"
"2226","30631","0","SMET","2026-01-01 16:37:05","L","13.942463","75.585364"
"2226","30631","0","SMET","2026-01-01 16:37:35","L","13.942466","75.585361"
"2226","30631","0","SMET","2026-01-01 16:38:05","L","13.942465","75.585358"
"2226","30631","0","SMET","2026-01-01 16:38:35","L","13.942465","75.58536"
"2226","30631","0","SMET","2026-01-01 16:39:05","L","13.942466","75.585362"
"2226","30631","0","SMET","2026-01-01 16:39:35","L","13.942467","75.585364"
"2226","30631","0","SMET","2026-01-01 16:40:05","L","13.942468","75.585362"
"2226","30631","0","SMET","2026-01-01 16:40:35","L","13.94247","75.585356"
"2226","30631","0","SMET","2026-01-01 16:41:05","L","13.942467","75.585357"
"2226","30631","0","SMET","2026-01-01 16:41:35","L","13.942469","75.585356"
"2226","30631","0","SMET","2026-01-01 16:42:05","L","13.942465","75.585355"
"2226","30631","0","SMET","2026-01-01 16:42:35","L","13.942463","75.585348"
"2226","30631","0","SMET","2026-01-01 16:43:05","L","13.942465","75.58534"
"2226","30631","0","SMET","2026-01-01 16:43:35","L","13.942464","75.585345"
"2226","30631","0","SMET","2026-01-01 16:44:05","L","13.942463","75.585352"
"2226","30631","0","SMET","2026-01-01 16:44:35","L","13.942466","75.585359"
"2226","30631","0","SMET","2026-01-01 16:45:05","L","13.942461","75.585355"
"2226","30631","0","SMET","2026-01-01 16:45:35","L","13.942456","75.585348"
"2226","30631","0","SMET","2026-01-01 16:46:05","L","13.942456","75.585351"
"2226","30631","0","SMET","2026-01-01 16:46:35","L","13.94246","75.585351"
"2226","30631","0","SMET","2026-01-01 16:47:05","L","13.942461","75.585344"
"2226","30631","0","SMET","2026-01-01 16:47:35","L","13.942462","75.585348"
"2226","30631","0","SMET","2026-01-01 16:48:05","L","13.94246","75.585345"
"2226","30631","0","SMET","2026-01-01 16:48:35","L","13.942462","75.585348"
"2226","30631","0","SMET","2026-01-01 16:49:05","L","13.942462","75.585349"
"2226","30631","0","SMET","2026-01-01 16:49:35","L","13.942468","75.585356"
"2226","30631","0","SMET","2026-01-01 16:50:05","L","13.942466","75.58536"
"2226","30631","0","SMET","2026-01-01 16:50:35","L","13.942466","75.585358"
"2226","30631","0","SMET","2026-01-01 16:51:05","L","13.942466","75.585363"
"2226","30631","0","SMET","2026-01-01 16:51:35","L","13.942464","75.585359"
"2226","30631","0","SMET","2026-01-01 16:52:05","L","13.942468","75.585353"
"2226","30631","0","SMET","2026-01-01 16:52:35","L","13.942468","75.585358"
"2226","30631","0","SMET","2026-01-01 16:53:05","L","13.942462","75.585352"
"2226","30631","0","SMET","2026-01-01 16:53:35","L","13.942463","75.585351"
"2226","30631","0","SMET","2026-01-01 16:54:05","L","13.942469","75.585352"
"2226","30631","0","SMET","2026-01-01 16:54:35","L","13.942471","75.585352"
"2226","30631","0","SMET","2026-01-01 16:55:05","L","13.942468","75.585354"
"2226","30631","0","SMET","2026-01-01 16:55:35","L","13.942469","75.585353"
"2226","30631","0","SMET","2026-01-01 16:56:05","L","13.942471","75.585359"
"2226","30631","0","SMET","2026-01-01 16:56:35","L","13.942467","75.585351"
"2226","30631","0","SMET","2026-01-01 16:57:05","L","13.942465","75.585351"
"2226","30631","0","SMET","2026-01-01 16:57:35","L","13.942465","75.585344"
"2226","30631","0","SMET","2026-01-01 16:58:06","L","13.942464","75.585343"
"2226","30631","0","SMET","2026-01-01 16:58:36","L","13.942461","75.585341"
"2226","30631","0","SMET","2026-01-01 16:59:06","L","13.942468","75.585338"
"2226","30631","0","SMET","2026-01-01 16:59:36","L","13.942471","75.585335"
"2226","30631","0","SMET","2026-01-01 17:00:06","L","13.94247","75.58534"
"2226","30631","0","SMET","2026-01-01 17:00:36","L","13.942469","75.585342"
"2226","30631","0","SMET","2026-01-01 17:01:06","L","13.942474","75.585344"
"2226","30631","0","SMET","2026-01-01 17:01:36","L","13.942471","75.585351"
"2226","30631","0","SMET","2026-01-01 17:02:06","L","13.942472","75.585353"
"2226","30631","0","SMET","2026-01-01 17:02:36","L","13.942472","75.585352"
"2226","30631","0","SMET","2026-01-01 17:03:06","L","13.942473","75.585351"
"2226","30631","0","SMET","2026-01-01 17:03:36","L","13.942472","75.585352"
"2226","30631","0","SMET","2026-01-01 17:04:06","L","13.942471","75.585352"
"2226","30631","0","SMET","2026-01-01 17:04:36","L","13.942468","75.585349"
"2226","30631","0","SMET","2026-01-01 17:05:06","L","13.942468","75.585352"
"2226","30631","0","SMET","2026-01-01 17:05:36","L","13.942469","75.585353"
"2226","30631","0","SMET","2026-01-01 17:06:06","L","13.942471","75.585357"
"2226","30631","0","SMET","2026-01-01 17:06:36","L","13.942469","75.58536"
"2226","30631","0","SMET","2026-01-01 17:07:06","L","13.942471","75.585357"
"2226","30631","0","SMET","2026-01-01 17:07:36","L","13.94247","75.585354"
"2226","30631","0","SMET","2026-01-01 17:08:06","L","13.942469","75.585354"
"2226","30631","0","SMET","2026-01-01 17:08:36","L","13.942469","75.585358"
"2226","30631","0","SMET","2026-01-01 17:09:07","L","13.942472","75.585359"
"2226","30631","0","SMET","2026-01-01 17:09:37","L","13.942472","75.585359"
"2226","30631","0","SMET","2026-01-01 17:10:07","L","13.942473","75.58536"
"2226","30631","0","SMET","2026-01-01 17:10:37","L","13.94247","75.585358"
"2226","30631","0","SMET","2026-01-01 17:11:07","L","13.942463","75.585358"
"2226","30631","0","SMET","2026-01-01 17:11:37","L","13.942469","75.585353"
"2226","30631","0","SMET","2026-01-01 17:12:07","L","13.942469","75.585352"
"2226","30631","0","SMET","2026-01-01 17:12:37","L","13.942467","75.585358"
"2226","30631","0","SMET","2026-01-01 17:13:07","L","13.942466","75.585366"
"2226","30631","0","SMET","2026-01-01 17:13:37","L","13.942467","75.585361"
"2226","30631","0","SMET","2026-01-01 17:14:07","L","13.942466","75.585357"
"2226","30631","0","SMET","2026-01-01 17:14:37","L","13.942465","75.585349"
"2226","30631","0","SMET","2026-01-01 17:15:07","L","13.942466","75.585344"
"2226","30631","0","SMET","2026-01-01 17:15:37","L","13.942464","75.585348"
"2226","30631","0","SMET","2026-01-01 17:16:07","L","13.942466","75.585356"
"2226","30631","0","SMET","2026-01-01 17:16:37","L","13.94247","75.585356"
"2226","30631","0","SMET","2026-01-01 17:17:07","L","13.94247","75.585356"
"2226","30631","0","SMET","2026-01-01 17:17:37","L","13.942467","75.585363"
"2226","30631","0","SMET","2026-01-01 17:18:07","L","13.942468","75.585366"
"2226","30631","0","SMET","2026-01-01 17:18:37","L","13.942466","75.585363"
"2226","30631","0","SMET","2026-01-01 17:19:07","L","13.942469","75.58536"
"2226","30631","0","SMET","2026-01-01 17:19:37","L","13.942473","75.58536"
"2226","30631","0","SMET","2026-01-01 17:20:07","L","13.942476","75.585359"
"2226","30631","0","SMET","2026-01-01 17:20:37","L","13.942472","75.585365"
"2226","30631","0","SMET","2026-01-01 17:21:07","L","13.942466","75.585365"
"2226","30631","0","SMET","2026-01-01 17:21:37","L","13.94246","75.585357"
"2226","30631","0","SMET","2026-01-01 17:22:07","L","13.942461","75.585356"
"2226","30631","0","SMET","2026-01-01 17:22:37","L","13.942461","75.585353"
"2226","30631","0","SMET","2026-01-01 17:23:07","L","13.942457","75.585346"
"2226","30631","0","SMET","2026-01-01 17:23:37","L","13.942457","75.585345"
"2226","30631","0","SMET","2026-01-01 17:24:07","L","13.942456","75.58535"
"2226","30631","0","SMET","2026-01-01 17:24:37","L","13.942457","75.585351"
"2226","30631","0","SMET","2026-01-01 17:25:07","L","13.942462","75.585344"
"2226","30631","0","SMET","2026-01-01 17:25:37","L","13.942467","75.585342"
"2226","30631","0","SMET","2026-01-01 17:26:07","L","13.942471","75.585345"
"2226","30631","0","SMET","2026-01-01 17:26:37","L","13.942464","75.585346"
"2226","30631","0","SMET","2026-01-01 17:27:07","L","13.942466","75.585348"
"2226","30631","0","SMET","2026-01-01 17:27:37","L","13.942463","75.585349"
"2226","30631","0","SMET","2026-01-01 17:28:07","L","13.942466","75.585346"
"2226","30631","0","SMET","2026-01-01 17:28:37","L","13.942465","75.585345"
"2226","30631","0","SMET","2026-01-01 17:29:07","L","13.942467","75.585348"
"2226","30631","0","SMET","2026-01-01 17:29:37","L","13.942471","75.585346"
"2226","30631","0","SMET","2026-01-01 17:30:07","L","13.942473","75.585348"
"2226","30631","0","SMET","2026-01-01 17:30:37","L","13.942477","75.585349"
"2226","30631","0","SMET","2026-01-01 17:31:07","L","13.942478","75.58535"
"2226","30631","0","SMET","2026-01-01 17:31:37","L","13.942473","75.585351"
"2226","30631","0","SMET","2026-01-01 17:32:07","L","13.942469","75.585341"
"2226","30631","0","SMET","2026-01-01 17:32:37","L","13.942466","75.585334"
"2226","30631","0","SMET","2026-01-01 17:33:07","L","13.942471","75.585337"
"2226","30631","0","SMET","2026-01-01 17:33:37","L","13.942474","75.585337"
"2226","30631","0","SMET","2026-01-01 17:34:07","L","13.942473","75.585338"
"2226","30631","0","SMET","2026-01-01 17:34:37","L","13.942477","75.585344"
"2226","30631","0","SMET","2026-01-01 17:35:07","L","13.942478","75.58535"
"2226","30631","0","SMET","2026-01-01 17:35:37","L","13.942478","75.585347"
"2226","30631","0","SMET","2026-01-01 17:36:07","L","13.942482","75.585342"
"2226","30631","0","SMET","2026-01-01 17:36:37","L","13.942478","75.585344"
"2226","30631","0","SMET","2026-01-01 17:37:07","L","13.94248","75.585348"
"2226","30631","0","SMET","2026-01-01 17:37:37","L","13.942483","75.585347"
"2226","30631","0","SMET","2026-01-01 17:38:07","L","13.942482","75.585345"
"2226","30631","0","SMET","2026-01-01 17:38:37","L","13.942483","75.585345"
"2226","30631","0","SMET","2026-01-01 17:39:07","L","13.942484","75.585348"
"2226","30631","0","SMET","2026-01-01 17:39:37","L","13.942476","75.585345"
"2226","30631","0","SMET","2026-01-01 17:40:07","L","13.942476","75.585351"
"2226","30631","0","SMET","2026-01-01 17:40:37","L","13.942475","75.585347"
"2226","30631","0","SMET","2026-01-01 17:41:07","L","13.942475","75.585343"
"2226","30631","0","SMET","2026-01-01 17:41:37","L","13.942476","75.585341"
"2226","30631","0","SMET","2026-01-01 17:42:07","L","13.942477","75.585343"
"2226","30631","0","SMET","2026-01-01 17:42:37","L","13.942483","75.585348"
"2226","30631","0","SMET","2026-01-01 17:43:07","L","13.942485","75.585348"
"2226","30631","0","SMET","2026-01-01 17:43:37","L","13.942482","75.585347"
"2226","30631","0","SMET","2026-01-01 17:44:07","L","13.942487","75.585342"
"2226","30631","0","SMET","2026-01-01 17:44:37","L","13.942488","75.58534"
"2226","30631","0","SMET","2026-01-01 17:45:07","L","13.942486","75.585341"
"2226","30631","0","SMET","2026-01-01 17:45:37","L","13.942482","75.585341"
"2226","30631","0","SMET","2026-01-01 17:46:07","L","13.942477","75.585341"
"2226","30631","0","SMET","2026-01-01 17:46:37","L","13.942475","75.585339"
"2226","30631","0","SMET","2026-01-01 17:47:07","L","13.942469","75.585344"
"2226","30631","0","SMET","2026-01-01 17:47:37","L","13.942467","75.58534"
"2226","30631","0","SMET","2026-01-01 17:48:07","L","13.942476","75.585341"
"2226","30631","0","SMET","2026-01-01 17:48:37","L","13.942473","75.585341"
"2226","30631","0","SMET","2026-01-01 17:49:07","L","13.942467","75.585341"
"2226","30631","0","SMET","2026-01-01 17:49:37","L","13.942468","75.585342"
"2226","30631","0","SMET","2026-01-01 17:50:07","L","13.942471","75.585344"
"2226","30631","0","SMET","2026-01-01 17:50:37","L","13.942474","75.585345"
"2226","30631","0","SMET","2026-01-01 17:51:07","L","13.942472","75.58535"
"2226","30631","0","SMET","2026-01-01 17:51:37","L","13.942469","75.585353"
"2226","30631","0","SMET","2026-01-01 17:52:07","L","13.942468","75.58535"
"2226","30631","0","SMET","2026-01-01 17:52:37","L","13.942469","75.585347"
"2226","30631","0","SMET","2026-01-01 17:53:07","L","13.942467","75.585347"
"2226","30631","0","SMET","2026-01-01 17:53:37","L","13.942464","75.585345"
"2226","30631","0","SMET","2026-01-01 17:54:07","L","13.942464","75.585341"
"2226","30631","0","SMET","2026-01-01 17:54:37","L","13.94246","75.585339"
"2226","30631","0","SMET","2026-01-01 17:55:07","L","13.942462","75.585346"
"2226","30631","0","SMET","2026-01-01 17:55:37","L","13.942469","75.585346"
"2226","30631","0","SMET","2026-01-01 17:56:07","L","13.942472","75.585347"
"2226","30631","0","SMET","2026-01-01 17:56:37","L","13.942477","75.58535"
"2226","30631","0","SMET","2026-01-01 17:57:07","L","13.942481","75.585346"
"2226","30631","0","SMET","2026-01-01 17:57:37","L","13.942481","75.585347"
"2226","30631","0","SMET","2026-01-01 17:58:07","L","13.942476","75.585346"
"2226","30631","0","SMET","2026-01-01 17:58:37","L","13.942478","75.585342"
"2226","30631","0","SMET","2026-01-01 17:59:07","L","13.942476","75.585341"
"2226","30631","0","SMET","2026-01-01 17:59:37","L","13.94247","75.585344"