"DEVICE_ID","LOCO_NUMBER","LOCO_SPEED","STATION_CODE","EVENT_DETECTION_TIME","EVENT_TYPE_FLAG","LATITUDE","LONGITUDE"
"12264","37702","0","CAN","2026-04-15 15:28:17","L","11.870529","75.369588"
"12264","37702","0","CAN","2026-04-15 15:28:47","L","11.870529","75.369588"
"12264","37702","0","CAN","2026-04-15 15:29:17","L","11.870529","75.369588"
"12264","37702","0","CAN","2026-04-15 15:29:47","L","11.870529","75.369588"
"12264","37702","0","CAN","2026-04-15 15:30:17","L","11.870529","75.369588"
"12264","37702","0","CAN","2026-04-15 15:30:47","L","11.870529","75.369588"
"12264","37702","0","CAN","2026-04-15 15:31:17","L","11.870529","75.369588"
"12264","37702","0","CAN","2026-04-15 15:31:47","L","11.870529","75.369588"
"12264","37702","0","CAN","2026-04-15 15:32:17","L","11.870529","75.369588"
"12264","37702","0","CAN","2026-04-15 15:32:47","L","11.870529","75.369588"
"12264","37702","0","CAN","2026-04-15 15:33:17","L","11.870529","75.369588"
"12264","37702","0","CAN","2026-04-15 15:33:47","L","11.870529","75.369588"
"12264","37702","0","CAN","2026-04-15 15:34:17","L","11.870529","75.369588"
"12264","37702","0","CAN","2026-04-15 15:34:47","L","11.870529","75.369588"
"12264","37702","0","CAN","2026-04-15 15:35:17","L","11.870529","75.369588"
"12264","37702","0","CAN","2026-04-15 15:35:47","L","11.870529","75.369588"
"12264","37702","0","CAN","2026-04-15 15:36:17","L","11.870529","75.369588"
"12264","37702","0","CAN","2026-04-15 15:36:47","L","11.870529","75.369588"
"12264","37702","0","CAN","2026-04-15 15:37:17","L","11.870529","75.369588"
"12264","37702","0","CAN","2026-04-15 15:37:47","L","11.870529","75.369588"
"12264","37702","0","CAN","2026-04-15 15:38:17","L","11.870529","75.369588"
"12264","37702","0","CAN","2026-04-15 15:38:47","L","11.870529","75.369588"
"12264","37702","0","CAN","2026-04-15 15:39:17","L","11.870529","75.369588"
"12264","37702","0","CAN","2026-04-15 15:39:47","L","11.870529","75.369588"
"12264","37702","0","CAN","2026-04-15 15:40:17","L","11.870529","75.369588"
"12264","37702","0","CAN","2026-04-15 15:40:47","L","11.870529","75.369588"
"12264","37702","0","CAN","2026-04-15 15:41:17","L","11.870529","75.369588"
"12264","37702","0","CAN","2026-04-15 15:41:47","L","11.870529","75.369588"
"12264","37702","0","CAN","2026-04-15 15:42:17","L","11.870529","75.369588"
"12264","37702","0","CAN","2026-04-15 15:42:47","L","11.870529","75.369588"
"12264","37702","0","CAN","2026-04-15 15:43:17","L","11.870529","75.369588"
"12264","37702","0","CAN","2026-04-15 15:43:47","L","11.870529","75.369588"
"12264","37702","0","CAN","2026-04-15 15:44:17","L","11.870529","75.369588"
"12264","37702","0","CAN","2026-04-15 15:44:47","L","11.870529","75.369588"
"12264","37702","0","CAN","2026-04-15 15:45:17","L","11.870529","75.369588"
"12264","37702","0","CAN","2026-04-15 15:45:47","L","11.870529","75.369588"
"12264","37702","0","CAN","2026-04-15 15:46:17","L","11.870529","75.369588"
"12264","37702","0","CAN","2026-04-15 15:46:47","L","11.870529","75.369588"
"12264","37702","0","CAN","2026-04-15 15:47:17","L","11.870529","75.369588"
"12264","37702","0","CAN","2026-04-15 15:47:46","L","11.870529","75.369588"
"12264","37702","0","CAN","2026-04-15 15:48:16","L","11.870529","75.369588"
"12264","37702","0","CAN","2026-04-15 15:48:46","L","11.870529","75.369588"
"12264","37702","0","CAN","2026-04-15 15:49:16","L","11.870529","75.369588"
"12264","37702","0","CAN","2026-04-15 15:49:46","L","11.870529","75.369588"
"12264","37702","0","CAN","2026-04-15 15:50:16","L","11.870529","75.369588"
"12264","37702","0","CAN","2026-04-15 15:50:46","L","11.870529","75.369588"
"12264","37702","0","CAN","2026-04-15 15:51:16","L","11.870529","75.369588"
"12264","37702","0","CAN","2026-04-15 15:51:46","L","11.870529","75.369588"
"12264","37702","0","CAN","2026-04-15 15:52:16","L","11.870529","75.369588"
"12264","37702","0","CAN","2026-04-15 15:52:46","L","11.870529","75.369588"
"12264","37702","0","CAN","2026-04-15 15:53:16","L","11.870529","75.369588"
"12264","37702","0","CAN","2026-04-15 15:53:46","L","11.870529","75.369588"
"12264","37702","0","CAN","2026-04-15 15:54:16","L","11.870529","75.369588"
"12264","37702","0","CAN","2026-04-15 15:54:46","L","11.870529","75.369588"
"12264","37702","0","CAN","2026-04-15 15:55:16","L","11.870529","75.369588"
"12264","37702","0","CAN","2026-04-15 15:55:46","L","11.870529","75.369588"
"12264","37702","0","CAN","2026-04-15 15:56:16","L","11.870529","75.369588"
"12264","37702","0","CAN","2026-04-15 15:56:46","L","11.870529","75.369588"
"12264","37702","0","CAN","2026-04-15 15:57:16","L","11.870529","75.369588"
"12264","37702","0","CAN","2026-04-15 15:57:46","L","11.870529","75.369588"
"12264","37702","0","CAN","2026-04-15 15:58:16","L","11.870529","75.369588"
"12264","37702","0","CAN","2026-04-15 15:58:46","L","11.870529","75.369588"
"12264","37702","0","CAN","2026-04-15 15:59:16","L","11.870529","75.369588"
"12264","37702","0","CAN","2026-04-15 15:59:46","L","11.870529","75.369588"
"12264","37702","0","CAN","2026-04-15 16:00:16","L","11.870529","75.369588"
"12264","37702","0","CAN","2026-04-15 16:00:46","L","11.870529","75.369588"
"12264","37702","0","CAN","2026-04-15 16:01:16","L","11.870529","75.369588"
"12264","37702","0","CAN","2026-04-15 16:01:46","L","11.870529","75.369588"
"12264","37702","0","CAN","2026-04-15 16:02:16","L","11.870529","75.369588"
"12264","37702","0","CAN","2026-04-15 16:02:46","L","11.870529","75.369588"
"12264","37702","0","CAN","2026-04-15 16:03:16","L","11.870529","75.369588"
"12264","37702","0","CAN","2026-04-15 16:03:46","L","11.870529","75.369588"
"12264","37702","0","CAN","2026-04-15 16:04:16","L","11.870529","75.369588"
"12264","37702","0","CAN","2026-04-15 16:04:46","L","11.870529","75.369588"
"12264","37702","0","CAN","2026-04-15 16:05:16","L","11.870529","75.369588"
"12264","37702","0","CAN","2026-04-15 16:05:46","L","11.870529","75.369588"
"12264","37702","0","CAN","2026-04-15 16:06:16","L","11.870529","75.369588"
"12264","37702","0","CAN","2026-04-15 16:06:46","L","11.870529","75.369588"
"12264","37702","0","CAN","2026-04-15 16:07:17","L","11.870529","75.369588"
"12264","37702","0","CAN","2026-04-15 16:07:46","L","11.870529","75.369588"
"12264","37702","0","CAN","2026-04-15 16:08:16","L","11.870529","75.369588"
"12264","37702","0","CAN","2026-04-15 16:08:46","L","11.870529","75.369588"
"12264","37702","0","CAN","2026-04-15 16:09:16","L","11.870529","75.369588"
"12264","37702","0","CAN","2026-04-15 16:09:46","L","11.870529","75.369588"
"12264","37702","0","CAN","2026-04-15 16:10:16","L","11.870529","75.369588"
"12264","37702","0","CAN","2026-04-15 16:10:46","L","11.870529","75.369588"
"12264","37702","0","CAN","2026-04-15 16:11:16","L","11.870529","75.369588"
"12264","37702","0","CAN","2026-04-15 16:11:46","L","11.870529","75.369588"
"12264","37702","0","CAN","2026-04-15 16:12:16","L","11.870529","75.369588"
"12264","37702","0","CAN","2026-04-15 16:12:46","L","11.870529","75.369588"
"12264","37702","0","CAN","2026-04-15 16:13:16","L","11.870529","75.369588"
"12264","37702","0","CAN","2026-04-15 16:13:46","L","11.870529","75.369588"
"12264","37702","0","CAN","2026-04-15 16:14:16","L","11.870529","75.369588"
"12264","37702","0","CAN","2026-04-15 16:14:46","L","11.870529","75.369588"
"12264","37702","0","CAN","2026-04-15 16:15:16","L","11.870529","75.369588"
"12264","37702","0","CAN","2026-04-15 16:15:46","L","11.870529","75.369588"
"12264","37702","0","CAN","2026-04-15 16:16:16","L","11.870529","75.369588"
"12264","37702","0","CAN","2026-04-15 16:16:46","L","11.870529","75.369588"
"12264","37702","0","CAN","2026-04-15 16:17:16","L","11.870529","75.369588"
"12264","37702","0","CAN","2026-04-15 16:17:46","L","11.870529","75.369588"
"12264","37702","0","CAN","2026-04-15 16:18:16","L","11.870529","75.369588"
"12264","37702","0","CAN","2026-04-15 16:18:46","L","11.870529","75.369588"
"12264","37702","0","CAN","2026-04-15 16:19:16","L","11.870529","75.369588"
"12264","37702","0","CAN","2026-04-15 16:19:46","L","11.870529","75.369588"
"12264","37702","0","CAN","2026-04-15 16:20:16","L","11.870529","75.369588"
"12264","37702","0","CAN","2026-04-15 16:20:46","L","11.870529","75.369588"
"12264","37702","0","CAN","2026-04-15 16:21:16","L","11.870529","75.369588"
"12264","37702","0","CAN","2026-04-15 16:21:46","L","11.870529","75.369588"
"12264","37702","0","CAN","2026-04-15 16:22:16","L","11.870529","75.369588"
"12264","37702","0","CAN","2026-04-15 16:22:46","L","11.870529","75.369588"
"12264","37702","0","CAN","2026-04-15 16:23:16","L","11.870529","75.369588"
"12264","37702","0","CAN","2026-04-15 16:23:46","L","11.870529","75.369588"
"12264","37702","0","CAN","2026-04-15 16:24:16","L","11.870529","75.369588"
"12264","37702","0","CAN","2026-04-15 16:24:46","L","11.870529","75.369588"
"12264","37702","0","CAN","2026-04-15 16:25:16","L","11.870529","75.369588"
"12264","37702","0","CAN","2026-04-15 16:25:46","L","11.870529","75.369588"
"12264","37702","0","CAN","2026-04-15 16:26:16","L","11.870529","75.369588"
"12264","37702","0","CAN","2026-04-15 16:26:46","L","11.870529","75.369588"
"12264","37702","0","CAN","2026-04-15 16:27:16","L","11.870529","75.369588"
"12264","37702","0","CAN","2026-04-15 16:27:46","L","11.870529","75.369588"
"12264","37702","0","CAN","2026-04-15 16:28:16","L","11.870529","75.369588"
"12264","37702","0","CAN","2026-04-15 16:28:46","L","11.870529","75.369588"
"12264","37702","0","CAN","2026-04-15 16:29:16","L","11.870529","75.369588"
"12264","37702","0","CAN","2026-04-15 16:29:46","L","11.870529","75.369588"
"12264","37702","0","CAN","2026-04-15 16:30:16","L","11.870529","75.369588"
"12264","37702","0","CAN","2026-04-15 16:30:46","L","11.870529","75.369588"
"12264","37702","0","CAN","2026-04-15 16:31:16","L","11.870529","75.369588"
"12264","37702","0","CAN","2026-04-15 16:31:46","L","11.870529","75.369588"
"12264","37702","0","CAN","2026-04-15 16:32:16","L","11.870529","75.369588"
"12264","37702","0","CAN","2026-04-15 16:32:46","L","11.870529","75.369588"
"12264","37702","0","CAN","2026-04-15 16:33:16","L","11.870529","75.369588"
"12264","37702","0","CAN","2026-04-15 16:33:46","L","11.870529","75.369588"
"12264","37702","0","CAN","2026-04-15 16:34:16","L","11.870529","75.369588"
"12264","37702","0","CAN","2026-04-15 16:34:46","L","11.870529","75.369588"
"12264","37702","0","CAN","2026-04-15 16:35:16","L","11.870529","75.369588"
"12264","37702","0","CAN","2026-04-15 16:35:46","L","11.870529","75.369588"
"12264","37702","0","CAN","2026-04-15 16:36:16","L","11.870529","75.369588"
"12264","37702","0","CAN","2026-04-15 16:36:46","L","11.870529","75.369588"
"12264","37702","0","CAN","2026-04-15 16:37:16","L","11.870529","75.369588"
"12264","37702","0","CAN","2026-04-15 16:37:46","L","11.870529","75.369588"
"12264","37702","0","CAN","2026-04-15 16:38:16","L","11.870529","75.369588"
"12264","37702","0","CAN","2026-04-15 16:38:46","L","11.870529","75.369588"
"12264","37702","0","CAN","2026-04-15 16:39:16","L","11.870529","75.369588"
"12264","37702","0","CAN","2026-04-15 16:39:46","L","11.870529","75.369588"
"12264","37702","0","CAN","2026-04-15 16:40:16","L","11.870529","75.369588"
"12264","37702","0","CAN","2026-04-15 16:40:46","L","11.870529","75.369588"
"12264","37702","0","CAN","2026-04-15 16:41:16","L","11.870529","75.369588"
"12264","37702","0","CAN","2026-04-15 16:41:46","L","11.870529","75.369588"
"12264","37702","0","CAN","2026-04-15 16:43:50","H","11.870553","75.36956"
"12264","37702","0","CAN","2026-04-15 16:44:21","L","11.870554","75.36956"
"12264","37702","0","CAN","2026-04-15 16:44:50","H","11.870529","75.369588"
"12264","37702","0","CAN","2026-04-15 16:44:50","L","11.870554","75.36956"
"12264","37702","0","CAN","2026-04-15 16:45:05","L","11.870529","75.369588"
"12264","37702","7","CAN","2026-04-15 16:45:35","L","11.870756","75.369319"
"12264","37702","12","CAN","2026-04-15 16:46:05","L","11.871281","75.36873"
"12264","37702","10","CAN","2026-04-15 16:46:35","L","11.871839","75.368096"
"12264","37702","10","CAN","2026-04-15 16:47:05","L","11.872392","75.367475"
"12264","37702","12","CAN","2026-04-15 16:47:35","L","11.873005","75.366795"
"12264","37702","12","CAN","2026-04-15 16:48:05","L","11.873685","75.366067"
"12264","37702","14","CAN","2026-04-15 16:48:35","L","11.874472","75.365471"
"12264","37702","14","CAN","2026-04-15 16:49:05","L","11.875428","75.364976"
"12264","37702","14","CAN","2026-04-15 16:49:35","L","11.876476","75.364649"
"12264","37702","10","CAN","2026-04-15 16:50:05","L","11.877441","75.364367"
"12264","37702","8","CAN","2026-04-15 16:50:35","L","11.878145","75.364163"
"12264","37702","6","CAN","2026-04-15 16:51:05","L","11.87872","75.363992"
"12264","37702","0","CAN","2026-04-15 16:51:35","L","11.87901","75.36391"
"12264","37702","0","CAN","2026-04-15 16:52:05","L","11.87901","75.36391"
"12264","37702","4","CAN","2026-04-15 16:52:35","L","11.878891","75.363944"
"12264","37702","12","CAN","2026-04-15 16:53:05","L","11.878234","75.36409"
"12264","37702","13","CAN","2026-04-15 16:53:35","L","11.877251","75.364308"
"12264","37702","13","CAN","2026-04-15 16:54:05","L","11.876284","75.364582"
"12264","37702","11","CAN","2026-04-15 16:54:35","L","11.875384","75.364886"
"12264","37702","12","CAN","2026-04-15 16:55:05","L","11.874626","75.365245"
"12264","37702","10","CAN","2026-04-15 16:55:35","L","11.873911","75.365701"
"12264","37702","11","CAN","2026-04-15 16:56:05","L","11.873277","75.366266"
"12264","37702","13","CAN","2026-04-15 16:56:35","L","11.872656","75.366915"
"12264","37702","12","CAN","2026-04-15 16:57:05","L","11.872011","75.367646"
"12264","37702","13","CAN","2026-04-15 16:57:35","L","11.871301","75.368421"
"12264","37702","12","CAN","2026-04-15 16:58:05","L","11.870646","75.369175"
"12264","37702","6","CAN","2026-04-15 16:58:35","L","11.870158","75.369754"
"12264","37702","0","CAN","2026-04-15 16:59:05","L","11.870015","75.369921"
"12264","37702","0","CAN","2026-04-15 16:59:35","L","11.870015","75.369921"
"12264","37702","0","CAN","2026-04-15 17:00:05","L","11.870015","75.369921"
"12264","37702","0","CAN","2026-04-15 17:00:35","L","11.870015","75.369921"
"12264","37702","0","CAN","2026-04-15 17:01:05","L","11.870015","75.369921"
"12264","37702","0","CAN","2026-04-15 17:01:35","L","11.870015","75.369921"
"12264","37702","0","CAN","2026-04-15 17:02:05","L","11.870015","75.369921"
"12264","37702","0","CAN","2026-04-15 17:02:35","L","11.870015","75.369921"
"12264","37702","0","CAN","2026-04-15 17:03:05","L","11.870015","75.369921"
"12264","37702","0","CAN","2026-04-15 17:03:35","L","11.870015","75.369921"
"12264","37702","0","CAN","2026-04-15 17:04:05","L","11.870015","75.369921"
"12264","37702","0","CAN","2026-04-15 17:04:35","L","11.870015","75.369921"
"12264","37702","0","CAN","2026-04-15 17:05:05","L","11.870015","75.369921"
"12264","37702","0","CAN","2026-04-15 17:05:35","L","11.870015","75.369921"
"12264","37702","0","CAN","2026-04-15 17:06:05","L","11.870015","75.369921"
"12264","37702","0","CAN","2026-04-15 17:06:35","L","11.870015","75.369921"
"12264","37702","0","CAN","2026-04-15 17:07:05","L","11.870015","75.369921"
"12264","37702","0","CAN","2026-04-15 17:07:35","L","11.870015","75.369921"
"12264","37702","0","CAN","2026-04-15 17:08:05","L","11.870015","75.369921"
"12264","37702","0","CAN","2026-04-15 17:08:35","L","11.870015","75.369921"
"12264","37702","0","CAN","2026-04-15 17:09:05","L","11.870015","75.369921"
"12264","37702","0","CAN","2026-04-15 17:09:35","L","11.870015","75.369921"
"12264","37702","0","CAN","2026-04-15 17:10:05","L","11.870015","75.369921"
"12264","37702","0","CAN","2026-04-15 17:10:35","L","11.870015","75.369921"
"12264","37702","0","CAN","2026-04-15 17:11:05","L","11.870015","75.369921"
"12264","37702","0","CAN","2026-04-15 17:11:35","L","11.870015","75.369921"
"12264","37702","0","CAN","2026-04-15 17:12:05","L","11.870015","75.369921"
"12264","37702","0","CAN","2026-04-15 17:12:35","L","11.870015","75.369921"
"12264","37702","0","CAN","2026-04-15 17:13:05","L","11.870015","75.369921"
"12264","37702","0","CAN","2026-04-15 17:13:35","L","11.870015","75.369921"
"12264","37702","0","CAN","2026-04-15 17:14:05","L","11.870015","75.369921"
"12264","37702","0","CAN","2026-04-15 17:14:35","L","11.870015","75.369921"
"12264","37702","0","CAN","2026-04-15 17:15:05","L","11.870015","75.369921"
"12264","37702","0","CAN","2026-04-15 17:15:35","L","11.870015","75.369921"
"12264","37702","0","CAN","2026-04-15 17:16:05","L","11.870015","75.369921"
"12264","37702","0","CAN","2026-04-15 17:16:35","L","11.870015","75.369921"
"12264","37702","0","CAN","2026-04-15 17:17:05","L","11.870015","75.369921"
"12264","37702","0","CAN","2026-04-15 17:17:35","L","11.870015","75.369921"
"12264","37702","0","CAN","2026-04-15 17:18:05","L","11.870015","75.369921"
"12264","37702","0","CAN","2026-04-15 17:18:35","L","11.870015","75.369921"
"12264","37702","0","CAN","2026-04-15 17:19:05","L","11.870015","75.369921"
"12264","37702","0","CAN","2026-04-15 17:19:35","L","11.870015","75.369921"
"12264","37702","0","CAN","2026-04-15 17:20:05","L","11.870015","75.369921"
"12264","37702","0","CAN","2026-04-15 17:20:35","L","11.870015","75.369921"
"12264","37702","0","CAN","2026-04-15 17:21:05","L","11.870015","75.369921"
"12264","37702","0","CAN","2026-04-15 17:21:35","L","11.870015","75.369921"
"12264","37702","0","CAN","2026-04-15 17:22:05","L","11.870015","75.369921"
"12264","37702","0","CAN","2026-04-15 17:22:35","L","11.870015","75.369921"
"12264","37702","0","CAN","2026-04-15 17:23:05","L","11.870015","75.369921"
"12264","37702","0","CAN","2026-04-15 17:23:35","L","11.870015","75.369921"
"12264","37702","0","CAN","2026-04-15 17:24:05","L","11.870015","75.369921"
"12264","37702","0","CAN","2026-04-15 17:24:35","L","11.870015","75.369921"
"12264","37702","0","CAN","2026-04-15 17:25:05","L","11.870015","75.369921"
"12264","37702","0","CAN","2026-04-15 17:25:35","L","11.870015","75.369921"
"12264","37702","0","CAN","2026-04-15 17:26:05","L","11.870015","75.369921"
"12264","37702","0","CAN","2026-04-15 17:26:35","L","11.870015","75.369921"
"12264","37702","0","CAN","2026-04-15 17:27:05","L","11.870015","75.369921"
"12264","37702","0","CAN","2026-04-15 17:27:35","L","11.870015","75.369921"
"12264","37702","0","CAN","2026-04-15 17:28:05","L","11.870015","75.369921"
"12264","37702","0","CAN","2026-04-15 17:28:35","L","11.870015","75.369921"
"12264","37702","0","CAN","2026-04-15 17:29:05","L","11.870015","75.369921"
"12264","37702","0","CAN","2026-04-15 17:29:35","L","11.870015","75.369921"
"12264","37702","0","CAN","2026-04-15 17:30:05","L","11.870015","75.369921"
"12264","37702","0","CAN","2026-04-15 17:30:35","L","11.870015","75.369921"
"12264","37702","0","CAN","2026-04-15 17:31:05","L","11.870015","75.369921"
"12264","37702","0","CAN","2026-04-15 17:31:35","L","11.870015","75.369921"
"12264","37702","0","CAN","2026-04-15 17:32:05","L","11.870015","75.369921"
"12264","37702","0","CAN","2026-04-15 17:32:35","L","11.870015","75.369921"
"12264","37702","0","CAN","2026-04-15 17:33:05","L","11.870015","75.369921"
"12264","37702","0","CAN","2026-04-15 17:33:35","L","11.870015","75.369921"
"12264","37702","0","CAN","2026-04-15 17:34:05","L","11.870015","75.369921"
"12264","37702","0","CAN","2026-04-15 17:34:35","L","11.870015","75.369921"
"12264","37702","0","CAN","2026-04-15 17:35:05","L","11.870015","75.369921"
"12264","37702","0","CAN","2026-04-15 17:35:35","L","11.870015","75.369921"
"12264","37702","0","CAN","2026-04-15 17:36:05","L","11.870015","75.369921"
"12264","37702","0","CAN","2026-04-15 17:36:35","L","11.870015","75.369921"
"12264","37702","0","CAN","2026-04-15 17:37:05","L","11.870015","75.369921"
"12264","37702","0","CAN","2026-04-15 17:37:35","L","11.870015","75.369921"
"12264","37702","0","CAN","2026-04-15 17:38:05","L","11.870015","75.369921"
"12264","37702","0","CAN","2026-04-15 17:38:35","L","11.870015","75.369921"
"12264","37702","0","CAN","2026-04-15 17:39:05","L","11.870015","75.369921"
"12264","37702","0","CAN","2026-04-15 17:39:35","L","11.870015","75.369921"
"12264","37702","0","CAN","2026-04-15 17:40:05","L","11.870015","75.369921"
"12264","37702","0","CAN","2026-04-15 17:40:35","L","11.870015","75.369921"
"12264","37702","0","CAN","2026-04-15 17:41:05","L","11.870015","75.369921"
"12264","37702","0","CAN","2026-04-15 17:41:35","L","11.870015","75.369921"
"12264","37702","0","CAN","2026-04-15 17:42:05","L","11.870015","75.369921"
"12264","37702","0","CAN","2026-04-15 17:42:35","L","11.870015","75.369921"
"12264","37702","0","CAN","2026-04-15 17:43:05","L","11.870015","75.369921"
"12264","37702","0","CAN","2026-04-15 17:43:35","L","11.870015","75.369921"
"12264","37702","0","CAN","2026-04-15 17:44:05","L","11.870015","75.369921"
"12264","37702","0","CAN","2026-04-15 17:44:35","L","11.870015","75.369921"
"12264","37702","0","CAN","2026-04-15 17:45:05","L","11.870015","75.369921"
"12264","37702","0","CAN","2026-04-15 17:45:34","L","11.870015","75.369921"
"12264","37702","0","CAN","2026-04-15 17:46:04","L","11.870015","75.369921"
"12264","37702","0","CAN","2026-04-15 17:46:34","L","11.870015","75.369921"
"12264","37702","0","CAN","2026-04-15 17:47:04","L","11.870015","75.369921"
"12264","37702","0","CAN","2026-04-15 17:47:34","L","11.870015","75.369921"
"12264","37702","0","CAN","2026-04-15 17:48:04","L","11.870015","75.369921"
"12264","37702","0","CAN","2026-04-15 17:48:34","L","11.870015","75.369921"
"12264","37702","0","CAN","2026-04-15 17:49:04","L","11.870015","75.369921"
"12264","37702","0","CAN","2026-04-15 17:49:34","L","11.870015","75.369921"
"12264","37702","0","CAN","2026-04-15 17:50:04","L","11.870015","75.369921"
"12264","37702","0","CAN","2026-04-15 17:50:34","L","11.870015","75.369921"
"12264","37702","0","CAN","2026-04-15 17:51:04","L","11.870015","75.369921"
"12264","37702","0","CAN","2026-04-15 17:51:34","L","11.870015","75.369921"
"12264","37702","0","CAN","2026-04-15 17:52:04","L","11.870015","75.369921"
"12264","37702","0","CAN","2026-04-15 17:52:34","L","11.870015","75.369921"
"12264","37702","0","CAN","2026-04-15 17:53:04","L","11.870015","75.369921"
"12264","37702","0","CAN","2026-04-15 17:53:34","L","11.870015","75.369921"
"12264","37702","0","CAN","2026-04-15 17:54:04","L","11.870015","75.369921"
"12264","37702","0","CAN","2026-04-15 17:54:34","L","11.870015","75.369921"
"12264","37702","0","CAN","2026-04-15 17:55:04","L","11.870015","75.369921"
"12264","37702","0","CAN","2026-04-15 17:55:34","L","11.870015","75.369921"
"12264","37702","0","CAN","2026-04-15 17:56:04","L","11.870015","75.369921"
"12264","37702","0","CAN","2026-04-15 17:56:34","L","11.870015","75.369921"
"12264","37702","0","CAN","2026-04-15 17:57:04","L","11.870015","75.369921"
"12264","37702","0","CAN","2026-04-15 17:57:34","L","11.870015","75.369921"
"12264","37702","0","CAN","2026-04-15 17:58:04","L","11.870015","75.369921"
"12264","37702","0","CAN","2026-04-15 17:58:34","L","11.870015","75.369921"
"12264","37702","0","CAN","2026-04-15 17:59:04","L","11.870015","75.369921"
"12264","37702","0","CAN","2026-04-15 17:59:34","L","11.870015","75.369921"
"12264","37702","0","CAN","2026-04-15 18:00:04","L","11.870015","75.369921"
"12264","37702","0","CAN","2026-04-15 18:00:34","L","11.870015","75.369921"
"12264","37702","0","CAN","2026-04-15 18:01:04","L","11.870015","75.369921"
"12264","37702","0","CAN","2026-04-15 18:01:34","L","11.870015","75.369921"
"12264","37702","0","CAN","2026-04-15 18:02:04","L","11.870015","75.369921"
"12264","37702","0","CAN","2026-04-15 18:02:34","L","11.870015","75.369921"
"12264","37702","0","CAN","2026-04-15 18:03:04","L","11.870015","75.369921"
"12264","37702","0","CAN","2026-04-15 18:03:34","L","11.870015","75.369921"
"12264","37702","0","CAN","2026-04-15 18:04:04","L","11.870015","75.369921"
"12264","37702","0","CAN","2026-04-15 18:04:34","L","11.870015","75.369921"
"12264","37702","0","CAN","2026-04-15 18:05:04","L","11.870015","75.369921"
"12264","37702","0","CAN","2026-04-15 18:05:34","L","11.870015","75.369921"
"12264","37702","0","CAN","2026-04-15 18:06:04","L","11.870015","75.369921"
"12264","37702","0","CAN","2026-04-15 18:06:34","L","11.870015","75.369921"
"12264","37702","0","CAN","2026-04-15 18:07:04","L","11.870015","75.369921"
"12264","37702","6","CAN","2026-04-15 18:07:34","L","11.869907","75.370023"
"12264","37702","14","CAN","2026-04-15 18:08:04","L","11.869288","75.370729"
"12264","37702","10","CAN","2026-04-15 18:08:34","L","11.86862","75.371485"
"12264","37702","10","CAN","2026-04-15 18:09:04","L","11.868103","75.372064"
"12264","37702","14","CAN","2026-04-15 18:09:34","L","11.867468","75.372839"
"12264","37702","15","CAN","2026-04-15 18:10:04","L","11.866759","75.373714"
"12264","37702","14","CAN","2026-04-15 18:10:34","L","11.866221","75.37464"
"12264","37702","15","CAN","2026-04-15 18:11:04","L","11.865819","75.375769"
"12264","37702","15","CAN","2026-04-15 18:11:34","L","11.865465","75.37687"
"12264","37702","18","CAN","2026-04-15 18:12:04","L","11.865099","75.378034"
"12264","37702","25","CAN","2026-04-15 18:12:16","D","11.864928","75.37868"
"12264","37702","40","CAN","2026-04-15 18:12:34","L","11.864818","75.380163"
"12264","37702","63","CAN","2026-04-15 18:13:04","L","11.865933","75.383991"
"12264","37702","65","CAN","2026-04-15 18:13:34","L","11.866554","75.389225"
"12264","37702","54","CS","2026-04-15 18:13:42","H","11.866657","75.390458"
"12264","37702","30","CS","2026-04-15 18:14:05","L","11.866844","75.392708"
"12264","37702","29","CS","2026-04-15 18:14:12","J","11.866896","75.393316"
"12264","37702","35","CS","2026-04-15 18:14:35","L","11.867046","75.395097"
"12264","37702","54","CS","2026-04-15 18:15:05","L","11.867175","75.398362"
"12264","37702","75","CS","2026-04-15 18:15:35","L","11.866197","75.403417"
"12264","37702","82","CS","2026-04-15 18:15:50","K","11.86512","75.406237"
"12264","37702","88","CS","2026-04-15 18:16:05","L","11.863757","75.409216"
"12264","37702","90","CS","2026-04-15 18:16:11","R","11.863025","75.410368"
"12264","37702","95","CS","2026-04-15 18:16:35","L","11.859209","75.414534"
"12264","37702","99","CS","2026-04-15 18:17:05","L","11.853987","75.419758"
"12264","37702","107","CS","2026-04-15 18:17:35","L","11.848544","75.425222"
"12264","37702","109","CS","2026-04-15 18:18:05","L","11.840491","75.426151"
"12264","37702","109","CS","2026-04-15 18:18:35","L","11.833025","75.429652"
"12264","37702","107","CS","2026-04-15 18:19:05","L","11.825515","75.432351"
"12264","37702","106","CS","2026-04-15 18:19:35","L","11.817835","75.433878"
"12264","37702","108","ETK","2026-04-15 18:19:53","H","11.814071","75.437"
"12264","37702","109","ETK","2026-04-15 18:20:02","J","11.811954","75.438762"
"12264","37702","108","ETK","2026-04-15 18:20:06","L","11.811317","75.43929"
"12264","37702","105","ETK","2026-04-15 18:20:36","L","11.80506","75.444493"
"12264","37702","104","ETK","2026-04-15 18:21:03","K","11.798982","75.448675"
"12264","37702","104","ETK","2026-04-15 18:21:06","L","11.798521","75.448928"
"12264","37702","104","ETK","2026-04-15 18:21:12","R","11.797136","75.449686"
"12264","37702","109","ETK","2026-04-15 18:21:36","L","11.791448","75.452799"
"12264","37702","109","ETK","2026-04-15 18:22:06","L","11.784179","75.456787"
"12264","37702","108","ETK","2026-04-15 18:22:36","L","11.77908","75.463177"
"12264","37702","108","ETK","2026-04-15 18:23:06","L","11.772787","75.468447"
"12264","37702","101","ETK","2026-04-15 18:23:36","L","11.76889","75.475749"
"12264","37702","81","ETK","2026-04-15 18:24:06","L","11.765753","75.48179"
"12264","37702","59","ETK","2026-04-15 18:24:36","L","11.763934","75.486819"
"12264","37702","47","TLY","2026-04-15 18:24:58","H","11.761542","75.488506"
"12264","37702","46","TLY","2026-04-15 18:25:07","L","11.760518","75.488819"
"12264","37702","47","TLY","2026-04-15 18:25:23","J","11.758703","75.489341"
"12264","37702","43","TLY","2026-04-15 18:25:37","L","11.757245","75.490045"
"12264","37702","34","TLY","2026-04-15 18:26:07","L","11.755038","75.491714"
"12264","37702","19","TLY","2026-04-15 18:26:37","L","11.753393","75.49301"
"12264","37702","12","TLY","2026-04-15 18:27:07","L","11.752361","75.49381"
"12264","37702","0","TLY","2026-04-15 18:27:25","A","11.752102","75.493996"
"12264","37702","0","TLY","2026-04-15 18:27:37","L","11.752101","75.493998"
"12264","37702","0","TLY","2026-04-15 18:28:07","L","11.752101","75.493998"
"12264","37702","0","TLY","2026-04-15 18:28:37","L","11.752101","75.493998"
"12264","37702","0","TLY","2026-04-15 18:29:07","L","11.752101","75.493998"
"12264","37702","12","TLY","2026-04-15 18:29:37","L","11.751854","75.49421"
"12264","37702","36","TLY","2026-04-15 18:30:07","L","11.750392","75.495343"
"12264","37702","53","TLY","2026-04-15 18:30:33","K","11.748022","75.497191"
"12264","37702","56","TLY","2026-04-15 18:30:37","L","11.747576","75.49754"
"12264","37702","65","TLY","2026-04-15 18:30:57","D","11.745174","75.499518"
"12264","37702","69","TLY","2026-04-15 18:31:07","L","11.744027","75.500774"
"12264","37702","83","TLY","2026-04-15 18:31:37","L","11.74148","75.505706"
"12264","37702","88","JGE","2026-04-15 18:31:44","H","11.740404","75.507072"
"12264","37702","88","JGE","2026-04-15 18:32:06","R","11.73613","75.509564"
"12264","37702","88","JGE","2026-04-15 18:32:08","L","11.735731","75.509767"
"12264","37702","94","JGE","2026-04-15 18:32:38","L","11.729332","75.51195"
"12264","37702","107","JGE","2026-04-15 18:33:08","L","11.722563","75.515074"
"12264","37702","108","JGE","2026-04-15 18:33:38","L","11.719129","75.52218"
"12264","37702","104","JGE","2026-04-15 18:34:08","L","11.715346","75.529594"
"12264","37702","109","JGE","2026-04-15 18:34:38","L","11.715222","75.537638"
"12264","37702","105","JGE","2026-04-15 18:35:08","L","11.710741","75.544158"
"12264","37702","106","MAHE","2026-04-15 18:35:22","H","11.707166","75.545147"
"12264","37702","107","MAHE","2026-04-15 18:35:25","J","11.706372","75.545303"
"12264","37702","108","MAHE","2026-04-15 18:35:39","L","11.702632","75.546045"
"12264","37702","106","MAHE","2026-04-15 18:36:09","L","11.694631","75.547641"
"12264","37702","107","MAHE","2026-04-15 18:36:23","K","11.690916","75.54837"
"12264","37702","108","MAHE","2026-04-15 18:36:25","R","11.690383","75.548473"
"12264","37702","108","MAHE","2026-04-15 18:36:40","L","11.686381","75.549363"
"12264","37702","109","MAHE","2026-04-15 18:37:10","L","11.67889","75.552587"
"12264","37702","108","MAHE","2026-04-15 18:37:40","L","11.672162","75.557389"
"12264","37702","109","MAHE","2026-04-15 18:38:10","L","11.665475","75.562159"
"12264","37702","107","MAHE","2026-04-15 18:38:40","L","11.658766","75.566948"
"12264","37702","106","MAHE","2026-04-15 18:39:10","L","11.652248","75.571604"
"12264","37702","108","MAHE","2026-04-15 18:39:40","L","11.644618","75.574254"
"12264","37702","109","MAHE","2026-04-15 18:40:10","L","11.636639","75.576325"
"12264","37702","108","MAHE","2026-04-15 18:40:40","L","11.62874","75.578387"
"12264","37702","72","MAHE","2026-04-15 18:41:10","L","11.621727","75.579392"
"12264","37702","25","MAHE","2026-04-15 18:41:40","L","11.618299","75.578917"
"12264","37702","29","MAHE","2026-04-15 18:42:10","L","11.616347","75.578614"
"12264","37702","28","MAHE","2026-04-15 18:42:40","L","11.614269","75.578314"
"12264","37702","30","MAHE","2026-04-15 18:43:10","L","11.612038","75.577963"
"12264","37702","30","MAHE","2026-04-15 18:43:40","L","11.6098","75.577936"
"12264","37702","39","MAHE","2026-04-15 18:44:10","L","11.607487","75.578636"
"12264","37702","58","MAHE","2026-04-15 18:44:40","L","11.604557","75.581025"
"12264","37702","53","BDJ","2026-04-15 18:45:04","H","11.602022","75.583241"
"12264","37702","51","BDJ","2026-04-15 18:45:10","L","11.601365","75.583682"
"12264","37702","50","BDJ","2026-04-15 18:45:34","J","11.59865","75.585058"
"12264","37702","49","BDJ","2026-04-15 18:45:40","L","11.597946","75.585329"
"12264","37702","37","BDJ","2026-04-15 18:46:10","L","11.595114","75.586493"
"12264","37702","22","BDJ","2026-04-15 18:46:40","L","11.59279","75.587457"
"12264","37702","10","BDJ","2026-04-15 18:47:10","L","11.59154","75.587985"
"12264","37702","0","BDJ","2026-04-15 18:47:27","A","11.591301","75.588093"
"12264","37702","0","BDJ","2026-04-15 18:47:40","L","11.591299","75.588094"
"12264","37702","0","BDJ","2026-04-15 18:48:10","L","11.591299","75.588094"
"12264","37702","0","BDJ","2026-04-15 18:48:40","L","11.591299","75.588094"
"12264","37702","4","BDJ","2026-04-15 18:49:10","L","11.591254","75.588104"
"12264","37702","28","BDJ","2026-04-15 18:49:40","L","11.590149","75.588598"
"12264","37702","50","BDJ","2026-04-15 18:50:08","K","11.587714","75.589934"
"12264","37702","52","BDJ","2026-04-15 18:50:10","L","11.58751","75.590094"
"12264","37702","63","BDJ","2026-04-15 18:50:27","D","11.585606","75.591726"
"12264","37702","72","BDJ","2026-04-15 18:50:40","L","11.583908","75.593193"
"12264","37702","83","BDJ","2026-04-15 18:51:10","L","11.579391","75.597103"
"12264","37702","97","BDJ","2026-04-15 18:51:40","L","11.574237","75.601556"
"12264","37702","104","BDJ","2026-04-15 18:52:10","L","11.5684","75.606603"
"12264","37702","100","BDJ","2026-04-15 18:52:40","L","11.561361","75.609389"
"12264","37702","99","BDJ","2026-04-15 18:53:10","L","11.554126","75.6079"
"12264","37702","98","BDJ","2026-04-15 18:53:40","L","11.546928","75.609916"
"12264","37702","106","BDJ","2026-04-15 18:54:10","L","11.53945","75.612055"
"12264","37702","107","BDJ","2026-04-15 18:54:40","L","11.531607","75.614293"
"12264","37702","109","BDJ","2026-04-15 18:55:10","L","11.52376","75.616544"
"12264","37702","109","PYOL","2026-04-15 18:55:27","H","11.51925","75.617834"
"12264","37702","110","PYOL","2026-04-15 18:55:41","L","11.515529","75.618899"
"12264","37702","110","PYOL","2026-04-15 18:55:43","R","11.514996","75.619054"
"12264","37702","109","PYOL","2026-04-15 18:56:11","L","11.507584","75.621179"
"12264","37702","108","PYOL","2026-04-15 18:56:41","L","11.499655","75.623451"
"12264","37702","108","TKT","2026-04-15 18:56:41","H","11.499391","75.623526"
"12264","37702","108","TKT","2026-04-15 18:56:41","J","11.499391","75.623526"
"12264","37702","108","TKT","2026-04-15 18:57:12","L","11.491529","75.625791"
"12264","37702","108","TKT","2026-04-15 18:57:42","L","11.484524","75.629898"
"12264","37702","108","TKT","2026-04-15 18:57:43","K","11.484303","75.630058"
"12264","37702","109","TKT","2026-04-15 18:57:59","R","11.480733","75.632635"
"12264","37702","109","TKT","2026-04-15 18:58:12","L","11.477804","75.634746"
"12264","37702","106","TKT","2026-04-15 18:58:42","L","11.472729","75.640985"
"12264","37702","109","TKT","2026-04-15 18:59:12","L","11.472235","75.649203"
"12264","37702","108","TKT","2026-04-15 18:59:42","L","11.472035","75.657543"
"12264","37702","108","TKT","2026-04-15 19:00:12","L","11.468949","75.66519"
"12264","37702","106","TKT","2026-04-15 19:00:42","L","11.465153","75.672393"
"12264","37702","106","TKT","2026-04-15 19:01:12","L","11.461122","75.679485"
"12264","37702","70","TKT","2026-04-15 19:01:42","L","11.45609","75.684438"
"12264","37702","50","QLD","2026-04-15 19:02:06","H","11.453587","75.686766"
"12264","37702","49","QLD","2026-04-15 19:02:13","L","11.452939","75.687368"
"12264","37702","49","QLD","2026-04-15 19:02:24","J","11.45193","75.688311"
"12264","37702","47","QLD","2026-04-15 19:02:43","L","11.450229","75.689898"
"12264","37702","37","QLD","2026-04-15 19:03:13","L","11.447847","75.692121"
"12264","37702","30","QLD","2026-04-15 19:03:43","L","11.445913","75.693906"
"12264","37702","14","QLD","2026-04-15 19:04:13","L","11.444721","75.695034"
"12264","37702","0","QLD","2026-04-15 19:04:31","A","11.444428","75.695306"
"12264","37702","0","QLD","2026-04-15 19:04:43","L","11.444425","75.695308"
"12264","37702","0","QLD","2026-04-15 19:05:13","L","11.444425","75.695308"
"12264","37702","0","QLD","2026-04-15 19:05:43","L","11.444425","75.695308"
"12264","37702","9","QLD","2026-04-15 19:06:13","L","11.444211","75.695512"
"12264","37702","34","QLD","2026-04-15 19:06:43","L","11.443025","75.696623"
"12264","37702","59","QLD","2026-04-15 19:07:13","L","11.440294","75.699161"
"12264","37702","66","QLD","2026-04-15 19:07:25","K","11.438796","75.700357"
"12264","37702","67","QLD","2026-04-15 19:07:27","D","11.438519","75.700548"
"12264","37702","73","QLD","2026-04-15 19:07:43","L","11.43607","75.702"
"12264","37702","90","QLD","2026-04-15 19:08:13","L","11.430674","75.705077"
"12264","37702","100","QLD","2026-04-15 19:08:43","L","11.424347","75.708689"
"12264","37702","109","QLD","2026-04-15 19:09:13","L","11.417389","75.712668"
"12264","37702","109","QLD","2026-04-15 19:09:43","L","11.410231","75.716763"
"12264","37702","108","QLD","2026-04-15 19:10:13","L","11.403093","75.72084"
"12264","37702","108","QLD","2026-04-15 19:10:43","L","11.395977","75.724913"
"12264","37702","110","QLD","2026-04-15 19:11:13","L","11.388792","75.729016"
"12264","37702","107","QLD","2026-04-15 19:11:43","L","11.381659","75.733091"
"12264","37702","108","QLD","2026-04-15 19:12:13","L","11.374557","75.737147"
"12264","37702","106","QLD","2026-04-15 19:12:43","L","11.367476","75.741136"
"12264","37702","100","QLD","2026-04-15 19:13:13","L","11.359928","75.742633"
"12264","37702","99","ETR","2026-04-15 19:13:29","H","11.355978","75.741928"
"12264","37702","96","ETR","2026-04-15 19:13:44","L","11.352407","75.740953"
"12264","37702","96","ETR","2026-04-15 19:13:46","J","11.351926","75.740892"
"12264","37702","88","ETR","2026-04-15 19:14:14","L","11.345393","75.741175"
"12264","37702","89","ETR","2026-04-15 19:14:41","K","11.339584","75.742528"
"12264","37702","88","ETR","2026-04-15 19:14:44","L","11.338966","75.742789"
"12264","37702","89","ETR","2026-04-15 19:14:55","R","11.336694","75.74375"
"12264","37702","93","ETR","2026-04-15 19:15:14","L","11.332668","75.745452"
"12264","37702","101","ETR","2026-04-15 19:15:44","L","11.326083","75.74823"
"12264","37702","99","ETR","2026-04-15 19:16:14","L","11.318884","75.751263"
"12264","37702","107","ETR","2026-04-15 19:16:44","L","11.311724","75.754286"
"12264","37702","107","ETR","2026-04-15 19:17:14","L","11.304256","75.757435"
"12264","37702","107","ETR","2026-04-15 19:17:44","L","11.296754","75.760609"
"12264","37702","107","WH","2026-04-15 19:17:52","J","11.294762","75.761448"
"12264","37702","107","WH","2026-04-15 19:17:53","H","11.294514","75.761553"
"12264","37702","107","WH","2026-04-15 19:18:15","L","11.289048","75.763863"
"12264","37702","109","WH","2026-04-15 19:18:45","L","11.281501","75.76705"
"12264","37702","108","WH","2026-04-15 19:18:57","K","11.278488","75.768322"
"12264","37702","108","WH","2026-04-15 19:19:03","R","11.276987","75.768955"
"12264","37702","109","WH","2026-04-15 19:19:15","L","11.273955","75.770239"
"12264","37702","98","WH","2026-04-15 19:19:45","L","11.266597","75.773346"
"12264","37702","84","WH","2026-04-15 19:20:15","L","11.259943","75.776152"
"12264","37702","53","CLT","2026-04-15 19:20:41","H","11.255798","75.777847"
"12264","37702","49","CLT","2026-04-15 19:20:46","L","11.255206","75.778096"
"12264","37702","25","CLT","2026-04-15 19:21:17","L","11.252413","75.779267"
"12264","37702","16","CLT","2026-04-15 19:21:47","L","11.250759","75.779804"
"12264","37702","14","CLT","2026-04-15 19:22:17","L","11.249704","75.780101"
"12264","37702","14","CLT","2026-04-15 19:22:47","L","11.248677","75.78035"
"12264","37702","13","CLT","2026-04-15 19:23:17","L","11.247683","75.780726"
"12264","37702","14","CLT","2026-04-15 19:23:47","L","11.246641","75.780952"
"12264","37702","14","CLT","2026-04-15 19:24:17","L","11.2456","75.781141"
"12264","37702","14","CLT","2026-04-15 19:24:47","L","11.244585","75.781345"
"12264","37702","11","CLT","2026-04-15 19:25:17","L","11.243585","75.781717"
"12264","37702","0","CLT","2026-04-15 19:25:42","A","11.243234","75.781969"
"12264","37702","0","CLT","2026-04-15 19:25:47","L","11.243232","75.781971"
"12264","37702","0","CLT","2026-04-15 19:26:17","L","11.243232","75.781971"
"12264","37702","0","CLT","2026-04-15 19:26:47","L","11.243232","75.781971"
"12264","37702","0","CLT","2026-04-15 19:27:17","L","11.243232","75.781971"
"12264","37702","0","CLT","2026-04-15 19:27:47","L","11.243232","75.781971"
"12264","37702","0","CLT","2026-04-15 19:28:17","L","11.243232","75.781971"
"12264","37702","0","CLT","2026-04-15 19:28:47","L","11.243232","75.781971"
"12264","37702","0","CLT","2026-04-15 19:29:17","L","11.243232","75.781971"
"12264","37702","0","CLT","2026-04-15 19:29:47","L","11.243232","75.781971"
"12264","37702","0","CLT","2026-04-15 19:30:17","L","11.243232","75.781971"
"12264","37702","0","CLT","2026-04-15 19:30:47","L","11.243232","75.781971"
"12264","37702","0","CLT","2026-04-15 19:31:17","L","11.243232","75.781971"
"12264","37702","1","CLT","2026-04-15 19:31:47","L","11.243196","75.782021"
"12264","37702","11","CLT","2026-04-15 19:32:17","L","11.242874","75.782351"
"12264","37702","13","CLT","2026-04-15 19:32:47","L","11.242298","75.783214"
"12264","37702","14","CLT","2026-04-15 19:33:17","L","11.241819","75.784209"
"12264","37702","14","CLT","2026-04-15 19:33:47","L","11.241208","75.785081"
"12264","37702","13","CLT","2026-04-15 19:34:17","L","11.240363","75.785843"
"12264","37702","14","CLT","2026-04-15 19:34:47","L","11.239522","75.786311"
"12264","37702","15","KUL","2026-04-15 19:35:03","J","11.23895","75.786586"
"12264","37702","14","CLT","2026-04-15 19:35:12","D","11.238649","75.786732"
"12264","37702","13","CLT","2026-04-15 19:35:17","L","11.23849","75.786809"
"12264","37702","14","CLT","2026-04-15 19:35:47","L","11.237561","75.787244"
"12264","37702","14","KUL","2026-04-15 19:35:56","H","11.237261","75.787385"
"12264","37702","14","KUL","2026-04-15 19:36:18","L","11.236515","75.787738"
"12264","37702","28","KUL","2026-04-15 19:36:48","L","11.235187","75.788371"
"12264","37702","49","KUL","2026-04-15 19:37:18","L","11.232404","75.78935"
"12264","37702","61","KUL","2026-04-15 19:37:36","R","11.22998","75.790063"
"12264","37702","67","KUL","2026-04-15 19:37:48","L","11.228117","75.790634"
"12264","37702","80","KUL","2026-04-15 19:38:18","L","11.222739","75.792293"
"12264","37702","88","KUL","2026-04-15 19:38:39","K","11.218248","75.793684"
"12264","37702","91","KUL","2026-04-15 19:38:48","L","11.216509","75.794222"
"12264","37702","101","KUL","2026-04-15 19:39:18","L","11.210966","75.798413"
"12264","37702","109","KUL","2026-04-15 19:39:48","L","11.205549","75.804708"
"12264","37702","109","KUL","2026-04-15 19:40:18","L","11.200115","75.811019"
"12264","37702","106","KUL","2026-04-15 19:40:48","L","11.19474","75.817263"
"12264","37702","105","KUL","2026-04-15 19:41:18","L","11.189483","75.823365"
"12264","37702","109","FK","2026-04-15 19:41:45","J","11.183601","75.827947"
"12264","37702","110","KUL","2026-04-15 19:41:48","L","11.183067","75.828094"
"12264","37702","108","FK","2026-04-15 19:42:03","H","11.179076","75.829195"
"12264","37702","109","FK","2026-04-15 19:42:19","L","11.174857","75.830365"
"12264","37702","109","FK","2026-04-15 19:42:49","L","11.166672","75.830541"
"12264","37702","109","FK","2026-04-15 19:42:55","K","11.165027","75.83048"
"12264","37702","109","FK","2026-04-15 19:42:55","R","11.165027","75.83048"
"12264","37702","107","FK","2026-04-15 19:43:19","L","11.1586","75.8296"
"12264","37702","108","FK","2026-04-15 19:43:49","L","11.150503","75.828401"
"12264","37702","85","KN","2026-04-15 19:44:14","H","11.144419","75.827496"
"12264","37702","81","KN","2026-04-15 19:44:20","L","11.143178","75.827308"
"12264","37702","79","KN","2026-04-15 19:44:31","J","11.140994","75.826985"
"12264","37702","77","KN","2026-04-15 19:44:50","L","11.137279","75.826892"
"12264","37702","81","KN","2026-04-15 19:45:19","L","11.132143","75.829436"
"12264","37702","88","KN","2026-04-15 19:45:38","K","11.12839","75.831505"
"12264","37702","92","KN","2026-04-15 19:45:49","L","11.126389","75.832607"
"12264","37702","95","KN","2026-04-15 19:45:56","R","11.124934","75.833408"
"12264","37702","104","KN","2026-04-15 19:46:19","L","11.119814","75.836116"
"12264","37702","109","KN","2026-04-15 19:46:49","L","11.112689","75.840045"
"12264","37702","110","KN","2026-04-15 19:47:19","L","11.105424","75.844053"
"12264","37702","109","KN","2026-04-15 19:47:49","L","11.09816","75.848058"
"12264","37702","108","VLI","2026-04-15 19:48:06","H","11.094068","75.850317"
"12264","37702","108","VLI","2026-04-15 19:48:20","L","11.090718","75.852166"
"12264","37702","108","VLI","2026-04-15 19:48:20","R","11.090718","75.852166"
"12264","37702","109","VLI","2026-04-15 19:48:51","L","11.082687","75.854699"
"12264","37702","109","VLI","2026-04-15 19:49:21","L","11.074462","75.855279"
"12264","37702","106","VLI","2026-04-15 19:49:51","L","11.066546","75.855781"
"12264","37702","77","VLI","2026-04-15 19:50:21","L","11.059377","75.85625"
"12264","37702","51","PGI","2026-04-15 19:50:49","H","11.055052","75.856828"
"12264","37702","49","PGI","2026-04-15 19:50:52","L","11.054563","75.856962"
"12264","37702","45","PGI","2026-04-15 19:51:01","J","11.053552","75.85728"
"12264","37702","37","PGI","2026-04-15 19:51:22","L","11.051495","75.858143"
"12264","37702","28","PGI","2026-04-15 19:51:52","L","11.049451","75.859193"
"12264","37702","27","PGI","2026-04-15 19:52:22","L","11.047605","75.860151"
"12264","37702","19","PGI","2026-04-15 19:52:52","L","11.045922","75.860986"
"12264","37702","13","PGI","2026-04-15 19:53:22","L","11.044886","75.861489"
"12264","37702","3","PGI","2026-04-15 19:53:52","L","11.044251","75.861786"
"12264","37702","0","PGI","2026-04-15 19:53:57","A","11.044233","75.861797"
"12264","37702","0","PGI","2026-04-15 19:54:22","L","11.044234","75.861798"
"12264","37702","0","PGI","2026-04-15 19:54:52","L","11.044234","75.861798"
"12264","37702","0","PGI","2026-04-15 19:55:22","L","11.044234","75.861798"
"12264","37702","0","PGI","2026-04-15 19:55:52","L","11.04424","75.861816"
"12264","37702","2","PGI","2026-04-15 19:56:22","L","11.044219","75.861835"
"12264","37702","15","PGI","2026-04-15 19:56:52","L","11.043686","75.862103"
"12264","37702","27","PGI","2026-04-15 19:57:22","L","11.042111","75.862833"
"12264","37702","28","PGI","2026-04-15 19:57:52","L","11.040133","75.863804"
"12264","37702","28","PGI","2026-04-15 19:57:57","K","11.039809","75.863964"
"12264","37702","28","PGI","2026-04-15 19:58:02","D","11.039482","75.864124"
"12264","37702","29","PGI","2026-04-15 19:58:22","L","11.038157","75.864775"
"12264","37702","47","PGI","2026-04-15 19:58:52","L","11.035648","75.866014"
"12264","37702","83","PGI","2026-04-15 19:59:52","L","11.026426","75.869478"
"12264","37702","97","PGI","2026-04-15 20:00:22","L","11.019554","75.871128"
"12264","37702","106","PGI","2026-04-15 20:00:52","L","11.011971","75.872527"
"12264","37702","107","PGI","2026-04-15 20:01:22","L","11.004007","75.874221"
"12264","37702","110","PGI","2026-04-15 20:01:52","L","10.996282","75.87587"
"12264","37702","109","PGI","2026-04-15 20:02:22","L","10.988184","75.877596"
"12264","37702","109","TA","2026-04-15 20:02:26","H","10.986843","75.877913"
"12264","37702","108","TA","2026-04-15 20:02:46","J","10.981671","75.879759"
"12264","37702","109","TA","2026-04-15 20:03:23","L","10.973048","75.885077"
"12264","37702","109","TA","2026-04-15 20:03:23","K","10.973048","75.885077"
"12264","37702","109","TA","2026-04-15 20:03:34","R","10.970506","75.886718"
"12264","37702","109","TA","2026-04-15 20:03:53","L","10.966141","75.889606"
"12264","37702","110","TA","2026-04-15 20:04:23","L","10.959476","75.894036"
"12264","37702","107","TA","2026-04-15 20:04:53","L","10.952646","75.898604"
"12264","37702","109","TA","2026-04-15 20:05:23","L","10.945583","75.903329"
"12264","37702","107","TA","2026-04-15 20:05:53","L","10.938739","75.907909"
"12264","37702","100","TA","2026-04-15 20:06:23","L","10.932141","75.91233"
"12264","37702","62","TA","2026-04-15 20:06:53","L","10.927062","75.915727"
"12264","37702","50","TIR","2026-04-15 20:07:21","H","10.923893","75.917838"
"12264","37702","50","TIR","2026-04-15 20:07:24","J","10.923579","75.918058"
"12264","37702","50","TIR","2026-04-15 20:07:24","L","10.923477","75.918133"
"12264","37702","48","TIR","2026-04-15 20:08:03","L","10.920397","75.92032"
"12264","37702","37","TIR","2026-04-15 20:08:24","L","10.917826","75.922021"
"12264","37702","19","TIR","2026-04-15 20:08:54","L","10.915882","75.923305"
"12264","37702","9","TIR","2026-04-15 20:09:24","L","10.915142","75.923779"
"12264","37702","0","TIR","2026-04-15 20:09:44","A","10.914882","75.923991"
"12264","37702","0","TIR","2026-04-15 20:09:54","L","10.914882","75.923992"
"12264","37702","0","TIR","2026-04-15 20:10:24","L","10.914882","75.923992"
"12264","37702","0","TIR","2026-04-15 20:10:54","L","10.914882","75.923992"
"12264","37702","0","TIR","2026-04-15 20:11:24","L","10.914882","75.923992"
"12264","37702","0","TIR","2026-04-15 20:11:54","L","10.914882","75.923992"
"12264","37702","8","TIR","2026-04-15 20:12:24","L","10.914672","75.924151"
"12264","37702","26","TIR","2026-04-15 20:12:54","L","10.913593","75.924874"
"12264","37702","49","TIR","2026-04-15 20:13:24","L","10.91118","75.926473"
"12264","37702","54","TIR","2026-04-15 20:13:31","K","10.910416","75.926983"
"12264","37702","55","TIR","2026-04-15 20:13:32","D","10.910302","75.92706"
"12264","37702","68","TIR","2026-04-15 20:13:54","L","10.907585","75.928917"
"12264","37702","83","TIR","2026-04-15 20:14:24","L","10.90334","75.9328"
"12264","37702","89","TIR","2026-04-15 20:14:54","L","10.89912","75.938226"
"12264","37702","92","TIR","2026-04-15 20:15:24","L","10.895008","75.943625"
"12264","37702","102","TIR","2026-04-15 20:15:54","L","10.890516","75.949524"
"12264","37702","109","TIR","2026-04-15 20:16:24","L","10.885798","75.955725"
"12264","37702","108","TIR","2026-04-15 20:16:54","L","10.881863","75.962986"
"12264","37702","109","TIR","2026-04-15 20:17:24","L","10.879337","75.971259"
"12264","37702","107","TUA","2026-04-15 20:17:42","H","10.877916","75.976027"
"12264","37702","107","TUA","2026-04-15 20:17:54","J","10.876976","75.979183"
"12264","37702","107","TUA","2026-04-15 20:17:55","L","10.876898","75.979446"
"12264","37702","108","TUA","2026-04-15 20:18:25","L","10.87462","75.987118"
"12264","37702","108","TUA","2026-04-15 20:18:55","L","10.873247","75.995234"
"12264","37702","108","TUA","2026-04-15 20:18:55","R","10.873251","75.99551"
"12264","37702","106","TUA","2026-04-15 20:19:26","L","10.870807","76.003482"
"12264","37702","107","TUA","2026-04-15 20:19:56","L","10.866845","76.01063"
"12264","37702","109","TUA","2026-04-15 20:20:26","L","10.862398","76.017596"
"12264","37702","108","TUA","2026-04-15 20:20:49","K","10.873687","75.990295"
"12264","37702","88","TUA","2026-04-15 20:20:56","L","10.857738","76.02338"
"12264","37702","67","KTU","2026-04-15 20:21:13","H","10.855138","76.025703"
"12264","37702","49","KTU","2026-04-15 20:21:27","L","10.853501","76.026915"
"12264","37702","39","KTU","2026-04-15 20:21:53","J","10.851142","76.028513"
"12264","37702","38","KTU","2026-04-15 20:21:57","L","10.850816","76.028733"
"12264","37702","27","KTU","2026-04-15 20:22:27","L","10.848771","76.030105"
"12264","37702","27","KTU","2026-04-15 20:22:57","L","10.847154","76.031361"
"12264","37702","27","KTU","2026-04-15 20:23:27","L","10.846056","76.033144"
"12264","37702","15","KTU","2026-04-15 20:23:57","L","10.845794","76.034983"
"12264","37702","4","KTU","2026-04-15 20:24:27","L","10.845882","76.035665"
"12264","37702","0","KTU","2026-04-15 20:24:37","A","10.845903","76.035734"
"12264","37702","0","KTU","2026-04-15 20:24:57","L","10.845904","76.035735"
"12264","37702","0","KTU","2026-04-15 20:25:27","L","10.845904","76.035735"
"12264","37702","0","KTU","2026-04-15 20:25:57","L","10.845904","76.035735"
"12264","37702","0","KTU","2026-04-15 20:26:27","L","10.845904","76.035735"
"12264","37702","0","KTU","2026-04-15 20:26:57","L","10.845904","76.035735"
"12264","37702","0","KTU","2026-04-15 20:27:27","L","10.845904","76.035735"
"12264","37702","1","KTU","2026-04-15 20:27:57","L","10.845912","76.035748"
"12264","37702","13","KTU","2026-04-15 20:28:27","L","10.846068","76.036255"
"12264","37702","26","KTU","2026-04-15 20:28:57","L","10.846914","76.037669"
"12264","37702","28","KTU","2026-04-15 20:29:27","L","10.848434","76.039148"
"12264","37702","29","KTU","2026-04-15 20:29:57","L","10.849807","76.040793"
"12264","37702","28","KTU","2026-04-15 20:30:27","L","10.850665","76.042835"
"12264","37702","29","KTU","2026-04-15 20:30:41","D","10.85086","76.043901"
"12264","37702","34","KTU","2026-04-15 20:30:57","L","10.851027","76.045188"
"12264","37702","54","KTU","2026-04-15 20:31:27","L","10.851183","76.048544"
"12264","37702","72","KTU","2026-04-15 20:31:57","L","10.849709","76.053162"
"12264","37702","84","KTU","2026-04-15 20:32:27","L","10.846132","76.057657"
"12264","37702","28","KTU","2026-04-15 20:32:49","K","10.850808","76.043533"
"12264","37702","89","KTU","2026-04-15 20:32:58","L","10.842058","76.062874"
"12264","37702","89","KTU","2026-04-15 20:33:27","L","10.841266","76.069618"
"12264","37702","88","KTU","2026-04-15 20:33:58","L","10.842539","76.076035"
"12264","37702","89","KTU","2026-04-15 20:34:27","L","10.841479","76.082704"
"12264","37702","85","KTU","2026-04-15 20:34:57","L","10.841877","76.089147"
"12264","37702","81","KTU","2026-04-15 20:35:27","L","10.840905","76.095325"
"12264","37702","70","KTU","2026-04-15 20:35:57","L","10.840781","76.101299"
"12264","37702","50","PUM","2026-04-15 20:36:12","H","10.841953","76.103296"
"12264","37702","23","PUM","2026-04-15 20:36:28","L","10.842657","76.104573"
"12264","37702","19","PUM","2026-04-15 20:36:59","L","10.843131","76.105924"
"12264","37702","19","PUM","2026-04-15 20:37:10","J","10.843241","76.106508"
"12264","37702","25","PUM","2026-04-15 20:37:28","L","10.843332","76.107509"
"12264","37702","32","PUM","2026-04-15 20:37:58","L","10.843047","76.109899"
"12264","37702","40","PUM","2026-04-15 20:38:28","L","10.841866","76.112302"
"12264","37702","57","PUM","2026-04-15 20:38:58","L","10.839657","76.115306"
"12264","37702","70","PUM","2026-04-15 20:39:28","L","10.836868","76.119085"
"12264","37702","72","PUM","2026-04-15 20:39:31","K","10.836435","76.11967"
"12264","37702","73","PUM","2026-04-15 20:39:33","R","10.836215","76.119968"
"12264","37702","73","PUM","2026-04-15 20:39:58","L","10.833523","76.12364"
"12264","37702","70","PUM","2026-04-15 20:40:28","L","10.830514","76.12867"
"12264","37702","45","PUM","2026-04-15 20:40:58","L","10.828403","76.132461"
"12264","37702","39","PUM","2026-04-15 20:41:28","L","10.826512","76.134958"
"12264","37702","36","PUM","2026-04-15 20:41:58","L","10.824578","76.13692"
"12264","37702","38","PUM","2026-04-15 20:42:28","L","10.822423","76.13878"
"12264","37702","40","PUM","2026-04-15 20:42:59","L","10.820074","76.140732"
"12264","37702","40","PUM","2026-04-15 20:43:28","L","10.817756","76.142649"
"12264","37702","39","PUM","2026-04-15 20:43:58","L","10.815468","76.144566"
"12264","37702","39","PUM","2026-04-15 20:44:28","L","10.813246","76.146416"
"12264","37702","37","PUM","2026-04-15 20:44:58","L","10.810983","76.148294"
"12264","37702","38","PUM","2026-04-15 20:45:27","L","10.808906","76.150241"
"12264","37702","43","PUM","2026-04-15 20:45:57","L","10.807111","76.152736"
"12264","37702","64","PUM","2026-04-15 20:46:27","L","10.805558","76.156539"
"12264","37702","71","PUM","2026-04-15 20:46:57","L","10.803992","76.161471"
"12264","37702","78","PUM","2026-04-15 20:47:27","L","10.802487","76.16694"
"12264","37702","85","PTB","2026-04-15 20:47:47","J","10.80217","76.171112"
"12264","37702","86","PTB","2026-04-15 20:47:48","H","10.802167","76.17155"
"12264","37702","88","PTB","2026-04-15 20:47:58","L","10.802156","76.173785"
"12264","37702","88","PTB","2026-04-15 20:48:28","L","10.802121","76.180533"
"12264","37702","87","PTB","2026-04-15 20:48:56","K","10.799659","76.186116"
"12264","37702","87","PTB","2026-04-15 20:48:58","L","10.799322","76.186405"
"12264","37702","89","PTB","2026-04-15 20:49:28","R","10.79406","76.189815"
"12264","37702","89","PTB","2026-04-15 20:49:28","L","10.793884","76.189954"
"12264","37702","101","PTB","2026-04-15 20:50:28","L","10.785875","76.202377"
"12264","37702","89","PTB","2026-04-15 20:50:58","L","10.783482","76.20936"
"12264","37702","50","KRKD","2026-04-15 20:52:09","H","10.78413","76.220008"
"12264","37702","48","KRKD","2026-04-15 20:52:29","L","10.783967","76.22265"
"12264","37702","46","KRKD","2026-04-15 20:52:40","J","10.783663","76.223952"
"12264","37702","37","KRKD","2026-04-15 20:52:59","L","10.783035","76.225785"
"12264","37702","29","KRKD","2026-04-15 20:53:29","L","10.782075","76.228199"
"12264","37702","23","KRKD","2026-04-15 20:53:59","L","10.781324","76.230065"
"12264","37702","13","KRKD","2026-04-15 20:54:29","L","10.780876","76.231287"
"12264","37702","29","KRKD","2026-04-15 20:54:59","L","10.780289","76.232762"
"12264","37702","42","KRKD","2026-04-15 20:55:18","K","10.779625","76.234393"
"12264","37702","50","KRKD","2026-04-15 20:55:29","L","10.779091","76.235714"
"12264","37702","58","KRKD","2026-04-15 20:55:44","R","10.778308","76.237642"
"12264","37702","66","KRKD","2026-04-15 20:56:00","L","10.777455","76.240033"
"12264","37702","88","KRKD","2026-04-15 20:57:01","L","10.77403","76.25161"
"12264","37702","62","KRKD","2026-04-15 20:57:30","L","10.770636","76.257193"
"12264","37702","32","KRKD","2026-04-15 20:58:00","L","10.768259","76.259235"
"12264","37702","23","KRKD","2026-04-15 20:58:30","L","10.766525","76.260355"
"12264","37702","17","KRKD","2026-04-15 20:59:00","L","10.765373","76.261157"
"12264","37702","16","KRKD","2026-04-15 20:59:31","L","10.764366","76.262029"
"12264","37702","12","KRKD","2026-04-15 21:00:00","L","10.763571","76.262814"
"12264","37702","7","KRKD","2026-04-15 21:00:30","L","10.76308","76.263415"
"12264","37702","7","KRKD","2026-04-15 21:01:00","L","10.762819","76.26373"
"12264","37702","13","SRR","2026-04-15 21:01:13","H","10.762557","76.264059"
"12264","37702","14","SRR","2026-04-15 21:01:31","L","10.762164","76.26458"
"12264","37702","13","SRR","2026-04-15 21:02:01","L","10.761482","76.265495"
"12264","37702","12","SRR","2026-04-15 21:02:31","L","10.760922","76.266372"
"12264","37702","13","SRR","2026-04-15 21:03:00","J","10.760463","76.267228"
"12264","37702","13","SRR","2026-04-15 21:03:01","L","10.760463","76.267228"
"12264","37702","13","SRR","2026-04-15 21:03:31","L","10.759994","76.268237"
"12264","37702","14","SRR","2026-04-15 21:04:01","L","10.759586","76.269292"
"12264","37702","14","SRR","2026-04-15 21:04:31","L","10.759228","76.270329"
"12264","37702","13","SRR","2026-04-15 21:05:01","L","10.758963","76.271344"
"12264","37702","14","SRR","2026-04-15 21:05:31","L","10.758782","76.272376"
"12264","37702","13","SRR","2026-04-15 21:06:04","L","10.758619","76.273464"
"12264","37702","1","SRR","2026-04-15 21:06:34","L","10.758554","76.274042"
"12264","37702","0","SRR","2026-04-15 21:06:35","A","10.758552","76.274043"
"12264","37702","0","SRR","2026-04-15 21:07:04","L","10.758553","76.274044"
"12264","37702","0","SRR","2026-04-15 21:07:34","L","10.758553","76.274044"
"12264","37702","0","SRR","2026-04-15 21:08:04","L","10.758553","76.274044"
"12264","37702","0","SRR","2026-04-15 21:08:34","L","10.758553","76.274044"
"12264","37702","0","SRR","2026-04-15 21:09:04","L","10.758553","76.274044"
"12264","37702","0","SRR","2026-04-15 21:09:34","L","10.758553","76.274044"
"12264","37702","0","SRR","2026-04-15 21:10:04","L","10.758553","76.274044"
"12264","37702","0","SRR","2026-04-15 21:10:34","L","10.758553","76.274044"
"12264","37702","0","SRR","2026-04-15 21:11:04","L","10.758553","76.274044"
"12264","37702","0","SRR","2026-04-15 21:11:34","L","10.758553","76.274044"
"12264","37702","0","SRR","2026-04-15 21:12:04","L","10.758553","76.274044"
"12264","37702","0","SRR","2026-04-15 21:12:34","L","10.758553","76.274044"
"12264","37702","0","SRR","2026-04-15 21:13:04","L","10.758664","76.274088"
"12264","37702","0","SRR","2026-04-15 21:13:34","L","10.758664","76.274088"
"12264","37702","0","SRR","2026-04-15 21:14:04","L","10.758664","76.274088"
"12264","37702","0","SRR","2026-04-15 21:14:34","L","10.758664","76.274088"
"12264","37702","0","SRR","2026-04-15 21:15:04","L","10.758664","76.274088"
"12264","37702","0","SRR","2026-04-15 21:15:34","L","10.758664","76.274088"
"12264","37702","0","SRR","2026-04-15 21:16:04","L","10.758664","76.274088"
"12264","37702","0","SRR","2026-04-15 21:16:34","L","10.758664","76.274088"
"12264","37702","0","SRR","2026-04-15 21:17:04","L","10.758664","76.274088"
"12264","37702","7","SRR","2026-04-15 21:17:34","L","10.758614","76.274408"
"12264","37702","12","SRR","2026-04-15 21:18:04","L","10.758474","76.27521"
"12264","37702","12","SRR","2026-04-15 21:18:34","L","10.758298","76.27617"
"12264","37702","13","SRR","2026-04-15 21:19:04","L","10.758196","76.277187"
"12264","37702","12","SRR","2026-04-15 21:19:34","L","10.758217","76.278145"
"12264","37702","12","SRR","2026-04-15 21:20:04","L","10.758363","76.27908"
"12264","37702","14","SRR","2026-04-15 21:20:34","L","10.758532","76.280141"
"12264","37702","13","SRR","2026-04-15 21:21:02","D","10.758686","76.281142"
"12264","37702","13","SRR","2026-04-15 21:21:04","L","10.758695","76.28121"
"12264","37702","13","SRR","2026-04-15 21:21:34","L","10.758791","76.282184"
"12264","37702","16","SRRA","2026-04-15 21:21:57","H","10.758839","76.283118"
"12264","37702","17","SRRA","2026-04-15 21:22:05","L","10.758849","76.283414"
"12264","37702","28","SRRA","2026-04-15 21:22:35","L","10.758894","76.285183"
"12264","37702","27","SRRA","2026-04-15 21:23:05","L","10.758813","76.287382"
"12264","37702","27","SRRA","2026-04-15 21:23:11","R","10.758778","76.287727"
"12264","37702","30","SRRA","2026-04-15 21:23:30","K","10.758599","76.28909"
"12264","37702","31","SRRA","2026-04-15 21:23:35","L","10.758522","76.289562"
"12264","37702","48","SRRA","2026-04-15 21:24:05","L","10.757905","76.292353"
"12264","37702","55","SRRA","2026-04-15 21:24:35","L","10.756575","76.296482"
"12264","37702","54","SRRA","2026-04-15 21:25:05","L","10.755253","76.30046"
"12264","37702","67","SRRA","2026-04-15 21:25:35","L","10.753848","76.304796"
"12264","37702","82","SRRA","2026-04-15 21:26:06","L","10.752138","76.310072"
"12264","37702","90","MXM","2026-04-15 21:26:29","J","10.750442","76.315359"
"12264","37702","93","MNUR","2026-04-15 21:26:30","H","10.750369","76.315582"
"12264","37702","92","MNUR","2026-04-15 21:26:31","J","10.750299","76.315806"
"12264","37702","94","MNUR","2026-04-15 21:26:36","L","10.749979","76.31695"
"12264","37702","101","MNUR","2026-04-15 21:27:06","L","10.749082","76.32435"
"12264","37702","106","MNUR","2026-04-15 21:27:31","K","10.749818","76.330663"
"12264","37702","106","MNUR","2026-04-15 21:27:36","L","10.750174","76.33225"
"12264","37702","105","MNUR","2026-04-15 21:27:42","R","10.750579","76.333807"
"12264","37702","102","MNUR","2026-04-15 21:28:06","L","10.75128","76.339789"
"12264","37702","99","MNUR","2026-04-15 21:28:36","L","10.749432","76.347175"
"12264","37702","97","MNUR","2026-04-15 21:29:06","L","10.750308","76.354791"
"12264","37702","100","MNUR","2026-04-15 21:29:36","L","10.756259","76.358874"
"12264","37702","101","MNUR","2026-04-15 21:30:06","L","10.763125","76.361968"
"12264","37702","109","MNUR","2026-04-15 21:30:38","L","10.76767","76.368145"
"12264","37702","109","OTP","2026-04-15 21:30:41","H","10.768185","76.369728"
"12264","37702","109","OTP","2026-04-15 21:30:42","J","10.768252","76.369996"
"12264","37702","105","OTP","2026-04-15 21:31:07","L","10.7694","76.376733"
"12264","37702","98","OTP","2026-04-15 21:31:29","K","10.770263","76.382351"
"12264","37702","98","OTP","2026-04-15 21:31:37","L","10.770546","76.384338"
"12264","37702","98","OTP","2026-04-15 21:31:42","R","10.77054","76.385337"
"12264","37702","99","OTP","2026-04-15 21:32:07","L","10.767331","76.390689"
"12264","37702","100","OTP","2026-04-15 21:32:37","L","10.760359","76.39269"
"12264","37702","102","OTP","2026-04-15 21:33:37","L","10.750661","76.403133"
"12264","37702","107","LDY","2026-04-15 21:35:00","J","10.752384","76.425228"
"12264","37702","107","LDY","2026-04-15 21:35:03","H","10.752446","76.426048"
"12264","37702","107","LDY","2026-04-15 21:35:09","L","10.752524","76.427144"
"12264","37702","108","OTP","2026-04-15 21:35:19","L","10.751879","76.41893"
"12264","37702","109","LDY","2026-04-15 21:35:39","L","10.75322","76.435945"
"12264","37702","109","LDY","2026-04-15 21:35:53","K","10.753892","76.439779"
"12264","37702","108","LDY","2026-04-15 21:36:03","R","10.75466","76.442145"
"12264","37702","108","LDY","2026-04-15 21:36:09","L","10.755356","76.443946"
"12264","37702","108","LDY","2026-04-15 21:36:39","L","10.756634","76.451829"
"12264","37702","107","LDY","2026-04-15 21:37:09","L","10.755643","76.46003"
"12264","37702","108","LDY","2026-04-15 21:37:39","L","10.755369","76.468532"
"12264","37702","108","LDY","2026-04-15 21:38:10","L","10.757414","76.476538"
"12264","37702","107","LDY","2026-04-15 21:38:39","L","10.761597","76.483581"
"12264","37702","107","LDY","2026-04-15 21:39:09","L","10.766574","76.48966"
"12264","37702","108","LDY","2026-04-15 21:39:39","L","10.770242","76.497083"
"12264","37702","108","MNY","2026-04-15 21:39:39","H","10.770353","76.497335"
"12264","37702","108","MNY","2026-04-15 21:40:04","R","10.773783","76.503303"
"12264","37702","107","MNY","2026-04-15 21:40:10","L","10.774918","76.504482"
"12264","37702","108","MNY","2026-04-15 21:40:40","L","10.780367","76.510183"
"12264","37702","95","MNY","2026-04-15 21:41:10","L","10.785588","76.51661"
"12264","37702","43","MNY","2026-04-15 21:41:40","L","10.788532","76.520669"
"12264","37702","28","MNY","2026-04-15 21:42:10","L","10.79","76.522624"
"12264","37702","27","MNY","2026-04-15 21:42:40","L","10.791159","76.524536"
"12264","37702","27","MNY","2026-04-15 21:43:11","L","10.791926","76.526476"
"12264","37702","28","MNY","2026-04-15 21:43:40","L","10.79242","76.528417"
"12264","37702","37","MNY","2026-04-15 21:44:10","L","10.79265","76.530789"
"12264","37702","56","MNY","2026-04-15 21:44:40","L","10.792579","76.534361"
"12264","37702","73","MNY","2026-04-15 21:45:10","L","10.79373","76.539335"
"12264","37702","86","MNY","2026-04-15 21:45:40","L","10.796352","76.54487"
"12264","37702","97","MNY","2026-04-15 21:46:09","L","10.798593","76.551247"
"12264","37702","99","PLL","2026-04-15 21:46:16","H","10.798705","76.552994"
"12264","37702","104","PLL","2026-04-15 21:46:40","L","10.80017","76.558786"
"12264","37702","107","PLL","2026-04-15 21:47:10","L","10.802682","76.566692"
"12264","37702","107","PLL","2026-04-15 21:47:11","R","10.802759","76.566953"
"12264","37702","108","PLL","2026-04-15 21:47:12","K","10.80283","76.567218"
"12264","37702","109","PLL","2026-04-15 21:47:40","L","10.803902","76.574912"
"12264","37702","107","PLL","2026-04-15 21:48:10","L","10.803679","76.583193"
"12264","37702","109","PLL","2026-04-15 21:48:40","L","10.802894","76.591458"
"12264","37702","109","PLL","2026-04-15 21:49:10","L","10.801633","76.599431"
"12264","37702","108","PLL","2026-04-15 21:49:40","L","10.800293","76.607924"
"12264","37702","102","PLL","2026-04-15 21:50:10","L","10.798987","76.615944"
"12264","37702","87","PLL","2026-04-15 21:50:41","L","10.797814","76.623166"
"12264","37702","46","PLL","2026-04-15 21:51:10","L","10.79759","76.628072"
"12264","37702","32","PLL","2026-04-15 21:51:40","L","10.797875","76.630852"
"12264","37702","31","PGT","2026-04-15 21:51:42","J","10.797911","76.631092"
"12264","37702","30","PGT","2026-04-15 21:51:51","H","10.798029","76.631794"
"12264","37702","27","PGT","2026-04-15 21:52:11","L","10.798287","76.633259"
"12264","37702","20","PGT","2026-04-15 21:52:41","L","10.798702","76.635138"
"12264","37702","13","PGT","2026-04-15 21:53:11","L","10.799134","76.636249"
"12264","37702","13","PGT","2026-04-15 21:53:41","L","10.799432","76.637221"
"12264","37702","13","PGT","2026-04-15 21:54:11","L","10.799803","76.638234"
"12264","37702","14","PGT","2026-04-15 21:54:41","L","10.800177","76.639231"
"12264","37702","15","PGT","2026-04-15 21:55:11","L","10.800587","76.640272"
"12264","37702","12","PGT","2026-04-15 21:55:41","L","10.801065","76.641267"
"12264","37702","0","PGT","2026-04-15 21:56:04","A","10.801301","76.641682"
"12264","37702","0","PGT","2026-04-15 21:56:11","L","10.801301","76.641678"
"12264","37702","0","PGT","2026-04-15 21:56:41","L","10.801303","76.641679"
"12264","37702","0","PGT","2026-04-15 21:57:11","L","10.801319","76.641674"
"12264","37702","0","PGT","2026-04-15 21:57:41","L","10.801319","76.641674"
"12264","37702","0","PGT","2026-04-15 21:58:11","L","10.801319","76.641674"
"12264","37702","0","PGT","2026-04-15 21:58:41","L","10.801319","76.641674"
"12264","37702","0","PGT","2026-04-15 21:59:11","L","10.801319","76.641674"
"12264","37702","0","PGT","2026-04-15 21:59:41","L","10.801319","76.641674"
"12264","37702","0","PGT","2026-04-15 22:00:11","L","10.801319","76.641674"
"12264","37702","0","PGT","2026-04-15 22:00:41","L","10.801319","76.641674"
"12264","37702","0","PGT","2026-04-15 22:01:11","L","10.801319","76.641674"
"12264","37702","3","PGT","2026-04-15 22:01:41","L","10.801561","76.6417"
"12264","37702","10","PGT","2026-04-15 22:02:11","L","10.801851","76.642182"
"12264","37702","14","PGT","2026-04-15 22:02:41","L","10.802323","76.643049"
"12264","37702","14","PGT","2026-04-15 22:03:11","L","10.802807","76.644013"
"12264","37702","15","PGT","2026-04-15 22:03:41","L","10.803312","76.645019"
"12264","37702","14","PGT","2026-04-15 22:04:06","K","10.803764","76.645885"
"12264","37702","14","PGT","2026-04-15 22:04:11","L","10.803846","76.64605"
"12264","37702","14","PGT","2026-04-15 22:04:12","D","10.803846","76.64605"
"12264","37702","15","PGT","2026-04-15 22:04:42","L","10.804373","76.647073"
"12264","37702","17","PGT","2026-04-15 22:05:12","L","10.804899","76.648114"
"12264","37702","24","PGT","2026-04-15 22:05:42","L","10.805609","76.649483"
"12264","37702","28","PGT","2026-04-15 22:06:12","L","10.806602","76.651336"
"12264","37702","32","PGT","2026-04-15 22:06:42","L","10.807712","76.65345"
"12264","37702","50","PGT","2026-04-15 22:07:12","L","10.809136","76.656188"
"12264","37702","66","PGT","2026-04-15 22:07:42","L","10.811205","76.660165"
"12264","37702","78","PGT","2026-04-15 22:08:12","L","10.813378","76.665029"
"12264","37702","90","PGT","2026-04-15 22:08:42","L","10.814442","76.67139"
"12264","37702","98","PGT","2026-04-15 22:09:12","L","10.815351","76.678725"
"12264","37702","92","PGT","2026-04-15 22:09:42","L","10.816051","76.686212"
"12264","37702","61","KTKU","2026-04-15 22:10:06","J","10.816202","76.690739"
"12264","37702","59","KTKU","2026-04-15 22:10:07","H","10.816186","76.691045"
"12264","37702","53","KTKU","2026-04-15 22:10:13","L","10.816131","76.691896"
"12264","37702","41","KTKU","2026-04-15 22:10:39","J","10.815745","76.694799"
"12264","37702","42","KTKU","2026-04-15 22:10:43","L","10.815701","76.695118"
"12264","37702","43","KTKU","2026-04-15 22:10:55","R","10.815408","76.696495"
"12264","37702","44","KTKU","2026-04-15 22:11:13","L","10.814872","76.69843"
"12264","37702","44","KTKU","2026-04-15 22:11:43","L","10.813604","76.701583"
"12264","37702","44","KTKU","2026-04-15 22:12:13","L","10.812088","76.704612"
"12264","37702","44","KTKU","2026-04-15 22:12:43","L","10.810623","76.707547"
"12264","37702","44","KTKU","2026-04-15 22:13:13","L","10.809166","76.710552"
"12264","37702","44","KTKU","2026-04-15 22:13:43","L","10.807604","76.71368"
"12264","37702","44","KTKU","2026-04-15 22:14:13","L","10.806137","76.716699"
"12264","37702","45","KTKU","2026-04-15 22:14:43","L","10.804635","76.719732"
"12264","37702","44","KTKU","2026-04-15 22:15:13","L","10.803143","76.722683"
"12264","37702","43","KTKU","2026-04-15 22:15:43","L","10.801963","76.725806"
"12264","37702","44","KTKU","2026-04-15 22:16:13","L","10.801465","76.72926"
"12264","37702","45","KTKU","2026-04-15 22:16:43","L","10.801818","76.732672"
"12264","37702","47","KTKU","2026-04-15 22:17:13","L","10.802736","76.73596"
"12264","37702","49","KTKU","2026-04-15 22:17:43","L","10.803155","76.739611"
"12264","37702","46","KJKD","2026-04-15 22:18:03","J","10.802934","76.742047"
"12264","37702","45","KJKD","2026-04-15 22:18:05","H","10.802869","76.742393"
"12264","37702","47","KJKD","2026-04-15 22:18:14","L","10.802629","76.743426"
"12264","37702","59","KJKD","2026-04-15 22:18:44","L","10.801594","76.747314"
"12264","37702","55","KJKD","2026-04-15 22:19:14","L","10.800472","76.751775"
"12264","37702","43","KJKD","2026-04-15 22:19:44","L","10.800213","76.755332"
"12264","37702","44","KJKD","2026-04-15 22:20:14","L","10.800384","76.758576"
"12264","37702","43","KJKD","2026-04-15 22:20:43","K","10.801374","76.761696"
"12264","37702","43","KJKD","2026-04-15 22:20:44","L","10.801439","76.761784"
"12264","37702","44","KJKD","2026-04-15 22:21:14","L","10.804243","76.763468"
"12264","37702","42","KJKD","2026-04-15 22:21:44","L","10.80749","76.762899"
"12264","37702","43","KJKD","2026-04-15 22:22:14","L","10.810376","76.761768"
"12264","37702","43","KJKD","2026-04-15 22:22:22","R","10.811451","76.761522"
"12264","37702","42","KJKD","2026-04-15 22:22:44","L","10.813665","76.761771"
"12264","37702","43","KJKD","2026-04-15 22:23:14","L","10.816784","76.762959"
"12264","37702","43","KJKD","2026-04-15 22:23:44","L","10.8197","76.764368"
"12264","37702","43","KJKD","2026-04-15 22:24:20","L","10.822939","76.765289"
"12264","37702","42","KJKD","2026-04-15 22:24:44","L","10.825455","76.767206"
"12264","37702","43","KJKD","2026-04-15 22:25:14","L","10.826836","76.77017"
"12264","37702","42","KJKD","2026-04-15 22:25:44","L","10.826325","76.773506"
"12264","37702","43","KJKD","2026-04-15 22:26:14","L","10.825516","76.776651"
"12264","37702","43","KJKD","2026-04-15 22:26:44","L","10.826137","76.77985"
"12264","37702","44","KJKD","2026-04-15 22:27:14","L","10.827497","76.782745"
"12264","37702","42","KJKD","2026-04-15 22:27:44","L","10.82857","76.78593"
"12264","37702","41","KJKD","2026-04-15 22:28:14","L","10.829104","76.789138"
"12264","37702","42","KJKD","2026-04-15 22:28:44","L","10.831403","76.791465"
"12264","37702","43","KJKD","2026-04-15 22:29:14","L","10.833907","76.793433"
"12264","37702","43","KJKD","2026-04-15 22:29:44","L","10.835567","76.796108"
"12264","37702","42","KJKD","2026-04-15 22:30:14","L","10.836221","76.799505"
"12264","37702","42","KJKD","2026-04-15 22:30:44","L","10.8383","76.80196"
"12264","37702","43","KJKD","2026-04-15 22:31:14","L","10.839597","76.804946"
"12264","37702","47","KJKD","2026-04-15 22:31:44","L","10.840315","76.808048"
"12264","37702","42","KJKD","2026-04-15 22:32:14","L","10.840569","76.811307"
"12264","37702","42","KJKD","2026-04-15 22:32:44","L","10.840849","76.814732"
"12264","37702","42","KJKD","2026-04-15 22:33:16","L","10.841338","76.817953"
"12264","37702","43","KJKD","2026-04-15 22:33:49","L","10.840777","76.821114"
"12264","37702","42","KJKD","2026-04-15 22:34:15","L","10.84008","76.824332"
"12264","37702","42","KJKD","2026-04-15 22:34:44","L","10.840564","76.827618"
"12264","37702","43","KJKD","2026-04-15 22:35:15","L","10.841361","76.830866"
"12264","37702","43","WRA","2026-04-15 22:35:16","H","10.841389","76.831085"
"12264","37702","42","WRA","2026-04-15 22:35:45","L","10.84185","76.834084"
"12264","37702","43","WRA","2026-04-15 22:36:15","L","10.843501","76.836775"
"12264","37702","38","WRA","2026-04-15 22:36:45","L","10.846571","76.837494"
"12264","37702","32","WRA","2026-04-15 22:37:15","L","10.849192","76.838072"
"12264","37702","27","WRA","2026-04-15 22:37:45","L","10.851372","76.838383"
"12264","37702","27","WRA","2026-04-15 22:38:15","L","10.853321","76.837837"
"12264","37702","27","WRA","2026-04-15 22:38:45","L","10.854932","76.836569"
"12264","37702","28","WRA","2026-04-15 22:38:46","K","10.855023","76.836461"
"12264","37702","28","WRA","2026-04-15 22:38:57","R","10.855513","76.835802"
"12264","37702","28","WRA","2026-04-15 22:39:15","L","10.856181","76.83473"
"12264","37702","38","WRA","2026-04-15 22:40:10","L","10.857435","76.832642"
"12264","37702","43","WRA","2026-04-15 22:40:15","L","10.859614","76.830368"
"12264","37702","44","WRA","2026-04-15 22:40:45","L","10.862832","76.830047"
"12264","37702","43","WRA","2026-04-15 22:41:15","L","10.865484","76.831912"
"12264","37702","43","WRA","2026-04-15 22:41:45","L","10.867767","76.83427"
"12264","37702","43","WRA","2026-04-15 22:42:15","L","10.870054","76.836636"
"12264","37702","43","WRA","2026-04-15 22:42:45","L","10.872346","76.839014"
"12264","37702","43","WRA","2026-04-15 22:43:15","L","10.873806","76.841972"
"12264","37702","43","WRA","2026-04-15 22:44:15","L","10.874835","76.84853"
"12264","37702","43","WRA","2026-04-15 22:44:20","L","10.87435","76.84523"
"12264","37702","43","WRA","2026-04-15 22:44:47","L","10.875319","76.85183"
"12264","37702","43","WRA","2026-04-15 22:45:50","L","10.875809","76.855103"
"12264","37702","43","WRA","2026-04-15 22:46:00","L","10.876296","76.858419"
"12264","37702","43","WRA","2026-04-15 22:46:15","L","10.876842","76.861685"
"12264","37702","46","WRA","2026-04-15 22:46:44","L","10.878372","76.864636"
"12264","37702","57","WRA","2026-04-15 22:47:14","L","10.881008","76.867623"
"12264","37702","64","WRA","2026-04-15 22:47:44","L","10.883381","76.87144"
"12264","37702","65","WRA","2026-04-15 22:48:14","L","10.885558","76.875746"
"12264","37702","63","WRA","2026-04-15 22:48:44","L","10.888935","76.879538"
"12264","37702","65","WRA","2026-04-15 22:49:14","L","10.892661","76.882661"
"12264","37702","64","WRA","2026-04-15 22:49:44","L","10.895585","76.886591"
"12264","37702","64","ETMD","2026-04-15 22:50:04","H","10.896692","76.889666"
"12264","37702","64","ETMD","2026-04-15 22:50:15","L","10.89709","76.891292"
"12264","37702","65","ETMD","2026-04-15 22:50:21","J","10.897369","76.892424"
"12264","37702","62","ETMD","2026-04-15 22:50:45","L","10.898353","76.896244"
"12264","37702","63","ETMD","2026-04-15 22:51:15","L","10.898789","76.901072"
"12264","37702","63","ETMD","2026-04-15 22:51:18","K","10.898802","76.901722"
"12264","37702","63","ETMD","2026-04-15 22:51:22","R","10.898813","76.902211"
"12264","37702","58","ETMD","2026-04-15 22:51:45","L","10.898903","76.905839"
"12264","37702","47","ETMD","2026-04-15 22:52:15","L","10.898653","76.909842"
"12264","37702","42","ETMD","2026-04-15 22:52:45","L","10.897517","76.912919"
"12264","37702","42","ETMD","2026-04-15 22:53:15","L","10.896841","76.916205"
"12264","37702","43","ETMD","2026-04-15 22:53:45","L","10.897555","76.919391"
"12264","37702","43","ETMD","2026-04-15 22:54:15","L","10.898731","76.922469"
"12264","37702","43","ETMD","2026-04-15 22:54:45","L","10.899772","76.92544"
"12264","37702","44","MDAD","2026-04-15 22:55:02","H","10.900176","76.927445"
"12264","37702","43","MDAD","2026-04-15 22:55:16","L","10.900313","76.928966"
"12264","37702","42","MDAD","2026-04-15 22:55:46","L","10.900395","76.932228"
"12264","37702","42","MDKI","2026-04-15 22:55:53","J","10.900313","76.932867"
"12264","37702","41","MDAD","2026-04-15 22:56:02","R","10.900057","76.933902"
"12264","37702","46","MDAD","2026-04-15 22:56:16","L","10.899762","76.935428"
"12264","37702","49","MDKI","2026-04-15 22:56:21","H","10.89973","76.936035"
"12264","37702","61","MDKI","2026-04-15 22:56:47","L","10.9001","76.939525"
"12264","37702","75","MDKI","2026-04-15 22:57:17","L","10.900417","76.944839"
"12264","37702","84","MDKI","2026-04-15 22:57:44","K","10.900748","76.950329"
"12264","37702","84","MDKI","2026-04-15 22:57:46","R","10.900859","76.950743"
"12264","37702","84","MDKI","2026-04-15 22:57:47","L","10.900921","76.950949"
"12264","37702","87","MDKI","2026-04-15 22:58:17","L","10.904565","76.956306"
"12264","37702","90","MDKI","2026-04-15 22:58:47","L","10.91088","76.958706"
"12264","37702","91","MDKI","2026-04-15 22:59:18","L","10.917444","76.957926"
"12264","37702","93","MDKI","2026-04-15 22:59:47","L","10.924027","76.960447"
"12264","37702","102","MDKI","2026-04-15 23:00:17","L","10.927785","76.966727"
"12264","37702","104","MDKI","2026-04-15 23:00:47","L","10.931107","76.97386"
"12264","37702","108","MDKI","2026-04-15 23:01:17","L","10.936868","76.979482"
"12264","37702","100","MDKI","2026-04-15 23:01:47","L","10.943965","76.982543"
"12264","37702","63","MDKI","2026-04-15 23:02:17","L","10.950556","76.983292"
"12264","37702","44","PTJ","2026-04-15 23:02:45","H","10.953858","76.984028"
"12264","37702","44","PTJ","2026-04-15 23:02:47","J","10.954072","76.984094"
"12264","37702","44","PTJ","2026-04-15 23:02:48","L","10.954178","76.984128"
"12264","37702","41","PTJ","2026-04-15 23:03:18","L","10.957418","76.985567"
"12264","37702","17","PTJ","2026-04-15 23:03:48","L","10.959268","76.986622"
"12264","37702","14","PTJ","2026-04-15 23:04:18","J","10.960243","76.987182"
"12264","37702","14","PTJ","2026-04-15 23:04:18","L","10.960243","76.987182"
"12264","37702","13","PTJ","2026-04-15 23:04:48","L","10.961171","76.987651"
"12264","37702","14","PTJ","2026-04-15 23:05:18","L","10.962053","76.988148"
"12264","37702","13","PTJ","2026-04-15 23:05:48","L","10.962974","76.988582"
"12264","37702","14","PTJ","2026-04-15 23:06:18","L","10.963951","76.989024"
"12264","37702","15","PTJ","2026-04-15 23:06:48","L","10.964957","76.989582"
"12264","37702","13","PTJ","2026-04-15 23:07:18","L","10.965868","76.990094"
"12264","37702","14","PTJ","2026-04-15 23:07:48","L","10.966771","76.990634"
"12264","37702","25","PTJ","2026-04-15 23:08:18","L","10.967939","76.99146"
"12264","37702","40","PTJ","2026-04-15 23:08:48","L","10.970171","76.99283"
"12264","37702","44","PTJ","2026-04-15 23:08:56","K","10.970874","76.993334"
"12264","37702","55","PTJ","2026-04-15 23:09:18","L","10.973118","76.994978"
"12264","37702","64","PTJ","2026-04-15 23:09:36","R","10.975275","76.996646"
"12264","37702","70","PTJ","2026-04-15 23:09:48","L","10.977157","76.997367"
"12264","37702","82","PTJ","2026-04-15 23:10:18","L","10.982311","76.995375"
"12264","37702","86","PTJ","2026-04-15 23:10:48","L","10.984377","76.989019"
"12264","37702","71","PTJ","2026-04-15 23:11:18","L","10.985902","76.982741"
"12264","37702","57","PTJ","2026-04-15 23:11:48","L","10.986997","76.978219"
"12264","37702","48","PTJ","2026-04-15 23:12:18","L","10.988265","76.974383"
"12264","37702","45","CBE","2026-04-15 23:12:32","H","10.98905","76.97291"
"12264","37702","45","CBE","2026-04-15 23:12:33","J","10.98911","76.972811"
"12264","37702","39","CBE","2026-04-15 23:12:49","L","10.989991","76.971538"
"12264","37702","13","CBE","2026-04-15 23:13:19","L","10.991236","76.970063"
"12264","37702","12","CBE","2026-04-15 23:13:49","L","10.992007","76.969514"
"12264","37702","13","CBE","2026-04-15 23:14:19","L","10.992809","76.968937"
"12264","37702","14","CBE","2026-04-15 23:14:49","L","10.993708","76.968415"
"12264","37702","15","CBE","2026-04-15 23:15:19","L","10.99459","76.967852"
"12264","37702","13","CBE","2026-04-15 23:15:49","L","10.995532","76.967218"
"12264","37702","13","CBE","2026-04-15 23:16:19","L","10.996371","76.966673"
"12264","37702","14","CBE","2026-04-15 23:16:49","L","10.99722","76.96616"
"12264","37702","13","CBE","2026-04-15 23:17:19","L","10.998105","76.965607"
"12264","37702","13","CBE","2026-04-15 23:17:49","L","10.998965","76.96509"
"12264","37702","3","CBE","2026-04-15 23:18:19","L","10.999533","76.964717"
"12264","37702","0","CBE","2026-04-15 23:18:34","A","10.999595","76.964657"
"12264","37702","0","CBE","2026-04-15 23:18:49","L","10.999596","76.964657"
"12264","37702","0","CBE","2026-04-15 23:19:19","L","10.999596","76.964657"
"12264","37702","0","CBE","2026-04-15 23:19:49","L","10.999596","76.964657"
"12264","37702","0","CBE","2026-04-15 23:20:19","L","10.999596","76.964657"
"12264","37702","0","CBE","2026-04-15 23:20:49","L","10.999596","76.964657"
"12264","37702","0","CBE","2026-04-15 23:21:19","L","10.999596","76.964657"
"12264","37702","13","CBE","2026-04-15 23:21:49","L","11.00005","76.964458"
"12264","37702","13","CBE","2026-04-15 23:22:19","L","11.001065","76.963912"
"12264","37702","14","CBE","2026-04-15 23:22:49","L","11.001972","76.963404"
"12264","37702","14","CBE","2026-04-15 23:23:19","L","11.002967","76.962856"
"12264","37702","14","CBE","2026-04-15 23:23:49","L","11.003907","76.962333"
"12264","37702","14","CBE","2026-04-15 23:24:19","L","11.00486","76.961792"
"12264","37702","14","CBE","2026-04-15 23:24:50","L","11.005767","76.961293"
"12264","37702","14","CBE","2026-04-15 23:25:15","D","11.006599","76.960824"
"12264","37702","14","CBE","2026-04-15 23:25:19","L","11.006722","76.960753"
"12264","37702","16","CBE","2026-04-15 23:25:49","L","11.007709","76.960189"
"12264","37702","19","CBE","2026-04-15 23:26:19","L","11.008885","76.959533"
"12264","37702","23","CBE","2026-04-15 23:26:49","L","11.010271","76.958762"
"12264","37702","35","CBE","2026-04-15 23:27:19","L","11.012126","76.957751"
"12264","37702","43","CBF","2026-04-15 23:27:36","H","11.013694","76.956901"
"12264","37702","48","CBF","2026-04-15 23:27:50","L","11.015027","76.956188"
"12264","37702","47","CBF","2026-04-15 23:28:20","L","11.018356","76.954707"
"12264","37702","41","CBF","2026-04-15 23:28:50","L","11.021659","76.953558"
"12264","37702","26","CBF","2026-04-15 23:29:20","L","11.023867","76.953058"
"12264","37702","28","CBF","2026-04-15 23:29:41","R","11.025371","76.95298"
"12264","37702","28","CBF","2026-04-15 23:29:50","L","11.025929","76.953082"
"12264","37702","29","CBF","2026-04-15 23:30:20","L","11.027803","76.95415"
"12264","37702","26","CBF","2026-04-15 23:30:50","L","11.029367","76.955482"
"12264","37702","39","CBF","2026-04-15 23:31:15","K","11.030546","76.957154"
"12264","37702","42","CBF","2026-04-15 23:31:20","L","11.030706","76.957538"
"12264","37702","69","CBF","2026-04-15 23:31:50","L","11.031022","76.961787"
"12264","37702","86","CBF","2026-04-15 23:32:20","L","11.030103","76.967731"
"12264","37702","88","CBF","2026-04-15 23:32:50","L","11.027077","76.973773"
"12264","37702","93","CBF","2026-04-15 23:33:20","L","11.028763","76.980278"
"12264","37702","96","CBF","2026-04-15 23:33:50","L","11.0323","76.986435"
"12264","37702","99","PLMD","2026-04-15 23:34:08","J","11.033725","76.990877"
"12264","37702","99","PLMD","2026-04-15 23:34:10","H","11.033726","76.991129"
"12264","37702","100","PLMD","2026-04-15 23:34:21","L","11.033365","76.994161"
"12264","37702","105","PLMD","2026-04-15 23:34:51","L","11.032215","77.001937"
"12264","37702","108","PLMD","2026-04-15 23:35:14","R","11.031338","77.008153"
"12264","37702","109","PLMD","2026-04-15 23:35:21","L","11.030961","77.009898"
"12264","37702","106","PLMD","2026-04-15 23:35:51","L","11.028403","77.017591"
"12264","37702","109","PLMD","2026-04-15 23:36:21","L","11.02356","77.023578"
"12264","37702","108","PLMD","2026-04-15 23:36:51","L","11.018054","77.030476"
"12264","37702","110","PLMD","2026-04-15 23:37:21","L","11.012895","77.037009"
"12264","37702","110","SHI","2026-04-15 23:37:24","H","11.01247","77.037741"
"12264","37702","105","SHI","2026-04-15 23:37:37","R","11.011078","77.041018"
"12264","37702","104","SHI","2026-04-15 23:37:54","L","11.01023","77.045205"
"12264","37702","101","SHI","2026-04-15 23:38:23","L","11.010217","77.0529"
"12264","37702","88","SHI","2026-04-15 23:38:53","L","11.010122","77.060211"
"12264","37702","88","IGU","2026-04-15 23:39:21","H","11.012819","77.065564"
"12264","37702","90","IGU","2026-04-15 23:39:24","L","11.013352","77.065971"
"12264","37702","97","IGU","2026-04-15 23:39:54","L","11.018764","77.070585"
"12264","37702","102","IGU","2026-04-15 23:40:08","R","11.021185","77.073171"
"12264","37702","106","IGU","2026-04-15 23:40:24","L","11.023717","77.076317"
"12264","37702","107","IGU","2026-04-15 23:40:28","K","11.024488","77.077446"
"12264","37702","108","IGU","2026-04-15 23:40:54","L","11.028137","77.083292"
"12264","37702","108","BPOI","2026-04-15 23:40:58","H","11.028861","77.084454"
"12264","37702","107","BPOI","2026-04-15 23:41:06","R","11.030014","77.08632"
"12264","37702","107","BPOI","2026-04-15 23:41:25","L","11.032749","77.090725"
"12264","37702","107","BPOI","2026-04-15 23:41:55","L","11.037052","77.097678"
"12264","37702","109","BPOI","2026-04-15 23:42:25","L","11.041396","77.104694"
"12264","37702","108","SUU","2026-04-15 23:42:43","H","11.044004","77.108911"
"12264","37702","108","SUU","2026-04-15 23:42:56","L","11.045739","77.111723"
"12264","37702","109","SUU","2026-04-15 23:43:26","L","11.050242","77.119003"
"12264","37702","108","SUU","2026-04-15 23:43:36","K","11.051689","77.121342"
"12264","37702","108","SUU","2026-04-15 23:43:54","R","11.05429","77.125534"
"12264","37702","108","SUU","2026-04-15 23:43:56","L","11.054577","77.125998"
"12264","37702","108","SUU","2026-04-15 23:44:26","L","11.058502","77.133193"
"12264","37702","109","SUU","2026-04-15 23:44:56","L","11.062255","77.140318"
"12264","37702","107","SUU","2026-04-15 23:45:26","L","11.066185","77.147806"
"12264","37702","109","SUU","2026-04-15 23:45:55","L","11.069771","77.154622"
"12264","37702","109","SUU","2026-04-15 23:46:25","L","11.073646","77.161975"
"12264","37702","110","SUU","2026-04-15 23:46:55","L","11.077532","77.169348"
"12264","37702","109","SUU","2026-04-15 23:47:25","L","11.081601","77.176799"
"12264","37702","108","SNO","2026-04-15 23:47:32","H","11.082626","77.178751"
"12264","37702","108","SNO","2026-04-15 23:47:56","L","11.08561","77.184608"
"12264","37702","109","SNO","2026-04-15 23:48:26","L","11.089435","77.191928"
"12264","37702","109","SNO","2026-04-15 23:48:33","R","11.090199","77.193711"
"12264","37702","109","SNO","2026-04-15 23:48:56","L","11.092228","77.199756"
"12264","37702","108","SNO","2026-04-15 23:49:26","L","11.09394","77.207889"
"12264","37702","107","SNO","2026-04-15 23:49:56","L","11.096816","77.214987"
"12264","37702","108","SNO","2026-04-15 23:50:26","L","11.101322","77.222487"
"12264","37702","108","SNO","2026-04-15 23:50:56","L","11.105176","77.229716"
"12264","37702","107","SNO","2026-04-15 23:51:26","L","11.108241","77.23736"
"12264","37702","107","SNO","2026-04-15 23:51:56","L","11.111298","77.244959"
"12264","37702","108","SNO","2026-04-15 23:52:26","L","11.114296","77.25258"
"12264","37702","109","VNJ","2026-04-15 23:52:48","H","11.116539","77.258245"
"12264","37702","108","VNJ","2026-04-15 23:52:57","L","11.117238","77.260626"
"12264","37702","106","VNJ","2026-04-15 23:53:27","L","11.117332","77.26895"
"12264","37702","110","VNJ","2026-04-15 23:53:48","R","11.116135","77.274637"
"12264","37702","110","VNJ","2026-04-15 23:53:57","L","11.1157","77.277184"
"12264","37702","108","VNJ","2026-04-15 23:54:27","L","11.113971","77.285316"
"12264","37702","106","VNJ","2026-04-15 23:54:57","L","11.112333","77.293061"
"12264","37702","108","VNJ","2026-04-15 23:55:27","L","11.110569","77.301346"
"12264","37702","103","VNJ","2026-04-15 23:55:57","L","11.108859","77.309409"
"12264","37702","79","VNJ","2026-04-15 23:56:27","L","11.107556","77.316148"
"12264","37702","54","VNJ","2026-04-15 23:56:57","L","11.107016","77.321013"
"12264","37702","54","VNJ","2026-04-15 23:57:27","L","11.106856","77.325004"
"12264","37702","50","VNJ","2026-04-15 23:57:57","L","11.106952","77.329214"
"12264","37702","47","TUP","2026-04-15 23:58:07","H","11.107033","77.330463"
"12264","37702","30","TUP","2026-04-15 23:58:28","L","11.107228","77.332516"
"12264","37702","29","TUP","2026-04-15 23:58:58","L","11.107575","77.334697"
"12264","37702","29","TUP","2026-04-15 23:59:28","L","11.107953","77.336792"
"12264","37702","27","TUP","2026-04-15 23:59:58","L","11.108367","77.339022"
"12264","37702","6","TUP","2026-04-16 00:00:28","L","11.108914","77.34052"
"12264","37702","2","TUP","2026-04-16 00:00:58","L","11.109","77.34085"
"12264","37702","0","TUP","2026-04-16 00:01:04","A","11.109007","77.340873"
"12264","37702","0","TUP","2026-04-16 00:01:28","L","11.109007","77.340872"
"12264","37702","0","TUP","2026-04-16 00:01:58","L","11.109007","77.340872"
"12264","37702","0","TUP","2026-04-16 00:02:28","L","11.109007","77.340872"
"12264","37702","0","TUP","2026-04-16 00:02:58","L","11.109007","77.340872"
"12264","37702","0","TUP","2026-04-16 00:03:28","L","11.109007","77.340872"
"12264","37702","0","TUP","2026-04-16 00:03:58","L","11.109007","77.340872"
"12264","37702","0","TUP","2026-04-16 00:04:28","L","11.109007","77.340872"
"12264","37702","0","TUP","2026-04-16 00:04:58","L","11.109007","77.340872"
"12264","37702","0","TUP","2026-04-16 00:05:28","L","11.109007","77.340872"
"12264","37702","6","TUP","2026-04-16 00:05:58","L","11.109185","77.341263"
"12264","37702","18","TUP","2026-04-16 00:06:28","L","11.109396","77.342195"
"12264","37702","26","TUP","2026-04-16 00:06:58","L","11.109788","77.343942"
"12264","37702","28","TUP","2026-04-16 00:07:28","L","11.110312","77.346052"
"12264","37702","32","TUP","2026-04-16 00:07:58","L","11.110883","77.348301"
"12264","37702","35","TUP","2026-04-16 00:08:11","D","11.111165","77.349385"
"12264","37702","43","TUP","2026-04-16 00:08:27","K","11.111573","77.35093"
"12264","37702","43","TUP","2026-04-16 00:08:28","L","11.111601","77.351038"
"12264","37702","63","TUP","2026-04-16 00:08:58","L","11.112644","77.355011"
"12264","37702","77","TUP","2026-04-16 00:09:28","L","11.114481","77.359888"
"12264","37702","92","TUP","2026-04-16 00:09:58","L","11.118874","77.364896"
"12264","37702","104","TUP","2026-04-16 00:10:28","L","11.125581","77.368012"
"12264","37702","109","TUP","2026-04-16 00:10:58","L","11.132538","77.372212"
"12264","37702","107","TUP","2026-04-16 00:11:28","L","11.138136","77.378218"
"12264","37702","109","TUP","2026-04-16 00:11:58","L","11.14194","77.385168"
"12264","37702","107","TUP","2026-04-16 00:12:28","L","11.145424","77.392921"
"12264","37702","108","TUP","2026-04-16 00:12:58","L","11.148795","77.400417"
"12264","37702","110","TUP","2026-04-16 00:13:28","L","11.152203","77.408043"
"12264","37702","109","TUP","2026-04-16 00:13:58","L","11.15418","77.415844"
"12264","37702","109","TUP","2026-04-16 00:14:28","L","11.153158","77.424306"
"12264","37702","108","TUP","2026-04-16 00:14:58","L","11.152213","77.432543"
"12264","37702","109","UKL","2026-04-16 00:15:15","H","11.152021","77.437248"
"12264","37702","108","UKL","2026-04-16 00:15:20","J","11.152092","77.438907"
"12264","37702","107","UKL","2026-04-16 00:15:29","L","11.152539","77.441065"
"12264","37702","108","UKL","2026-04-16 00:15:59","L","11.156414","77.447788"
"12264","37702","108","UKL","2026-04-16 00:16:22","R","11.161838","77.451399"
"12264","37702","109","UKL","2026-04-16 00:16:29","L","11.163286","77.452176"
"12264","37702","109","UKL","2026-04-16 00:16:59","L","11.169002","77.458154"
"12264","37702","109","UKL","2026-04-16 00:17:29","L","11.173278","77.465616"
"12264","37702","106","UKL","2026-04-16 00:17:59","L","11.176682","77.472785"
"12264","37702","110","UKL","2026-04-16 00:18:29","L","11.180362","77.480527"
"12264","37702","107","UKL","2026-04-16 00:18:59","L","11.183761","77.48773"
"12264","37702","108","UKL","2026-04-16 00:19:29","L","11.187296","77.495478"
"12264","37702","106","UKL","2026-04-16 00:19:59","L","11.18965","77.502996"
"12264","37702","107","UKL","2026-04-16 00:20:29","L","11.191903","77.511137"
"12264","37702","107","VZ","2026-04-16 00:20:35","H","11.192481","77.512671"
"12264","37702","109","VZ","2026-04-16 00:21:00","L","11.194818","77.518534"
"12264","37702","109","VZ","2026-04-16 00:21:04","J","11.195423","77.520091"
"12264","37702","106","VZ","2026-04-16 00:21:30","L","11.197978","77.526732"
"12264","37702","106","VZ","2026-04-16 00:21:40","K","11.198962","77.529239"
"12264","37702","107","VZ","2026-04-16 00:21:49","R","11.199855","77.531515"
"12264","37702","108","VZ","2026-04-16 00:22:00","L","11.200951","77.534318"
"12264","37702","107","VZ","2026-04-16 00:22:30","L","11.204151","77.541961"
"12264","37702","108","VZ","2026-04-16 00:23:00","L","11.208329","77.548986"
"12264","37702","108","VZ","2026-04-16 00:23:30","L","11.212879","77.555546"
"12264","37702","106","VZ","2026-04-16 00:24:00","L","11.217108","77.56288"
"12264","37702","108","VZ","2026-04-16 00:24:30","L","11.220025","77.570488"
"12264","37702","109","VZ","2026-04-16 00:25:00","L","11.222075","77.578514"
"12264","37702","109","IGR","2026-04-16 00:25:01","J","11.222226","77.579047"
"12264","37702","109","IGR","2026-04-16 00:25:05","H","11.222387","77.579579"
"12264","37702","108","IGR","2026-04-16 00:25:31","L","11.224988","77.586274"
"12264","37702","107","IGR","2026-04-16 00:25:54","K","11.228131","77.59202"
"12264","37702","107","IGR","2026-04-16 00:26:01","L","11.229207","77.5936"
"12264","37702","108","IGR","2026-04-16 00:26:08","R","11.230304","77.59517"
"12264","37702","109","IGR","2026-04-16 00:26:31","L","11.233945","77.600363"
"12264","37702","104","IGR","2026-04-16 00:27:01","L","11.238636","77.607111"
"12264","37702","57","IGR","2026-04-16 00:27:31","L","11.242367","77.612428"
"12264","37702","42","IGR","2026-04-16 00:28:01","L","11.244304","77.615186"
"12264","37702","42","IGR","2026-04-16 00:28:31","L","11.246103","77.61775"
"12264","37702","46","IGR","2026-04-16 00:29:01","L","11.248122","77.620625"
"12264","37702","46","PY","2026-04-16 00:29:01","H","11.248122","77.620625"
"12264","37702","47","PY","2026-04-16 00:29:22","J","11.249558","77.622672"
"12264","37702","47","PY","2026-04-16 00:29:32","L","11.250256","77.623665"
"12264","37702","40","PY","2026-04-16 00:30:02","L","11.252197","77.626431"
"12264","37702","21","PY","2026-04-16 00:30:32","L","11.253503","77.628351"
"12264","37702","20","PY","2026-04-16 00:31:02","L","11.25445","77.6297"
"12264","37702","15","PY","2026-04-16 00:31:32","L","11.255296","77.630897"
"12264","37702","0","PY","2026-04-16 00:31:54","A","11.255587","77.631311"
"12264","37702","0","PY","2026-04-16 00:32:02","L","11.255587","77.631305"
"12264","37702","0","PY","2026-04-16 00:32:32","L","11.255586","77.631304"
"12264","37702","0","PY","2026-04-16 00:33:02","L","11.255586","77.631304"
"12264","37702","3","PY","2026-04-16 00:33:32","L","11.255608","77.631318"
"12264","37702","21","PY","2026-04-16 00:34:02","L","11.256104","77.63207"
"12264","37702","47","PY","2026-04-16 00:34:32","L","11.257633","77.634215"
"12264","37702","65","PY","2026-04-16 00:34:55","D","11.259474","77.63681"
"12264","37702","70","PY","2026-04-16 00:35:02","L","11.260167","77.637793"
"12264","37702","88","PY","2026-04-16 00:35:32","L","11.263769","77.642905"
"12264","37702","103","PY","2026-04-16 00:36:02","L","11.26805","77.648969"
"12264","37702","110","PY","2026-04-16 00:36:32","L","11.272723","77.65559"
"12264","37702","88","PY","2026-04-16 00:37:02","L","11.276907","77.662098"
"12264","37702","67","PY","2026-04-16 00:37:32","L","11.279369","77.667163"
"12264","37702","54","PY","2026-04-16 00:38:02","L","11.282051","77.671188"
"12264","37702","48","PY","2026-04-16 00:38:32","L","11.284547","77.674031"
"12264","37702","48","TPM","2026-04-16 00:39:01","J","11.287163","77.676418"
"12264","37702","47","PY","2026-04-16 00:39:02","L","11.287255","77.676496"
"12264","37702","46","TPM","2026-04-16 00:39:21","H","11.288961","77.678032"
"12264","37702","40","TPM","2026-04-16 00:39:33","L","11.289829","77.678898"
"12264","37702","23","TPM","2026-04-16 00:40:03","L","11.29142","77.680559"
"12264","37702","17","TPM","2026-04-16 00:40:33","L","11.292485","77.681814"
"12264","37702","9","TPM","2026-04-16 00:41:03","L","11.293179","77.68264"
"12264","37702","0","TPM","2026-04-16 00:41:26","A","11.293381","77.682862"
"12264","37702","0","TPM","2026-04-16 00:41:33","L","11.293381","77.682863"
"12264","37702","0","TPM","2026-04-16 00:42:03","L","11.293381","77.682863"
"12264","37702","0","TPM","2026-04-16 00:42:33","L","11.293381","77.682863"
"12264","37702","0","TPM","2026-04-16 00:43:03","L","11.293381","77.682863"
"12264","37702","0","TPM","2026-04-16 00:43:33","L","11.293381","77.682863"
"12264","37702","0","TPM","2026-04-16 00:44:03","L","11.293381","77.682863"
"12264","37702","0","TPM","2026-04-16 00:44:33","L","11.293381","77.682863"
"12264","37702","0","TPM","2026-04-16 00:45:03","L","11.293381","77.682863"
"12264","37702","0","TPM","2026-04-16 00:45:33","L","11.293381","77.682863"
"12264","37702","0","TPM","2026-04-16 00:46:03","L","11.293381","77.682863"
"12264","37702","0","TPM","2026-04-16 00:46:33","L","11.293381","77.682863"
"12264","37702","0","TPM","2026-04-16 00:47:03","L","11.293381","77.682863"
"12264","37702","0","TPM","2026-04-16 00:47:33","L","11.293381","77.682863"
"12264","37702","0","TPM","2026-04-16 00:48:03","L","11.293381","77.682863"
"12264","37702","0","TPM","2026-04-16 00:48:33","L","11.293381","77.682863"
"12264","37702","0","TPM","2026-04-16 00:49:03","L","11.293381","77.682863"
"12264","37702","0","TPM","2026-04-16 00:49:33","L","11.293381","77.682863"
"12264","37702","0","TPM","2026-04-16 00:50:03","L","11.293381","77.682863"
"12264","37702","0","TPM","2026-04-16 00:50:33","L","11.293381","77.682863"
"12264","37702","0","TPM","2026-04-16 00:51:03","L","11.293381","77.682863"
"12264","37702","0","TPM","2026-04-16 00:51:33","L","11.293381","77.682863"
"12264","37702","0","TPM","2026-04-16 00:52:03","L","11.293381","77.682863"
"12264","37702","0","TPM","2026-04-16 00:52:33","L","11.293381","77.682863"
"12264","37702","0","TPM","2026-04-16 00:53:03","L","11.293381","77.682863"
"12264","37702","21","TPM","2026-04-16 00:53:33","L","11.293949","77.683556"
"12264","37702","43","TPM","2026-04-16 00:54:03","L","11.295367","77.685491"
"12264","37702","41","TPM","2026-04-16 00:54:20","D","11.295242","77.68531"
"12264","37702","68","TPM","2026-04-16 00:54:33","L","11.297905","77.689149"
"12264","37702","76","TPM","2026-04-16 00:55:03","L","11.30111","77.69373"
"12264","37702","80","TPM","2026-04-16 00:55:33","L","11.304531","77.698616"
"12264","37702","57","TPM","2026-04-16 00:56:03","L","11.307695","77.703108"
"12264","37702","41","TPM","2026-04-16 00:56:33","L","11.309834","77.706119"
"12264","37702","42","TPM","2026-04-16 00:57:03","L","11.311661","77.708675"
"12264","37702","35","TPM","2026-04-16 00:57:33","L","11.313612","77.710841"
"12264","37702","23","TPM","2026-04-16 00:58:03","L","11.315641","77.71199"
"12264","37702","14","TPM","2026-04-16 00:58:33","L","11.316734","77.712435"
"12264","37702","12","TPM","2026-04-16 00:59:03","L","11.317739","77.712974"
"12264","37702","7","TPM","2026-04-16 00:59:33","L","11.318393","77.713246"
"12264","37702","1","TPM","2026-04-16 01:00:03","L","11.31871","77.713352"
"12264","37702","0","TPM","2026-04-16 01:00:03","U","11.318713","77.713351"
"12264","37702","0","TPM","2026-04-16 01:00:33","L","11.318728","77.713358"
"12264","37702","0","TPM","2026-04-16 01:01:03","L","11.318728","77.713358"
"12264","37702","0","TPM","2026-04-16 01:01:33","L","11.318728","77.713358"
"12264","37702","0","TPM","2026-04-16 01:02:03","L","11.318728","77.713358"
"12264","37702","0","TPM","2026-04-16 01:02:33","L","11.318728","77.713358"
"12264","37702","0","TPM","2026-04-16 01:03:03","L","11.318728","77.713358"
"12264","37702","0","TPM","2026-04-16 01:03:33","L","11.318728","77.713358"
"12264","37702","0","TPM","2026-04-16 01:04:03","L","11.318728","77.713358"
"12264","37702","0","TPM","2026-04-16 01:04:33","L","11.318728","77.713358"
"12264","37702","0","TPM","2026-04-16 01:05:03","L","11.318728","77.713358"
"12264","37702","0","TPM","2026-04-16 01:05:33","L","11.318728","77.713358"
"12264","37702","1","TPM","2026-04-16 01:06:03","L","11.318765","77.713505"
"12264","37702","18","TPM","2026-04-16 01:06:33","L","11.319323","77.713779"
"12264","37702","38","TPM","2026-04-16 01:07:03","L","11.321372","77.714932"
"12264","37702","39","TPM","2026-04-16 01:07:33","L","11.323355","77.717302"
"12264","37702","15","TPM","2026-04-16 01:08:03","L","11.324132","77.71882"
"12264","37702","13","TPM","2026-04-16 01:08:33","L","11.324625","77.719799"
"12264","37702","12","TPM","2026-04-16 01:09:03","L","11.325076","77.720678"
"12264","37702","13","ED","2026-04-16 01:09:21","H","11.325359","77.721187"
"12264","37702","14","ED","2026-04-16 01:09:34","L","11.325584","77.721572"
"12264","37702","14","ED","2026-04-16 01:10:04","L","11.326112","77.722543"
"12264","37702","14","ED","2026-04-16 01:10:34","L","11.326595","77.723436"
"12264","37702","15","ED","2026-04-16 01:11:04","L","11.327156","77.724368"
"12264","37702","13","ED","2026-04-16 01:11:34","L","11.327721","77.725255"
"12264","37702","13","ED","2026-04-16 01:12:04","L","11.328206","77.726139"
"12264","37702","2","ED","2026-04-16 01:12:34","L","11.32848","77.726621"
"12264","37702","0","ED","2026-04-16 01:12:49","A","11.32852","77.726678"
"12264","37702","0","ED","2026-04-16 01:13:04","L","11.328521","77.72668"
"12264","37702","0","ED","2026-04-16 01:13:34","L","11.328521","77.72668"
"12264","37702","0","ED","2026-04-16 01:14:04","L","11.328521","77.72668"
"12264","37702","0","ED","2026-04-16 01:14:34","L","11.328521","77.72668"
"12264","37702","0","ED","2026-04-16 01:15:04","L","11.328521","77.72668"
"12264","37702","0","ED","2026-04-16 01:15:34","L","11.328521","77.72668"
"12264","37702","0","ED","2026-04-16 01:16:04","L","11.328521","77.72668"
"12264","37702","0","ED","2026-04-16 01:16:34","L","11.328521","77.72668"
"12264","37702","0","ED","2026-04-16 01:17:04","L","11.328521","77.72668"
"12264","37702","0","ED","2026-04-16 01:17:34","L","11.328521","77.72668"
"12264","37702","0","ED","2026-04-16 01:18:04","L","11.328521","77.72668"
"12264","37702","11","ED","2026-04-16 01:18:34","L","11.328748","77.727441"
"12264","37702","12","ED","2026-04-16 01:19:04","L","11.329215","77.728296"
"12264","37702","8","ED","2026-04-16 01:19:34","L","11.32968","77.729134"
"12264","37702","13","ED","2026-04-16 01:20:04","L","11.330077","77.729878"
"12264","37702","10","ED","2026-04-16 01:20:34","L","11.330497","77.730681"
"12264","37702","13","ED","2026-04-16 01:21:04","L","11.330878","77.731455"
"12264","37702","13","ED","2026-04-16 01:21:14","D","11.331043","77.731783"
"12264","37702","11","ED","2026-04-16 01:21:34","L","11.331335","77.732328"
"12264","37702","11","ED","2026-04-16 01:22:04","L","11.331739","77.733054"
"12264","37702","22","ED","2026-04-16 01:22:34","L","11.332303","77.734046"
"12264","37702","44","ED","2026-04-16 01:23:04","L","11.334002","77.735915"
"12264","37702","66","ED","2026-04-16 01:23:34","L","11.337651","77.737681"
"12264","37702","62","ED","2026-04-16 01:24:04","L","11.342601","77.7401"
"12264","37702","25","ED","2026-04-16 01:24:34","L","11.344843","77.742018"
"12264","37702","28","ED","2026-04-16 01:25:04","L","11.346161","77.743565"
"12264","37702","34","ED","2026-04-16 01:25:34","L","11.34743","77.745647"
"12264","37702","30","ED","2026-04-16 01:26:04","L","11.34832","77.747886"
"12264","37702","26","CV","2026-04-16 01:26:26","H","11.348745","77.749485"
"12264","37702","26","CV","2026-04-16 01:26:35","L","11.348867","77.750059"
"12264","37702","29","CV","2026-04-16 01:27:05","L","11.349283","77.752104"
"12264","37702","27","CV","2026-04-16 01:27:35","L","11.349717","77.754219"
"12264","37702","27","CV","2026-04-16 01:27:51","J","11.349932","77.755287"
"12264","37702","27","CV","2026-04-16 01:28:05","L","11.350122","77.756169"
"12264","37702","27","CV","2026-04-16 01:28:35","L","11.350587","77.758596"
"12264","37702","26","CV","2026-04-16 01:29:05","L","11.350985","77.760545"
"12264","37702","40","CV","2026-04-16 01:29:35","L","11.351752","77.762903"
"12264","37702","55","CV","2026-04-16 01:30:05","L","11.354416","77.765383"
"12264","37702","67","CV","2026-04-16 01:30:35","L","11.35897","77.765242"
"12264","37702","75","CV","2026-04-16 01:30:58","R","11.361861","77.762341"
"12264","37702","77","CV","2026-04-16 01:31:05","L","11.362822","77.761384"
"12264","37702","77","CV","2026-04-16 01:31:35","L","11.368438","77.760863"
"12264","37702","77","CV","2026-04-16 01:32:05","L","11.371329","77.765566"
"12264","37702","78","CV","2026-04-16 01:32:35","L","11.369173","77.770989"
"12264","37702","75","CV","2026-04-16 01:33:05","L","11.367237","77.776582"
"12264","37702","79","CV","2026-04-16 01:33:35","L","11.370195","77.781565"
"12264","37702","77","CV","2026-04-16 01:34:05","L","11.373521","77.786373"
"12264","37702","84","CV","2026-04-16 01:34:35","L","11.375738","77.792123"
"12264","37702","90","CV","2026-04-16 01:35:05","L","11.379299","77.79773"
"12264","37702","94","CV","2026-04-16 01:35:35","L","11.382954","77.803456"
"12264","37702","98","CV","2026-04-16 01:36:05","L","11.38752","77.809523"
"12264","37702","99","CV","2026-04-16 01:36:35","L","11.393137","77.81455"
"12264","37702","97","ANU","2026-04-16 01:36:42","H","11.394475","77.81566"
"12264","37702","90","ANU","2026-04-16 01:37:06","L","11.398627","77.819531"
"12264","37702","87","ANU","2026-04-16 01:37:36","L","11.403364","77.823918"
"12264","37702","87","ANU","2026-04-16 01:37:40","R","11.404301","77.824489"
"12264","37702","89","ANU","2026-04-16 01:38:06","L","11.409795","77.823944"
"12264","37702","88","ANU","2026-04-16 01:38:36","L","11.416037","77.824259"
"12264","37702","87","ANU","2026-04-16 01:39:06","L","11.418727","77.83025"
"12264","37702","91","ANU","2026-04-16 01:39:36","L","11.420529","77.83683"
"12264","37702","96","ANU","2026-04-16 01:40:06","L","11.422778","77.843263"
"12264","37702","94","ANU","2026-04-16 01:40:36","L","11.427879","77.848946"
"12264","37702","85","ANU","2026-04-16 01:41:06","L","11.432451","77.85404"
"12264","37702","78","ANU","2026-04-16 01:41:36","L","11.436094","77.859095"
"12264","37702","72","ANU","2026-04-16 01:42:06","L","11.439015","77.863915"
"12264","37702","75","SGE","2026-04-16 01:42:17","H","11.439979","77.865525"
"12264","37702","77","SGE","2026-04-16 01:42:37","L","11.442815","77.868665"
"12264","37702","75","SGE","2026-04-16 01:43:07","L","11.448086","77.870953"
"12264","37702","82","SGE","2026-04-16 01:43:37","L","11.453334","77.873683"
"12264","37702","85","SGE","2026-04-16 01:43:46","R","11.454894","77.874792"
"12264","37702","90","SGE","2026-04-16 01:44:07","L","11.458413","77.877843"
"12264","37702","95","SGE","2026-04-16 01:44:37","L","11.463601","77.882637"
"12264","37702","100","SGE","2026-04-16 01:45:07","L","11.468906","77.88757"
"12264","37702","103","SGE","2026-04-16 01:45:37","L","11.474155","77.893596"
"12264","37702","104","MVPM","2026-04-16 01:45:49","H","11.476509","77.89568"
"12264","37702","106","MVPM","2026-04-16 01:46:08","L","11.480516","77.898708"
"12264","37702","103","MVPM","2026-04-16 01:46:38","L","11.487701","77.902064"
"12264","37702","103","MVPM","2026-04-16 01:46:48","R","11.490055","77.903204"
"12264","37702","107","MVPM","2026-04-16 01:47:09","L","11.494186","77.90659"
"12264","37702","102","MVPM","2026-04-16 01:47:38","L","11.497753","77.913774"
"12264","37702","99","MVPM","2026-04-16 01:48:08","L","11.500196","77.920963"
"12264","37702","109","MVPM","2026-04-16 01:48:38","L","11.505254","77.92702"
"12264","37702","110","MVPM","2026-04-16 01:49:08","L","11.510823","77.93336"
"12264","37702","105","MVPM","2026-04-16 01:49:38","L","11.516216","77.939506"
"12264","37702","104","MVPM","2026-04-16 01:50:08","L","11.521412","77.945419"
"12264","37702","105","MVPM","2026-04-16 01:50:38","L","11.526839","77.951267"
"12264","37702","107","MVPM","2026-04-16 01:51:08","L","11.532744","77.956886"
"12264","37702","103","MVPM","2026-04-16 01:51:38","L","11.537896","77.962867"
"12264","37702","106","MVPM","2026-04-16 01:52:08","L","11.54072","77.970516"
"12264","37702","105","MVPM","2026-04-16 01:52:38","L","11.545013","77.977111"
"12264","37702","107","DC","2026-04-16 01:52:51","H","11.547306","77.979775"
"12264","37702","107","DC","2026-04-16 01:53:04","J","11.549323","77.982706"
"12264","37702","106","DC","2026-04-16 01:53:09","L","11.550015","77.983872"
"12264","37702","102","DC","2026-04-16 01:53:39","L","11.553537","77.990865"
"12264","37702","106","DC","2026-04-16 01:54:00","R","11.556033","77.99589"
"12264","37702","104","DC","2026-04-16 01:54:09","L","11.557109","77.998066"
"12264","37702","95","DC","2026-04-16 01:54:39","L","11.560867","78.004711"
"12264","37702","96","DC","2026-04-16 01:55:09","L","11.564528","78.010884"
"12264","37702","100","DC","2026-04-16 01:55:39","L","11.568363","78.017348"
"12264","37702","103","DC","2026-04-16 01:56:09","L","11.572562","78.023874"
"12264","37702","105","DC","2026-04-16 01:56:39","L","11.576889","78.030588"
"12264","37702","106","DVBH","2026-04-16 01:56:54","H","11.579089","78.033981"
"12264","37702","105","DVBH","2026-04-16 01:57:10","L","11.581409","78.037592"
"12264","37702","105","DVBH","2026-04-16 01:57:23","R","11.583085","78.040627"
"12264","37702","105","DVBH","2026-04-16 01:57:40","L","11.584924","78.044784"
"12264","37702","105","DVBH","2026-04-16 01:58:10","L","11.588188","78.052226"
"12264","37702","104","DVBH","2026-04-16 01:58:40","L","11.591393","78.059578"
"12264","37702","105","VRPD","2026-04-16 01:59:10","H","11.59473","78.067221"
"12264","37702","105","DVBH","2026-04-16 01:59:10","L","11.594623","78.066975"
"12264","37702","105","VRPD","2026-04-16 01:59:41","L","11.598055","78.074565"
"12264","37702","105","VRPD","2026-04-16 02:00:09","R","11.601945","78.080964"
"12264","37702","105","VRPD","2026-04-16 02:00:11","L","11.602228","78.081419"
"12264","37702","105","VRPD","2026-04-16 02:00:41","L","11.60653","78.088177"
"12264","37702","106","VRPD","2026-04-16 02:01:11","L","11.611713","78.094333"
"12264","37702","102","VRPD","2026-04-16 02:01:41","L","11.618117","78.098898"
"12264","37702","107","VRPD","2026-04-16 02:02:11","L","11.624966","78.102991"
"12264","37702","103","VRPD","2026-04-16 02:02:41","L","11.631829","78.107079"
"12264","37702","106","VRPD","2026-04-16 02:03:11","L","11.638613","78.11113"
"12264","37702","97","VRPD","2026-04-16 02:03:41","L","11.645421","78.115086"
"12264","37702","86","VRPD","2026-04-16 02:04:11","L","11.651665","78.116628"
"12264","37702","68","VRPD","2026-04-16 02:04:41","L","11.657673","78.117187"
"12264","37702","66","SA","2026-04-16 02:04:42","H","11.657843","78.117186"
"12264","37702","45","SA","2026-04-16 02:05:12","L","11.66189","78.116576"
"12264","37702","46","SA","2026-04-16 02:05:40","J","11.664847","78.115441"
"12264","37702","46","SA","2026-04-16 02:05:42","L","11.665062","78.115349"
"12264","37702","36","SA","2026-04-16 02:06:12","L","11.667886","78.11409"
"12264","37702","24","SA","2026-04-16 02:06:42","L","11.670006","78.113139"
"12264","37702","19","SA","2026-04-16 02:07:12","L","11.671469","78.112486"
"12264","37702","13","SA","2026-04-16 02:07:42","L","11.672603","78.111973"
"12264","37702","0","SA","2026-04-16 02:07:52","A","11.672784","78.111887"
"12264","37702","0","SA","2026-04-16 02:08:12","L","11.672784","78.111887"
"12264","37702","0","SA","2026-04-16 02:08:42","L","11.672784","78.111887"
"12264","37702","0","SA","2026-04-16 02:09:12","L","11.672784","78.111887"
"12264","37702","0","SA","2026-04-16 02:09:42","L","11.672784","78.111887"
"12264","37702","0","SA","2026-04-16 02:10:12","L","11.672784","78.111887"
"12264","37702","0","SA","2026-04-16 02:10:42","L","11.672784","78.111887"
"12264","37702","0","SA","2026-04-16 02:11:12","L","11.672784","78.111887"
"12264","37702","10","SA","2026-04-16 02:11:42","L","11.673063","78.111871"
"12264","37702","24","SA","2026-04-16 02:12:12","L","11.674307","78.111402"
"12264","37702","36","SA","2026-04-16 02:12:42","L","11.676267","78.110455"
"12264","37702","40","SA","2026-04-16 02:12:56","K","11.677438","78.109765"
"12264","37702","44","SA","2026-04-16 02:13:12","L","11.678828","78.108786"
"12264","37702","48","SA","2026-04-16 02:13:27","D","11.680259","78.10777"
"12264","37702","52","SA","2026-04-16 02:13:43","L","11.681907","78.10658"
"12264","37702","55","SA","2026-04-16 02:14:13","L","11.685331","78.104108"
"12264","37702","50","MGSJ","2026-04-16 02:14:32","H","11.687377","78.102661"
"12264","37702","46","MGSJ","2026-04-16 02:14:44","L","11.688567","78.10182"
"12264","37702","36","MGSJ","2026-04-16 02:15:14","L","11.691111","78.100022"
"12264","37702","32","MGSJ","2026-04-16 02:15:26","J","11.691943","78.09943"
"12264","37702","26","MGSJ","2026-04-16 02:15:45","L","11.693013","78.098664"
"12264","37702","17","MGSJ","2026-04-16 02:16:14","L","11.694329","78.097714"
"12264","37702","17","MGSJ","2026-04-16 02:16:44","L","11.695335","78.096977"
"12264","37702","13","MGSJ","2026-04-16 02:17:14","L","11.696212","78.096338"
"12264","37702","14","MGSJ","2026-04-16 02:17:44","L","11.697095","78.095553"
"12264","37702","14","MGSJ","2026-04-16 02:18:14","L","11.697643","78.094649"
"12264","37702","15","MGSJ","2026-04-16 02:18:44","L","11.698092","78.093523"
"12264","37702","14","MGSJ","2026-04-16 02:19:14","L","11.698352","78.092451"
"12264","37702","16","MGSJ","2026-04-16 02:19:44","L","11.698617","78.091303"
"12264","37702","30","MGSJ","2026-04-16 02:20:14","L","11.698977","78.089695"
"12264","37702","45","MGSJ","2026-04-16 02:20:44","L","11.699619","78.086769"
"12264","37702","48","MGSJ","2026-04-16 02:20:52","R","11.699865","78.085844"
"12264","37702","56","MGSJ","2026-04-16 02:21:14","L","11.701491","78.083434"
"12264","37702","60","MGSJ","2026-04-16 02:21:33","J","11.703651","78.081568"
"12264","37702","59","MGSJ","2026-04-16 02:21:44","L","11.704908","78.080487"
"12264","37702","56","MGSJ","2026-04-16 02:22:14","L","11.708245","78.077618"
"12264","37702","53","MGSJ","2026-04-16 02:22:44","L","11.711303","78.074813"
"12264","37702","56","MGSJ","2026-04-16 02:23:14","L","11.713198","78.071189"
"12264","37702","71","MGSJ","2026-04-16 02:23:44","L","11.715173","78.066628"
"12264","37702","76","MGSJ","2026-04-16 02:24:14","L","11.717436","78.061404"
"12264","37702","72","MGSJ","2026-04-16 02:24:44","L","11.720198","78.05658"
"12264","37702","65","MGSJ","2026-04-16 02:25:14","L","11.724743","78.053956"
"12264","37702","50","OML","2026-04-16 02:25:38","K","11.728138","78.052645"
"12264","37702","47","MGSJ","2026-04-16 02:25:44","L","11.728736","78.052491"
"12264","37702","42","OML","2026-04-16 02:26:05","K","11.73108","78.051886"
"12264","37702","42","OML","2026-04-16 02:26:14","H","11.732006","78.051647"
"12264","37702","42","MGSJ","2026-04-16 02:26:14","L","11.731903","78.051674"
"12264","37702","42","OML","2026-04-16 02:26:45","L","11.735158","78.05082"
"12264","37702","33","OML","2026-04-16 02:27:15","L","11.737331","78.04906"
"12264","37702","28","OML","2026-04-16 02:27:45","L","11.737998","78.046783"
"12264","37702","23","OML","2026-04-16 02:28:15","L","11.738275","78.044809"
"12264","37702","18","OML","2026-04-16 02:28:45","L","11.738498","78.043234"
"12264","37702","12","OML","2026-04-16 02:29:15","L","11.738649","78.04215"
"12264","37702","16","OML","2026-04-16 02:29:45","L","11.738845","78.04101"
"12264","37702","13","OML","2026-04-16 02:30:15","L","11.73894","78.040039"
"12264","37702","16","OML","2026-04-16 02:30:46","L","11.739166","78.038943"
"12264","37702","14","OML","2026-04-16 02:31:15","L","11.739318","78.037819"
"12264","37702","13","OML","2026-04-16 02:31:18","J","11.739332","78.037714"
"12264","37702","15","OML","2026-04-16 02:31:45","L","11.739466","78.036756"
"12264","37702","15","OML","2026-04-16 02:32:00","R","11.739552","78.036172"
"12264","37702","15","OML","2026-04-16 02:32:05","J","11.739595","78.03594"
"12264","37702","14","OML","2026-04-16 02:32:16","L","11.739611","78.035517"
"12264","37702","13","OML","2026-04-16 02:32:46","L","11.740027","78.034551"
"12264","37702","22","OML","2026-04-16 02:33:16","L","11.740896","78.033553"
"12264","37702","37","OML","2026-04-16 02:33:46","L","11.742969","78.032611"
"12264","37702","34","OML","2026-04-16 02:34:16","L","11.74567","78.031712"
"12264","37702","31","OML","2026-04-16 02:34:46","L","11.747997","78.030937"
"12264","37702","46","OML","2026-04-16 02:35:16","L","11.750798","78.030356"
"12264","37702","57","OML","2026-04-16 02:35:46","L","11.754722","78.030638"
"12264","37702","66","OML","2026-04-16 02:36:16","L","11.759404","78.031048"
"12264","37702","72","OML","2026-04-16 02:36:46","L","11.764644","78.031508"
"12264","37702","78","OML","2026-04-16 02:37:46","L","11.776114","78.030995"
"12264","37702","77","OML","2026-04-16 02:37:49","L","11.770311","78.032005"
"12264","37702","76","OML","2026-04-16 02:38:16","L","11.781499","78.028857"
"12264","37702","78","OML","2026-04-16 02:38:46","L","11.78701","78.026968"
"12264","37702","77","OML","2026-04-16 02:39:16","L","11.792823","78.026489"
"12264","37702","77","OML","2026-04-16 02:39:46","L","11.798734","78.026032"
"12264","37702","75","OML","2026-04-16 02:40:16","L","11.804279","78.027092"
"12264","37702","77","OML","2026-04-16 02:40:46","L","11.81012","78.026922"
"12264","37702","59","OML","2026-04-16 02:41:16","L","11.815257","78.026473"
"12264","37702","34","OML","2026-04-16 02:41:46","L","11.818696","78.026854"
"12264","37702","27","KVLR","2026-04-16 02:42:09","H","11.820405","78.027229"
"12264","37702","26","KVLR","2026-04-16 02:42:17","L","11.820937","78.027294"
"12264","37702","27","KVLR","2026-04-16 02:42:47","L","11.823027","78.027361"
"12264","37702","27","KVLR","2026-04-16 02:43:17","L","11.825048","78.027356"
"12264","37702","26","KVLR","2026-04-16 02:43:47","L","11.827086","78.027403"
"12264","37702","26","KVLR","2026-04-16 02:44:17","L","11.82917","78.027448"
"12264","37702","10","KVLR","2026-04-16 02:44:47","L","11.830587","78.027479"
"12264","37702","0","KVLR","2026-04-16 02:45:03","A","11.83085","78.027484"
"12264","37702","0","KVLR","2026-04-16 02:45:17","L","11.83085","78.027484"
"12264","37702","0","KVLR","2026-04-16 02:45:47","L","11.83085","78.027484"
"12264","37702","0","KVLR","2026-04-16 02:46:17","L","11.83085","78.027484"
"12264","37702","0","KVLR","2026-04-16 02:46:47","L","11.83085","78.027484"
"12264","37702","0","KVLR","2026-04-16 02:47:17","L","11.83085","78.027484"
"12264","37702","0","KVLR","2026-04-16 02:47:47","L","11.83085","78.027484"
"12264","37702","0","KVLR","2026-04-16 02:48:17","L","11.83085","78.027484"
"12264","37702","0","KVLR","2026-04-16 02:48:47","L","11.83085","78.027484"
"12264","37702","0","KVLR","2026-04-16 02:49:17","L","11.83085","78.027484"
"12264","37702","0","KVLR","2026-04-16 02:49:47","L","11.83085","78.027484"
"12264","37702","0","KVLR","2026-04-16 02:50:17","L","11.83085","78.027484"
"12264","37702","0","KVLR","2026-04-16 02:50:47","L","11.83085","78.027484"
"12264","37702","0","KVLR","2026-04-16 02:51:17","L","11.83085","78.027484"
"12264","37702","0","KVLR","2026-04-16 02:51:47","L","11.830821","78.027803"
"12264","37702","0","KVLR","2026-04-16 02:52:17","L","11.830821","78.027803"
"12264","37702","0","KVLR","2026-04-16 02:52:47","L","11.830821","78.027803"
"12264","37702","0","KVLR","2026-04-16 02:53:17","L","11.830821","78.027803"
"12264","37702","0","KVLR","2026-04-16 02:53:47","L","11.830821","78.027803"
"12264","37702","0","KVLR","2026-04-16 02:54:17","L","11.830821","78.027803"
"12264","37702","0","KVLR","2026-04-16 02:54:47","L","11.830821","78.027803"
"12264","37702","0","KVLR","2026-04-16 02:55:17","L","11.830821","78.027803"
"12264","37702","0","KVLR","2026-04-16 02:55:47","L","11.830821","78.027803"
"12264","37702","0","KVLR","2026-04-16 02:56:17","L","11.830821","78.027803"
"12264","37702","0","KVLR","2026-04-16 02:56:47","L","11.830821","78.027803"
"12264","37702","0","KVLR","2026-04-16 02:57:17","L","11.830821","78.027803"
"12264","37702","0","KVLR","2026-04-16 02:57:47","L","11.830821","78.027803"
"12264","37702","0","KVLR","2026-04-16 02:58:17","L","11.830821","78.027803"
"12264","37702","0","KVLR","2026-04-16 02:58:47","L","11.830821","78.027803"
"12264","37702","0","KVLR","2026-04-16 02:59:17","L","11.830821","78.027803"
"12264","37702","0","KVLR","2026-04-16 02:59:47","L","11.830821","78.027803"
"12264","37702","0","KVLR","2026-04-16 03:00:17","L","11.830821","78.027803"
"12264","37702","0","KVLR","2026-04-16 03:00:47","L","11.830821","78.027803"
"12264","37702","2","KVLR","2026-04-16 03:01:17","L","11.830841","78.027846"
"12264","37702","5","KVLR","2026-04-16 03:01:47","L","11.831049","78.027853"
"12264","37702","16","KVLR","2026-04-16 03:02:17","L","11.831958","78.027877"
"12264","37702","17","KVLR","2026-04-16 03:02:47","L","11.833189","78.027956"
"12264","37702","22","KVLR","2026-04-16 03:03:17","L","11.834643","78.027987"
"12264","37702","20","KVLR","2026-04-16 03:03:47","L","11.836417","78.028025"
"12264","37702","22","KVLR","2026-04-16 03:04:03","J","11.837273","78.028045"
"12264","37702","26","KVLR","2026-04-16 03:04:17","L","11.83812","78.028064"
"12264","37702","40","KVLR","2026-04-16 03:04:47","L","11.840634","78.028121"
"12264","37702","45","KVLR","2026-04-16 03:04:58","D","11.841815","78.028147"
"12264","37702","54","KVLR","2026-04-16 03:05:17","L","11.844076","78.028195"
"12264","37702","65","KVLR","2026-04-16 03:05:47","L","11.848788","78.027741"
"12264","37702","72","KVLR","2026-04-16 03:06:17","L","11.85392","78.026643"
"12264","37702","77","KVLR","2026-04-16 03:06:47","L","11.859543","78.02633"
"12264","37702","81","KVLR","2026-04-16 03:07:17","L","11.865424","78.026386"
"12264","37702","79","KVLR","2026-04-16 03:07:47","L","11.870953","78.028782"
"12264","37702","82","KVLR","2026-04-16 03:08:17","L","11.875842","78.032368"
"12264","37702","73","KVLR","2026-04-16 03:08:47","L","11.880529","78.035984"
"12264","37702","80","KVLR","2026-04-16 03:09:17","L","11.885777","78.038023"
"12264","37702","97","KVLR","2026-04-16 03:09:47","L","11.8915","78.04164"
"12264","37702","99","KVLR","2026-04-16 03:10:17","L","11.897621","78.045503"
"12264","37702","99","KVLR","2026-04-16 03:10:47","L","11.903715","78.050351"
"12264","37702","100","KVLR","2026-04-16 03:11:17","L","11.90955","78.055058"
"12264","37702","93","KVLR","2026-04-16 03:11:47","L","11.916127","78.058543"
"12264","37702","76","KVLR","2026-04-16 03:12:17","L","11.922015","78.061518"
"12264","37702","53","TPP","2026-04-16 03:12:45","K","11.92584","78.063449"
"12264","37702","53","KVLR","2026-04-16 03:12:47","L","11.92584","78.063449"
"12264","37702","52","TPP","2026-04-16 03:12:54","H","11.926737","78.064008"
"12264","37702","44","TPP","2026-04-16 03:13:18","L","11.928562","78.0663"
"12264","37702","39","TPP","2026-04-16 03:13:48","L","11.930333","78.068796"
"12264","37702","34","TPP","2026-04-16 03:14:18","L","11.932014","78.071004"
"12264","37702","16","TPP","2026-04-16 03:14:48","L","11.933154","78.072579"
"12264","37702","0","TPP","2026-04-16 03:15:00","A","11.933321","78.072814"
"12264","37702","0","TPP","2026-04-16 03:15:18","L","11.933322","78.072815"
"12264","37702","0","TPP","2026-04-16 03:15:48","L","11.933322","78.072815"
"12264","37702","0","TPP","2026-04-16 03:16:18","L","11.933322","78.072815"
"12264","37702","0","TPP","2026-04-16 03:16:48","L","11.933322","78.072815"
"12264","37702","0","TPP","2026-04-16 03:17:18","L","11.933322","78.072815"
"12264","37702","0","TPP","2026-04-16 03:17:48","L","11.933322","78.072815"
"12264","37702","0","TPP","2026-04-16 03:18:18","L","11.933322","78.072815"
"12264","37702","0","TPP","2026-04-16 03:18:48","L","11.933322","78.072815"
"12264","37702","0","TPP","2026-04-16 03:19:18","L","11.933322","78.072815"
"12264","37702","9","TPP","2026-04-16 03:19:48","L","11.933549","78.073072"
"12264","37702","11","TPP","2026-04-16 03:20:18","L","11.934081","78.073805"
"12264","37702","23","TPP","2026-04-16 03:20:48","L","11.934813","78.074809"
"12264","37702","45","TPP","2026-04-16 03:21:17","D","11.936368","78.076947"
"12264","37702","45","TPP","2026-04-16 03:21:18","L","11.936437","78.077042"
"12264","37702","45","TPP","2026-04-16 03:21:18","J","11.936437","78.077042"
"12264","37702","51","TPP","2026-04-16 03:21:48","L","11.938343","78.080234"
"12264","37702","48","TPP","2026-04-16 03:22:18","L","11.939924","78.083808"
"12264","37702","55","TPP","2026-04-16 03:22:48","L","11.942633","78.08634"
"12264","37702","65","TPP","2026-04-16 03:23:18","L","11.947336","78.085928"
"12264","37702","50","TPP","2026-04-16 03:23:48","L","11.95142","78.086898"
"12264","37702","45","TPP","2026-04-16 03:24:18","L","11.953465","78.089829"
"12264","37702","50","TPP","2026-04-16 03:24:48","L","11.955404","78.092994"
"12264","37702","46","TPP","2026-04-16 03:25:18","L","11.957078","78.096153"
"12264","37702","50","TPP","2026-04-16 03:25:48","L","11.957081","78.099832"
"12264","37702","47","TPP","2026-04-16 03:26:18","L","11.958659","78.103264"
"12264","37702","51","TPP","2026-04-16 03:26:48","L","11.960369","78.106742"
"12264","37702","49","TPP","2026-04-16 03:27:18","L","11.960934","78.110413"
"12264","37702","52","TPP","2026-04-16 03:27:48","L","11.962015","78.114073"
"12264","37702","49","TPP","2026-04-16 03:28:18","L","11.963303","78.117663"
"12264","37702","48","TPP","2026-04-16 03:28:48","L","11.964502","78.121018"
"12264","37702","50","TPP","2026-04-16 03:29:18","L","11.966771","78.124033"
"12264","37702","50","TPP","2026-04-16 03:29:48","L","11.969412","78.126892"
"12264","37702","50","TPP","2026-04-16 03:30:18","L","11.972256","78.129522"
"12264","37702","48","TPP","2026-04-16 03:30:48","L","11.972596","78.13312"
"12264","37702","51","TPP","2026-04-16 03:31:18","L","11.971165","78.136707"
"12264","37702","48","TPP","2026-04-16 03:31:48","L","11.971231","78.140256"
"12264","37702","52","TPP","2026-04-16 03:32:18","L","11.974589","78.141811"
"12264","37702","48","TPP","2026-04-16 03:32:48","L","11.976167","78.145232"
"12264","37702","51","TPP","2026-04-16 03:33:18","L","11.979127","78.147432"
"12264","37702","49","TPP","2026-04-16 03:33:48","L","11.981652","78.15037"
"12264","37702","52","TPP","2026-04-16 03:34:49","L","11.984158","78.153297"
"12264","37702","48","TPP","2026-04-16 03:35:19","L","11.986709","78.156151"
"12264","37702","50","TPP","2026-04-16 03:35:49","L","11.990074","78.155807"
"12264","37702","48","TPP","2026-04-16 03:36:19","L","11.992736","78.153091"
"12264","37702","50","TPP","2026-04-16 03:36:49","L","11.995274","78.150436"
"12264","37702","50","TPP","2026-04-16 03:37:19","L","11.99775","78.147423"
"12264","37702","48","TPP","2026-04-16 03:37:49","L","12.000028","78.144508"
"12264","37702","50","TPP","2026-04-16 03:38:19","L","12.002108","78.141441"
"12264","37702","49","TPP","2026-04-16 03:38:50","L","12.004213","78.138229"
"12264","37702","51","TPP","2026-04-16 03:39:50","L","12.009367","78.132957"
"12264","37702","50","TPP","2026-04-16 03:40:20","L","12.011868","78.130089"
"12264","37702","57","TPP","2026-04-16 03:40:49","L","12.014115","78.12661"
"12264","37702","48","TPP","2026-04-16 03:41:11","L","12.006886","78.136058"
"12264","37702","62","TPP","2026-04-16 03:41:13","L","12.017199","78.123222"
"12264","37702","62","TPP","2026-04-16 03:41:18","L","12.020057","78.119388"
"12264","37702","61","TPP","2026-04-16 03:41:48","L","12.023862","78.116972"
"12264","37702","63","TPP","2026-04-16 03:42:18","L","12.028541","78.117322"
"12264","37702","63","SZV","2026-04-16 03:42:25","K","12.02965","78.117434"
"12264","37702","64","SZV","2026-04-16 03:42:33","H","12.030929","78.117566"
"12264","37702","63","SZV","2026-04-16 03:42:49","L","12.033476","78.117831"
"12264","37702","70","SZV","2026-04-16 03:43:19","L","12.03829","78.118332"
"12264","37702","78","SZV","2026-04-16 03:43:49","L","12.043924","78.118917"
"12264","37702","88","SZV","2026-04-16 03:44:06","J","12.047243","78.119261"
"12264","37702","91","SZV","2026-04-16 03:44:10","R","12.048369","78.11938"
"12264","37702","94","SZV","2026-04-16 03:44:19","L","12.050459","78.119596"
"12264","37702","95","SZV","2026-04-16 03:44:49","L","12.057656","78.120338"
"12264","37702","80","SZV","2026-04-16 03:45:19","L","12.064581","78.121055"
"12264","37702","51","SZV","2026-04-16 03:45:49","L","12.068978","78.12151"
"12264","37702","67","SZV","2026-04-16 03:46:18","L","12.073259","78.121952"
"12264","37702","78","SZV","2026-04-16 03:46:48","L","12.078706","78.122941"
"12264","37702","76","SZV","2026-04-16 03:47:20","L","12.084018","78.125548"
"12264","37702","80","SZV","2026-04-16 03:47:48","L","12.088513","78.129224"
"12264","37702","83","SZV","2026-04-16 03:48:18","L","12.093314","78.133142"
"12264","37702","76","SZV","2026-04-16 03:48:48","L","12.098186","78.137112"
"12264","37702","56","SZV","2026-04-16 03:49:18","L","12.101834","78.140094"
"12264","37702","36","SZV","2026-04-16 03:49:48","L","12.104705","78.142432"
"12264","37702","27","SZV","2026-04-16 03:50:18","L","12.106681","78.144051"
"12264","37702","23","SZV","2026-04-16 03:50:48","L","12.10822","78.145306"
"12264","37702","18","SZV","2026-04-16 03:51:18","L","12.109441","78.146273"
"12264","37702","18","SZV","2026-04-16 03:51:48","L","12.110624","78.147"
"12264","37702","18","SZV","2026-04-16 03:52:18","L","12.111819","78.14766"
"12264","37702","21","SZV","2026-04-16 03:52:48","L","12.11314","78.148397"
"12264","37702","18","SZV","2026-04-16 03:53:18","L","12.1144","78.149101"
"12264","37702","16","SZV","2026-04-16 03:53:48","L","12.115617","78.149775"
"12264","37702","18","SZV","2026-04-16 03:54:18","L","12.116784","78.150422"
"12264","37702","18","DPJ","2026-04-16 03:54:44","K","12.117767","78.150971"
"12264","37702","19","SZV","2026-04-16 03:54:48","L","12.117936","78.151066"
"12264","37702","20","DPJ","2026-04-16 03:54:55","H","12.118248","78.15124"
"12264","37702","26","DPJ","2026-04-16 03:55:19","L","12.119456","78.151915"
"12264","37702","34","DPJ","2026-04-16 03:55:49","L","12.121643","78.152793"
"12264","37702","36","DPJ","2026-04-16 03:56:19","L","12.124268","78.153534"
"12264","37702","18","DPJ","2026-04-16 03:56:49","L","12.126446","78.154144"
"12264","37702","17","DPJ","2026-04-16 03:57:19","L","12.127727","78.154513"
"12264","37702","0","DPJ","2026-04-16 03:57:42","A","12.128275","78.154675"
"12264","37702","0","DPJ","2026-04-16 03:57:49","L","12.128278","78.154676"
"12264","37702","0","DPJ","2026-04-16 03:58:19","L","12.128278","78.154676"
"12264","37702","0","DPJ","2026-04-16 03:58:49","L","12.128278","78.154676"
"12264","37702","0","DPJ","2026-04-16 03:59:19","L","12.128278","78.154676"
"12264","37702","0","DPJ","2026-04-16 03:59:49","L","12.128278","78.154676"
"12264","37702","7","DPJ","2026-04-16 04:00:19","L","12.128432","78.15475"
"12264","37702","26","DPJ","2026-04-16 04:00:49","L","12.129623","78.155049"
"12264","37702","50","DPJ","2026-04-16 04:01:19","L","12.132447","78.155654"
"12264","37702","60","DPJ","2026-04-16 04:01:30","D","12.133978","78.155762"
"12264","37702","63","DPJ","2026-04-16 04:01:33","J","12.134442","78.155794"
"12264","37702","76","DPJ","2026-04-16 04:01:49","L","12.137226","78.155627"
"12264","37702","76","DPJ","2026-04-16 04:02:19","L","12.14205","78.152043"
"12264","37702","83","DPJ","2026-04-16 04:02:49","L","12.146729","78.148339"
"12264","37702","96","DPJ","2026-04-16 04:03:19","L","12.152054","78.144123"
"12264","37702","105","DPJ","2026-04-16 04:03:49","L","12.1581","78.139344"
"12264","37702","105","DPJ","2026-04-16 04:04:19","L","12.164405","78.134367"
"12264","37702","107","DPJ","2026-04-16 04:04:49","L","12.172068","78.132714"
"12264","37702","106","DPJ","2026-04-16 04:05:19","L","12.180143","78.132454"
"12264","37702","101","DPJ","2026-04-16 04:05:49","L","12.187908","78.132197"
"12264","37702","107","DPJ","2026-04-16 04:06:19","L","12.195808","78.131864"
"12264","37702","103","DPJ","2026-04-16 04:06:49","L","12.202616","78.128239"
"12264","37702","107","DPJ","2026-04-16 04:07:19","L","12.209339","78.123871"
"12264","37702","101","DPJ","2026-04-16 04:07:49","L","12.215923","78.11959"
"12264","37702","103","DPJ","2026-04-16 04:08:19","L","12.222477","78.115313"
"12264","37702","99","DPJ","2026-04-16 04:08:49","L","12.228956","78.111084"
"12264","37702","87","DPJ","2026-04-16 04:09:19","L","12.234872","78.107286"
"12264","37702","96","DPJ","2026-04-16 04:09:49","L","12.241166","78.104457"
"12264","37702","106","DPJ","2026-04-16 04:10:19","L","12.24823","78.101338"
"12264","37702","106","DPJ","2026-04-16 04:10:49","L","12.255468","78.097889"
"12264","37702","105","DPJ","2026-04-16 04:11:19","L","12.261253","78.092352"
"12264","37702","101","DPJ","2026-04-16 04:11:49","L","12.267016","78.086748"
"12264","37702","100","DPJ","2026-04-16 04:12:19","L","12.272502","78.081409"
"12264","37702","107","DPJ","2026-04-16 04:12:49","L","12.2785","78.076402"
"12264","37702","103","PCV","2026-04-16 04:13:15","K","12.28531","78.073678"
"12264","37702","100","DPJ","2026-04-16 04:13:19","L","12.286066","78.073521"
"12264","37702","99","PCV","2026-04-16 04:13:20","H","12.286561","78.073436"
"12264","37702","81","PCV","2026-04-16 04:13:50","L","12.292859","78.072385"
"12264","37702","75","PCV","2026-04-16 04:14:20","L","12.298609","78.071415"
"12264","37702","78","PCV","2026-04-16 04:14:50","L","12.303726","78.068518"
"12264","37702","78","PCV","2026-04-16 04:15:13","R","12.305427","78.064461"
"12264","37702","75","PCV","2026-04-16 04:15:20","L","12.306052","78.062997"
"12264","37702","85","PCV","2026-04-16 04:15:50","L","12.309833","78.058234"
"12264","37702","93","PCV","2026-04-16 04:16:20","L","12.314848","78.054391"
"12264","37702","97","PCV","2026-04-16 04:16:50","L","12.321272","78.05105"
"12264","37702","97","PCV","2026-04-16 04:17:20","L","12.327737","78.046775"
"12264","37702","98","PCV","2026-04-16 04:17:50","L","12.333391","78.042219"
"12264","37702","94","PCV","2026-04-16 04:18:20","L","12.340531","78.041126"
"12264","37702","95","PCV","2026-04-16 04:18:50","L","12.346792","78.038769"
"12264","37702","96","PCV","2026-04-16 04:19:20","L","12.35154","78.033407"
"12264","37702","99","PCV","2026-04-16 04:19:50","L","12.354038","78.025854"
"12264","37702","94","PCV","2026-04-16 04:20:20","L","12.360556","78.023598"
"12264","37702","94","PCV","2026-04-16 04:20:50","L","12.367529","78.023442"
"12264","37702","78","PCV","2026-04-16 04:21:20","L","12.372769","78.020082"
"12264","37702","65","PCV","2026-04-16 04:21:50","L","12.377288","78.017185"
"12264","37702","55","MZU","2026-04-16 04:22:20","H","12.381645","78.01477"
"12264","37702","55","PCV","2026-04-16 04:22:20","L","12.381645","78.01477"
"12264","37702","46","MZU","2026-04-16 04:22:51","L","12.38538","78.01534"
"12264","37702","35","MZU","2026-04-16 04:23:21","L","12.388275","78.016678"
"12264","37702","26","MZU","2026-04-16 04:23:51","L","12.390372","78.017657"
"12264","37702","16","MZU","2026-04-16 04:24:21","L","12.391777","78.018288"
"12264","37702","0","MZU","2026-04-16 04:24:36","A","12.392142","78.018448"
"12264","37702","0","MZU","2026-04-16 04:24:51","L","12.392142","78.018457"
"12264","37702","0","MZU","2026-04-16 04:25:21","L","12.392142","78.018457"
"12264","37702","0","MZU","2026-04-16 04:25:51","L","12.392142","78.018457"
"12264","37702","0","MZU","2026-04-16 04:26:21","L","12.392142","78.018457"
"12264","37702","0","MZU","2026-04-16 04:26:51","L","12.392142","78.018457"
"12264","37702","0","MZU","2026-04-16 04:27:21","L","12.392142","78.018457"
"12264","37702","0","MZU","2026-04-16 04:27:51","L","12.392142","78.018457"
"12264","37702","19","MZU","2026-04-16 04:28:21","L","12.392807","78.018768"
"12264","37702","40","MZU","2026-04-16 04:28:51","L","12.394771","78.019677"
"12264","37702","51","MZU","2026-04-16 04:29:08","D","12.396504","78.020502"
"12264","37702","58","MZU","2026-04-16 04:29:21","L","12.398147","78.021281"
"12264","37702","70","MZU","2026-04-16 04:29:51","L","12.402994","78.021685"
"12264","37702","67","MZU","2026-04-16 04:30:21","L","12.408196","78.021222"
"12264","37702","69","MZU","2026-04-16 04:30:51","L","12.413302","78.020758"
"12264","37702","68","MZU","2026-04-16 04:31:21","L","12.418528","78.020324"
"12264","37702","69","MZU","2026-04-16 04:31:51","L","12.423314","78.022118"
"12264","37702","68","MZU","2026-04-16 04:32:21","L","12.428043","78.021815"
"12264","37702","69","MZU","2026-04-16 04:32:51","L","12.431994","78.018741"
"12264","37702","68","MZU","2026-04-16 04:33:21","L","12.437002","78.017704"
"12264","37702","68","MZU","2026-04-16 04:33:51","L","12.441808","78.018668"
"12264","37702","68","MZU","2026-04-16 04:34:21","L","12.446452","78.020869"
"12264","37702","69","MZU","2026-04-16 04:34:51","L","12.450861","78.018307"
"12264","37702","69","MZU","2026-04-16 04:35:21","L","12.454881","78.015285"
"12264","37702","67","MZU","2026-04-16 04:35:51","L","12.459801","78.014207"
"12264","37702","70","MZU","2026-04-16 04:36:21","L","12.464559","78.01243"
"12264","37702","67","MZU","2026-04-16 04:36:51","L","12.469674","78.010947"
"12264","37702","64","MZU","2026-04-16 04:37:21","L","12.47252","78.014633"
"12264","37702","58","MZU","2026-04-16 04:37:51","L","12.470513","78.018686"
"12264","37702","57","MZU","2026-04-16 04:38:21","L","12.467649","78.022256"
"12264","37702","59","MZU","2026-04-16 04:38:51","L","12.463738","78.023401"
"12264","37702","57","MZU","2026-04-16 04:39:21","L","12.461547","78.026879"
"12264","37702","57","MZU","2026-04-16 04:39:51","L","12.464912","78.028813"
"12264","37702","59","MZU","2026-04-16 04:40:21","L","12.468796","78.026651"
"12264","37702","64","MZU","2026-04-16 04:40:51","L","12.473305","78.026104"
"12264","37702","69","MZU","2026-04-16 04:41:21","L","12.47775","78.024241"
"12264","37702","68","MZU","2026-04-16 04:41:51","L","12.482963","78.022891"
"12264","37702","67","MZU","2026-04-16 04:42:21","L","12.488104","78.02291"
"12264","37702","68","MZU","2026-04-16 04:42:51","L","12.493189","78.023138"
"12264","37702","61","MZU","2026-04-16 04:43:21","L","12.497983","78.024322"
"12264","37702","53","MZU","2026-04-16 04:43:51","L","12.502227","78.024414"
"12264","37702","42","MZU","2026-04-16 04:44:21","L","12.505007","78.026729"
"12264","37702","37","RYC","2026-04-16 04:44:38","H","12.50641","78.027703"
"12264","37702","36","RYC","2026-04-16 04:44:41","K","12.506763","78.027831"
"12264","37702","34","RYC","2026-04-16 04:44:52","L","12.507645","78.027992"
"12264","37702","34","RYC","2026-04-16 04:45:22","L","12.510187","78.02802"
"12264","37702","29","RYC","2026-04-16 04:45:52","L","12.512573","78.027944"
"12264","37702","31","RYC","2026-04-16 04:46:21","L","12.514584","78.026908"
"12264","37702","18","RYC","2026-04-16 04:46:51","L","12.515659","78.025222"
"12264","37702","0","RYC","2026-04-16 04:47:11","A","12.515801","78.024757"
"12264","37702","0","RYC","2026-04-16 04:47:21","L","12.515801","78.024755"
"12264","37702","0","RYC","2026-04-16 04:47:51","L","12.515801","78.024755"
"12264","37702","0","RYC","2026-04-16 04:48:21","L","12.515801","78.024755"
"12264","37702","0","RYC","2026-04-16 04:48:51","L","12.515801","78.024755"
"12264","37702","0","RYC","2026-04-16 04:49:21","L","12.515801","78.024755"
"12264","37702","0","RYC","2026-04-16 04:49:51","L","12.515801","78.024755"
"12264","37702","0","RYC","2026-04-16 04:50:21","L","12.515801","78.024755"
"12264","37702","0","RYC","2026-04-16 04:50:51","L","12.515801","78.024755"
"12264","37702","0","RYC","2026-04-16 04:51:21","L","12.515801","78.024755"
"12264","37702","0","RYC","2026-04-16 04:51:51","L","12.515801","78.024755"
"12264","37702","0","RYC","2026-04-16 04:52:21","L","12.515801","78.024755"
"12264","37702","0","RYC","2026-04-16 04:52:51","L","12.515801","78.024755"
"12264","37702","2","RYC","2026-04-16 04:53:21","L","12.515808","78.02474"
"12264","37702","22","RYC","2026-04-16 04:53:51","L","12.516037","78.023847"
"12264","37702","41","RYC","2026-04-16 04:54:21","L","12.516645","78.021463"
"12264","37702","51","RYC","2026-04-16 04:54:38","D","12.517147","78.019507"
"12264","37702","52","RYC","2026-04-16 04:54:41","J","12.517243","78.019118"
"12264","37702","56","RYC","2026-04-16 04:54:51","L","12.517625","78.017766"
"12264","37702","61","RYC","2026-04-16 04:55:21","L","12.521171","78.015088"
"12264","37702","67","RYC","2026-04-16 04:55:51","L","12.522203","78.010638"
"12264","37702","60","RYC","2026-04-16 04:56:21","L","12.524531","78.006307"
"12264","37702","66","RYC","2026-04-16 04:56:51","L","12.52684","78.002126"
"12264","37702","63","RYC","2026-04-16 04:57:21","L","12.526884","77.997041"
"12264","37702","62","RYC","2026-04-16 04:57:51","L","12.525516","77.992676"
"12264","37702","45","RYC","2026-04-16 04:58:21","L","12.523072","77.989499"
"12264","37702","37","RYC","2026-04-16 04:58:51","L","12.523719","77.986482"
"12264","37702","38","RYC","2026-04-16 04:59:21","L","12.525154","77.984014"
"12264","37702","38","RYC","2026-04-16 04:59:51","L","12.525858","77.981239"
"12264","37702","37","RYC","2026-04-16 05:00:21","L","12.524672","77.978585"
"12264","37702","37","RYC","2026-04-16 05:00:51","L","12.524598","77.975801"
"12264","37702","38","RYC","2026-04-16 05:01:21","L","12.526493","77.973685"
"12264","37702","38","RYC","2026-04-16 05:01:51","L","12.528647","77.971727"
"12264","37702","37","RYC","2026-04-16 05:02:21","L","12.530972","77.970105"
"12264","37702","38","RYC","2026-04-16 05:02:51","L","12.533219","77.968533"
"12264","37702","37","RYC","2026-04-16 05:03:21","L","12.533753","77.965625"
"12264","37702","38","RYC","2026-04-16 05:03:51","L","12.534965","77.963091"
"12264","37702","31","RYC","2026-04-16 05:04:21","L","12.537629","77.962391"
"12264","37702","26","RYC","2026-04-16 05:04:51","L","12.539576","77.96239"
"12264","37702","29","RYC","2026-04-16 05:05:21","L","12.541822","77.962304"
"12264","37702","28","RYC","2026-04-16 05:05:51","L","12.543572","77.961198"
"12264","37702","30","RYC","2026-04-16 05:06:21","L","12.544283","77.959083"
"12264","37702","27","RYC","2026-04-16 05:06:51","L","12.544032","77.956887"
"12264","37702","30","RYC","2026-04-16 05:07:21","L","12.543746","77.954701"
"12264","37702","28","RYC","2026-04-16 05:07:51","L","12.543354","77.952472"
"12264","37702","29","RYC","2026-04-16 05:08:22","L","12.542034","77.950763"
"12264","37702","29","RYC","2026-04-16 05:08:51","L","12.540745","77.94895"
"12264","37702","29","RYC","2026-04-16 05:09:21","L","12.540744","77.946743"
"12264","37702","30","RYC","2026-04-16 05:09:51","L","12.541078","77.944477"
"12264","37702","29","RYC","2026-04-16 05:10:21","L","12.540937","77.94223"
"12264","37702","33","RYC","2026-04-16 05:10:51","L","12.539781","77.940241"
"12264","37702","40","RYC","2026-04-16 05:11:21","L","12.539924","77.937298"
"12264","37702","36","RYC","2026-04-16 05:11:51","L","12.540961","77.934635"
"12264","37702","42","RYC","2026-04-16 05:12:21","L","12.542054","77.93183"
"12264","37702","42","RYC","2026-04-16 05:12:51","L","12.54323","77.92881"
"12264","37702","42","RYC","2026-04-16 05:13:21","L","12.54438","77.92586"
"12264","37702","37","RYC","2026-04-16 05:13:51","L","12.545816","77.923308"
"12264","37702","39","RYC","2026-04-16 05:14:21","L","12.548624","77.922681"
"12264","37702","36","RYC","2026-04-16 05:14:51","L","12.551399","77.922663"
"12264","37702","40","RYC","2026-04-16 05:15:21","L","12.553336","77.920505"
"12264","37702","37","RYC","2026-04-16 05:15:51","L","12.554859","77.91787"
"12264","37702","37","PRNT","2026-04-16 05:15:55","K","12.55505","77.91754"
"12264","37702","37","PRNT","2026-04-16 05:15:56","H","12.555098","77.917457"
"12264","37702","35","PRNT","2026-04-16 05:16:22","L","12.556319","77.915359"
"12264","37702","42","PRNT","2026-04-16 05:16:52","L","12.558103","77.912913"
"12264","37702","42","PRNT","2026-04-16 05:17:22","L","12.560136","77.910533"
"12264","37702","37","PRNT","2026-04-16 05:17:52","L","12.562093","77.908244"
"12264","37702","40","PRNT","2026-04-16 05:18:22","L","12.564162","77.90621"
"12264","37702","39","PRNT","2026-04-16 05:18:36","R","12.565517","77.905865"
"12264","37702","39","PRNT","2026-04-16 05:18:40","J","12.565813","77.905872"
"12264","37702","37","PRNT","2026-04-16 05:18:52","L","12.567014","77.906201"
"12264","37702","40","PRNT","2026-04-16 05:19:22","L","12.569765","77.907045"
"12264","37702","37","PRNT","2026-04-16 05:19:52","L","12.572516","77.905954"
"12264","37702","39","PRNT","2026-04-16 05:20:22","L","12.575103","77.904644"
"12264","37702","38","PRNT","2026-04-16 05:20:52","L","12.576501","77.902063"
"12264","37702","39","PRNT","2026-04-16 05:21:22","L","12.578402","77.899965"
"12264","37702","39","PRNT","2026-04-16 05:21:52","L","12.581215","77.8989"
"12264","37702","38","PRNT","2026-04-16 05:22:22","L","12.583283","77.896883"
"12264","37702","40","PRNT","2026-04-16 05:22:52","L","12.584707","77.894211"
"12264","37702","37","PRNT","2026-04-16 05:23:22","L","12.585973","77.891478"
"12264","37702","39","PRNT","2026-04-16 05:23:52","L","12.585954","77.888553"
"12264","37702","39","PRNT","2026-04-16 05:24:22","L","12.587468","77.886059"
"12264","37702","38","PRNT","2026-04-16 05:24:52","L","12.590042","77.884862"
"12264","37702","39","PRNT","2026-04-16 05:25:22","L","12.591326","77.882146"
"12264","37702","38","PRNT","2026-04-16 05:25:52","L","12.591944","77.879193"
"12264","37702","40","PRNT","2026-04-16 05:26:22","L","12.592614","77.876252"
"12264","37702","40","PRNT","2026-04-16 05:26:52","L","12.594096","77.873502"
"12264","37702","38","PRNT","2026-04-16 05:27:22","L","12.59646","77.871755"
"12264","37702","38","PRNT","2026-04-16 05:27:52","L","12.599347","77.871556"
"12264","37702","40","PRNT","2026-04-16 05:28:22","L","12.602316","77.871455"
"12264","37702","39","PRNT","2026-04-16 05:28:52","L","12.605332","77.871354"
"12264","37702","38","PRNT","2026-04-16 05:29:22","L","12.607974","77.870484"
"12264","37702","38","KMLM","2026-04-16 05:29:37","K","12.608988","77.869313"
"12264","37702","39","KMLM","2026-04-16 05:29:48","H","12.609602","77.868417"
"12264","37702","39","KMLM","2026-04-16 05:29:53","L","12.609884","77.868"
"12264","37702","39","KMLM","2026-04-16 05:30:23","L","12.611808","77.865669"
"12264","37702","37","KMLM","2026-04-16 05:30:53","L","12.614642","77.86541"
"12264","37702","41","KMLM","2026-04-16 05:31:23","L","12.617557","77.865613"
"12264","37702","55","KMLM","2026-04-16 05:31:53","L","12.62107","77.865856"
"12264","37702","60","KMLM","2026-04-16 05:32:03","R","12.622661","77.865965"
"12264","37702","68","KMLM","2026-04-16 05:32:23","L","12.625882","77.866078"
"12264","37702","68","KMLM","2026-04-16 05:32:25","J","12.626223","77.866031"
"12264","37702","75","KMLM","2026-04-16 05:32:53","L","12.631213","77.865159"
"12264","37702","82","KMLM","2026-04-16 05:33:23","L","12.636115","77.861783"
"12264","37702","85","KMLM","2026-04-16 05:33:53","L","12.642225","77.861542"
"12264","37702","88","KMLM","2026-04-16 05:34:23","L","12.647491","77.864644"
"12264","37702","90","KMLM","2026-04-16 05:34:53","L","12.653161","77.867966"
"12264","37702","92","KMLM","2026-04-16 05:35:23","L","12.659954","77.866972"
"12264","37702","94","KMLM","2026-04-16 05:35:53","L","12.665412","77.862578"
"12264","37702","98","KMLM","2026-04-16 05:36:23","L","12.670739","77.857629"
"12264","37702","104","KMLM","2026-04-16 05:36:53","L","12.674826","77.851469"
"12264","37702","95","KMLM","2026-04-16 05:37:23","L","12.678905","77.844724"
"12264","37702","95","KMLM","2026-04-16 05:37:53","L","12.685905","77.843126"
"12264","37702","92","KMLM","2026-04-16 05:38:23","L","12.691387","77.839311"
"12264","37702","89","KMLM","2026-04-16 05:38:53","L","12.694101","77.832914"
"12264","37702","88","KMLM","2026-04-16 05:39:23","L","12.697655","77.827127"
"12264","37702","59","KMLM","2026-04-16 05:39:53","L","12.701711","77.823225"
"12264","37702","46","KMLM","2026-04-16 05:40:23","L","12.705158","77.821436"
"12264","37702","45","HSRA","2026-04-16 05:40:28","K","12.70573","77.821324"
"12264","37702","42","HSRA","2026-04-16 05:40:51","H","12.708234","77.821333"
"12264","37702","41","HSRA","2026-04-16 05:40:54","L","12.708547","77.821385"
"12264","37702","34","HSRA","2026-04-16 05:41:24","L","12.711286","77.821865"
"12264","37702","30","HSRA","2026-04-16 05:41:54","L","12.713641","77.822276"
"12264","37702","27","HSRA","2026-04-16 05:42:24","L","12.715843","77.822665"
"12264","37702","20","HSRA","2026-04-16 05:42:54","L","12.717643","77.822973"
"12264","37702","0","HSRA","2026-04-16 05:43:19","A","12.718486","77.823121"
"12264","37702","0","HSRA","2026-04-16 05:43:24","L","12.718488","77.823122"
"12264","37702","0","HSRA","2026-04-16 05:43:54","L","12.718488","77.823122"
"12264","37702","0","HSRA","2026-04-16 05:44:24","L","12.718488","77.823122"
"12264","37702","0","HSRA","2026-04-16 05:44:54","L","12.718488","77.823122"
"12264","37702","4","HSRA","2026-04-16 05:45:24","L","12.718536","77.823132"
"12264","37702","23","HSRA","2026-04-16 05:45:54","L","12.719637","77.823322"
"12264","37702","28","HSRA","2026-04-16 05:46:23","L","12.721634","77.823487"
"12264","37702","26","HSRA","2026-04-16 05:46:53","L","12.7233","77.822302"
"12264","37702","29","HSRA","2026-04-16 05:47:23","L","12.723984","77.820182"
"12264","37702","27","HSRA","2026-04-16 05:47:53","L","12.724532","77.818064"
"12264","37702","30","HSRA","2026-04-16 05:48:23","L","12.725065","77.816"
"12264","37702","36","HSRA","2026-04-16 05:48:30","D","12.725214","77.815424"
"12264","37702","60","HSRA","2026-04-16 05:48:53","L","12.72592","77.812637"
"12264","37702","71","HSRA","2026-04-16 05:49:09","J","12.725594","77.809821"
"12264","37702","68","HSRA","2026-04-16 05:49:23","L","12.724191","77.80802"
"12264","37702","57","HSRA","2026-04-16 05:49:53","L","12.720694","77.804804"
"12264","37702","67","HSRA","2026-04-16 05:50:23","L","12.719407","77.800404"
"12264","37702","78","HSRA","2026-04-16 05:50:53","L","12.718382","77.794744"
"12264","37702","79","HSRA","2026-04-16 05:51:23","L","12.717311","77.788809"
"12264","37702","77","HSRA","2026-04-16 05:51:53","L","12.716242","77.782882"
"12264","37702","77","HSRA","2026-04-16 05:52:23","L","12.717072","77.777168"
"12264","37702","74","MNKH","2026-04-16 05:52:53","H","12.720886","77.772753"
"12264","37702","74","MNKH","2026-04-16 05:52:53","K","12.720797","77.772921"
"12264","37702","74","HSRA","2026-04-16 05:52:53","L","12.720797","77.772921"
"12264","37702","80","MNKH","2026-04-16 05:53:29","L","12.719984","77.767152"
"12264","37702","76","MNKH","2026-04-16 05:53:54","L","12.717266","77.761807"
"12264","37702","77","MNKH","2026-04-16 05:54:22","J","12.714883","77.75712"
"12264","37702","77","MNKH","2026-04-16 05:54:28","R","12.714252","77.755882"
"12264","37702","77","MNKH","2026-04-16 05:54:54","L","12.711914","77.751289"
"12264","37702","78","MNKH","2026-04-16 05:55:30","L","12.711047","77.745445"
"12264","37702","76","MNKH","2026-04-16 05:55:54","L","12.710873","77.739577"
"12264","37702","80","MNKH","2026-04-16 05:56:24","L","12.710695","77.73358"
"12264","37702","76","MNKH","2026-04-16 05:56:54","L","12.711178","77.727633"
"12264","37702","73","MNKH","2026-04-16 05:57:24","L","12.712989","77.7221"
"12264","37702","67","MNKH","2026-04-16 05:57:54","L","12.714635","77.717045"
"12264","37702","65","AEK","2026-04-16 05:58:11","H","12.715532","77.714294"
"12264","37702","65","AEK","2026-04-16 05:58:19","K","12.715943","77.713023"
"12264","37702","66","AEK","2026-04-16 05:58:25","L","12.716348","77.712106"
"12264","37702","70","AEK","2026-04-16 05:58:55","L","12.720996","77.710621"
"12264","37702","65","AEK","2026-04-16 05:59:25","L","12.726105","77.710709"
"12264","37702","76","AEK","2026-04-16 05:59:55","L","12.731354","77.710794"
"12264","37702","78","AEK","2026-04-16 06:00:00","R","12.732332","77.71081"
"12264","37702","79","AEK","2026-04-16 06:00:02","J","12.732729","77.710816"
"12264","37702","85","AEK","2026-04-16 06:00:25","L","12.73729","77.710894"
"12264","37702","99","AEK","2026-04-16 06:00:55","L","12.744347","77.709695"
"12264","37702","107","AEK","2026-04-16 06:01:25","L","12.752048","77.708022"
"12264","37702","99","AEK","2026-04-16 06:01:55","L","12.759581","77.706374"
"12264","37702","105","AEK","2026-04-16 06:02:25","L","12.767336","77.706221"
"12264","37702","108","AEK","2026-04-16 06:02:55","L","12.775068","77.706562"
"12264","37702","100","AEK","2026-04-16 06:03:25","L","12.783289","77.706919"
"12264","37702","104","AEK","2026-04-16 06:03:55","L","12.790778","77.707242"
"12264","37702","109","AEK","2026-04-16 06:04:25","L","12.798837","77.708449"
"12264","37702","104","HLE","2026-04-16 06:04:46","H","12.80431","77.709802"
"12264","37702","103","HLE","2026-04-16 06:04:49","K","12.805069","77.70999"
"12264","37702","102","HLE","2026-04-16 06:04:56","L","12.806827","77.710415"
"12264","37702","102","HLE","2026-04-16 06:05:26","L","12.814523","77.711322"
"12264","37702","101","HLE","2026-04-16 06:05:56","L","12.822255","77.71213"
"12264","37702","101","HLE","2026-04-16 06:05:57","R","12.822508","77.712157"
"12264","37702","98","HLE","2026-04-16 06:06:02","J","12.823757","77.712287"
"12264","37702","80","HLE","2026-04-16 06:06:26","L","12.829001","77.712837"
"12264","37702","91","HLE","2026-04-16 06:06:56","L","12.835317","77.712697"
"12264","37702","98","HLE","2026-04-16 06:07:26","L","12.842523","77.712039"
"12264","37702","104","HKUR","2026-04-16 06:07:47","K","12.847888","77.711535"
"12264","37702","103","HLE","2026-04-16 06:07:56","L","12.85023","77.711313"
"12264","37702","93","HLE","2026-04-16 06:08:29","L","12.857589","77.710621"
"12264","37702","99","HLE","2026-04-16 06:08:56","L","12.864747","77.709949"
"12264","37702","102","HKUR","2026-04-16 06:09:07","J","12.867522","77.70968"
"12264","37702","101","HLE","2026-04-16 06:09:26","L","12.872382","77.709218"
"12264","37702","94","HLE","2026-04-16 06:09:56","L","12.879651","77.70852"
"12264","37702","94","HLE","2026-04-16 06:10:26","L","12.886682","77.707845"
"12264","37702","94","HLE","2026-04-16 06:10:56","L","12.893783","77.707162"
"12264","37702","62","HLE","2026-04-16 06:11:26","L","12.900019","77.70657"
"12264","37702","60","CRLM","2026-04-16 06:11:26","H","12.900174","77.706556"
"12264","37702","40","CRLM","2026-04-16 06:11:57","L","12.903414","77.706252"
"12264","37702","36","CRLM","2026-04-16 06:12:27","L","12.906397","77.705968"
"12264","37702","18","CRLM","2026-04-16 06:12:57","L","12.908515","77.705763"
"12264","37702","0","CRLM","2026-04-16 06:13:20","A","12.909223","77.705691"
"12264","37702","0","CRLM","2026-04-16 06:13:27","L","12.909222","77.705691"
"12264","37702","0","CRLM","2026-04-16 06:13:57","L","12.909222","77.705691"
"12264","37702","0","CRLM","2026-04-16 06:14:27","L","12.909222","77.705691"
"12264","37702","0","CRLM","2026-04-16 06:14:57","L","12.909222","77.705691"
"12264","37702","12","CRLM","2026-04-16 06:15:27","L","12.909613","77.705654"
"12264","37702","37","CRLM","2026-04-16 06:15:57","L","12.911473","77.705479"
"12264","37702","60","CRLM","2026-04-16 06:16:23","D","12.914652","77.705184"
"12264","37702","63","CRLM","2026-04-16 06:16:27","L","12.915274","77.705124"
"12264","37702","71","CRLM","2026-04-16 06:16:57","L","12.920286","77.705523"
"12264","37702","71","CRLM","2026-04-16 06:17:27","L","12.925585","77.706764"
"12264","37702","61","BLRR","2026-04-16 06:17:37","K","12.927242","77.70715"
"12264","37702","40","CRLM","2026-04-16 06:17:57","L","12.929539","77.707686"
"12264","37702","40","BLRR","2026-04-16 06:18:00","H","12.929839","77.707753"
"12264","37702","48","BLRR","2026-04-16 06:18:28","L","12.932972","77.707897"
"12264","37702","50","BLRR","2026-04-16 06:18:58","L","12.936834","77.707365"
"12264","37702","41","BLRR","2026-04-16 06:19:28","L","12.940242","77.706895"
"12264","37702","30","BLRR","2026-04-16 06:19:58","L","12.942934","77.70653"
"12264","37702","19","BLRR","2026-04-16 06:20:28","L","12.944871","77.706265"
"12264","37702","11","BLRR","2026-04-16 06:20:58","L","12.946001","77.706117"
"12264","37702","15","BLRR","2026-04-16 06:21:28","L","12.946997","77.706021"
"12264","37702","14","BLRR","2026-04-16 06:21:45","R","12.947646","77.705935"
"12264","37702","13","BLRR","2026-04-16 06:21:58","L","12.948059","77.705884"
"12264","37702","14","BLRR","2026-04-16 06:22:28","L","12.94906","77.705737"
"12264","37702","14","BLRR","2026-04-16 06:22:58","L","12.950161","77.705567"
"12264","37702","10","BLRR","2026-04-16 06:23:28","L","12.951129","77.70541"
"12264","37702","11","BLRR","2026-04-16 06:23:35","J","12.951293","77.705385"
"12264","37702","23","BLRR","2026-04-16 06:23:58","L","12.952337","77.705238"
"12264","37702","37","BLRR","2026-04-16 06:24:28","L","12.95452","77.704945"
"12264","37702","43","BLRR","2026-04-16 06:24:58","L","12.957836","77.704485"
"12264","37702","31","BLRR","2026-04-16 06:25:28","L","12.960639","77.704088"
"12264","37702","24","BLRR","2026-04-16 06:25:58","L","12.962669","77.703819"
"12264","37702","38","BLRR","2026-04-16 06:26:28","L","12.964919","77.703513"
"12264","37702","58","BLRR","2026-04-16 06:26:58","L","12.968535","77.702823"
"12264","37702","76","BLRR","2026-04-16 06:27:28","L","12.972424","77.699622"
"12264","37702","95","BLRR","2026-04-16 06:27:58","L","12.975733","77.693808"
"12264","37702","96","BLRR","2026-04-16 06:28:28","L","12.979398","77.687334"
"12264","37702","91","BLRR","2026-04-16 06:28:58","L","12.982909","77.681145"
"12264","37702","84","BLRR","2026-04-16 06:29:28","L","12.986158","77.675421"
"12264","37702","84","BLRR","2026-04-16 06:29:58","L","12.989429","77.669664"
"12264","37702","80","BYPL","2026-04-16 06:30:20","K","12.992174","77.665696"
"12264","37702","80","BPHI","2026-04-16 06:30:21","H","12.992174","77.665696"
"12264","37702","77","BPHI","2026-04-16 06:30:29","L","12.993459","77.664762"
"12264","37702","70","BPHI","2026-04-16 06:31:22","R","13.001472","77.659812"
"12264","37702","70","BPHI","2026-04-16 06:31:23","J","13.001603","77.659691"
"12264","37702","70","BPHI","2026-04-16 06:31:29","L","13.002331","77.658914"
"12264","37702","58","BPHI","2026-04-16 06:31:59","L","13.004191","77.654452"
"12264","37702","47","BPHI","2026-04-16 06:32:29","L","13.004782","77.650391"
"12264","37702","29","BPHI","2026-04-16 06:32:59","L","13.005207","77.647427"
"12264","37702","29","BPHI","2026-04-16 06:33:29","L","13.00543","77.645516"
"12264","37702","24","BPHI","2026-04-16 06:33:59","L","13.005446","77.643398"
"12264","37702","33","BPHI","2026-04-16 06:34:29","L","13.005207","77.641402"
"12264","37702","39","BPHI","2026-04-16 06:34:59","L","13.004628","77.638389"
"12264","37702","39","BAND","2026-04-16 06:35:05","K","13.004511","77.637796"
"12264","37702","34","BAND","2026-04-16 06:35:17","H","13.004293","77.636684"
"12264","37702","24","BAND","2026-04-16 06:35:30","L","13.004104","77.635758"
"12264","37702","18","BAND","2026-04-16 06:36:00","L","13.004075","77.634157"
"12264","37702","12","BAND","2026-04-16 06:36:30","L","13.00434","77.633014"
"12264","37702","16","BAND","2026-04-16 06:37:00","L","13.004551","77.631947"
"12264","37702","13","BAND","2026-04-16 06:37:30","L","13.004894","77.630819"
"12264","37702","15","BAND","2026-04-16 06:38:00","L","13.005288","77.629837"
"12264","37702","14","BAND","2026-04-16 06:38:30","L","13.005754","77.628744"
"12264","37702","14","BAND","2026-04-16 06:39:00","L","13.006145","77.627805"
"12264","37702","7","BAND","2026-04-16 06:39:30","L","13.006593","77.626723"
"12264","37702","0","BAND","2026-04-16 06:39:33","A","13.006604","77.626686"
"12264","37702","0","BAND","2026-04-16 06:40:00","L","13.006602","77.626683"
"12264","37702","0","BAND","2026-04-16 06:40:30","L","13.006602","77.626683"
"12264","37702","0","BAND","2026-04-16 06:41:00","L","13.006602","77.626683"
"12264","37702","0","BAND","2026-04-16 06:41:30","L","13.006602","77.626683"
"12264","37702","0","BAND","2026-04-16 06:42:00","L","13.006602","77.626683"
"12264","37702","0","BAND","2026-04-16 06:42:30","L","13.006602","77.626683"
"12264","37702","0","BAND","2026-04-16 06:43:00","L","13.006602","77.626683"
"12264","37702","0","BAND","2026-04-16 06:43:30","L","13.006602","77.626683"
"12264","37702","0","BAND","2026-04-16 06:44:00","L","13.006602","77.626683"
"12264","37702","0","BAND","2026-04-16 06:44:30","L","13.006602","77.626683"
"12264","37702","0","BAND","2026-04-16 06:45:00","L","13.006602","77.626683"
"12264","37702","0","BAND","2026-04-16 06:45:30","L","13.006602","77.626683"
"12264","37702","0","BAND","2026-04-16 06:46:00","L","13.006602","77.626683"
"12264","37702","0","BAND","2026-04-16 06:46:29","L","13.006602","77.626683"
"12264","37702","0","BAND","2026-04-16 06:46:59","L","13.006602","77.626683"
"12264","37702","0","BAND","2026-04-16 06:47:29","L","13.006602","77.626683"
"12264","37702","0","BAND","2026-04-16 06:47:59","L","13.006602","77.626683"
"12264","37702","9","BAND","2026-04-16 06:48:29","L","13.006711","77.626381"
"12264","37702","12","BAND","2026-04-16 06:48:59","L","13.007079","77.625489"
"12264","37702","11","BAND","2026-04-16 06:49:29","L","13.007417","77.624705"
"12264","37702","11","BAND","2026-04-16 06:49:59","L","13.007776","77.623927"
"12264","37702","10","BAND","2026-04-16 06:50:29","L","13.008094","77.623144"
"12264","37702","10","BAND","2026-04-16 06:50:59","L","13.008405","77.622385"
"12264","37702","11","BAND","2026-04-16 06:51:29","L","13.00884","77.621599"
"12264","37702","11","BAND","2026-04-16 06:51:59","L","13.009452","77.621042"
"12264","37702","11","BAND","2026-04-16 06:52:01","J","13.0095","77.62101"
"12264","37702","13","BAND","2026-04-16 06:52:29","L","13.010314","77.620668"
"12264","37702","18","BAND","2026-04-16 06:52:59","L","13.011506","77.620683"
"12264","37702","25","BAND","2026-04-16 06:53:29","L","13.01305","77.621308"
"12264","37702","26","BAND","2026-04-16 06:53:32","D","13.01323","77.621388"
"12264","37702","29","BAND","2026-04-16 06:53:59","L","13.015022","77.622199"
"12264","37702","18","BAND","2026-04-16 06:54:29","L","13.016709","77.622933"
"12264","37702","28","BAND","2026-04-16 06:54:59","L","13.018285","77.623344"
"12264","37702","44","BAND","2026-04-16 06:55:29","L","13.021026","77.623351"
"12264","37702","56","BAND","2026-04-16 06:55:59","L","13.024599","77.62196"
"12264","37702","50","BAND","2026-04-16 06:56:29","L","13.026827","77.618542"
"12264","37702","52","BAND","2026-04-16 06:56:59","L","13.029116","77.615517"
"12264","37702","54","BAND","2026-04-16 06:57:29","L","13.032311","77.612934"
"12264","37702","53","BAND","2026-04-16 06:57:59","L","13.035753","77.610865"
"12264","37702","53","BAND","2026-04-16 06:58:29","L","13.039533","77.609496"
"12264","37702","54","BAND","2026-04-16 06:58:59","L","13.040979","77.60581"
"12264","37702","49","BAND","2026-04-16 06:59:29","L","13.041092","77.601761"
"12264","37702","44","HEB","2026-04-16 06:59:50","H","13.041164","77.599204"
"12264","37702","40","HEB","2026-04-16 07:00:00","L","13.041196","77.598102"
"12264","37702","22","HEB","2026-04-16 07:00:30","L","13.041264","77.595895"
"12264","37702","15","HEB","2026-04-16 07:01:00","L","13.041209","77.594456"
"12264","37702","7","HEB","2026-04-16 07:01:30","L","13.041107","77.593644"
"12264","37702","3","HEB","2026-04-16 07:02:00","L","13.041073","77.593241"
"12264","37702","3","HEB","2026-04-16 07:02:00","K","13.041074","77.593251"
"12264","37702","0","HEB","2026-04-16 07:02:30","L","13.041062","77.593007"
"12264","37702","0","HEB","2026-04-16 07:03:00","L","13.041062","77.593007"
"12264","37702","0","HEB","2026-04-16 07:03:30","L","13.041062","77.593007"
"12264","37702","15","HEB","2026-04-16 07:04:00","L","13.041095","77.592506"
"12264","37702","21","HEB","2026-04-16 07:04:30","L","13.041386","77.591036"
"12264","37702","23","HEB","2026-04-16 07:05:00","L","13.041768","77.58929"
"12264","37702","25","HEB","2026-04-16 07:05:30","L","13.042179","77.587384"
"12264","37702","22","HEB","2026-04-16 07:06:00","L","13.042585","77.585576"
"12264","37702","18","HEB","2026-04-16 07:06:30","L","13.043206","77.584192"
"12264","37702","33","HEB","2026-04-16 07:07:00","L","13.044437","77.582617"
"12264","37702","48","HEB","2026-04-16 07:07:30","L","13.046424","77.580141"
"12264","37702","42","HEB","2026-04-16 07:08:00","L","13.047217","77.576855"
"12264","37702","39","HEB","2026-04-16 07:08:28","R","13.047001","77.57392"
"12264","37702","39","HEB","2026-04-16 07:08:29","J","13.046987","77.573721"
"12264","37702","39","HEB","2026-04-16 07:08:30","L","13.046987","77.573721"
"12264","37702","19","HEB","2026-04-16 07:09:00","L","13.04682","77.571397"
"12264","37702","25","LOGH","2026-04-16 07:09:30","K","13.046686","77.569615"
"12264","37702","25","HEB","2026-04-16 07:09:30","L","13.04669","77.569679"
"12264","37702","25","LOGH","2026-04-16 07:09:43","H","13.046624","77.568822"
"12264","37702","20","LOGH","2026-04-16 07:10:01","L","13.046544","77.567759"
"12264","37702","16","LOGH","2026-04-16 07:10:31","L","13.046394","77.566271"
"12264","37702","12","LOGH","2026-04-16 07:11:01","L","13.046082","77.565338"
"12264","37702","14","LOGH","2026-04-16 07:11:31","L","13.045479","77.564422"
"12264","37702","14","LOGH","2026-04-16 07:12:01","L","13.044624","77.563686"
"12264","37702","14","LOGH","2026-04-16 07:12:31","L","13.043665","77.563132"
"12264","37702","14","LOGH","2026-04-16 07:12:42","J","13.043314","77.562927"
"12264","37702","14","LOGH","2026-04-16 07:13:01","L","13.042722","77.562594"
"12264","37702","14","LOGH","2026-04-16 07:13:31","L","13.041717","77.562047"
"12264","37702","14","LOGH","2026-04-16 07:14:01","L","13.040734","77.561478"
"12264","37702","14","LOGH","2026-04-16 07:14:31","L","13.039857","77.560859"
"12264","37702","30","LOGH","2026-04-16 07:15:01","L","13.038901","77.559531"
"12264","37702","41","LOGH","2026-04-16 07:15:22","R","13.038539","77.557627"
"12264","37702","45","LOGH","2026-04-16 07:15:31","L","13.038562","77.556621"
"12264","37702","46","YPRA","2026-04-16 07:15:36","K","13.038573","77.556028"
"12264","37702","42","LOGH","2026-04-16 07:16:01","L","13.038686","77.553165"
"12264","37702","35","LOGH","2026-04-16 07:16:31","L","13.03956","77.550348"
"12264","37702","29","LOGH","2026-04-16 07:17:01","L","13.040481","77.548074"
"12264","37702","23","LOGH","2026-04-16 07:17:31","L","13.04092","77.546127"
"12264","37702","17","LOGH","2026-04-16 07:18:01","L","13.04026","77.544841"
"12264","37702","12","LOGH","2026-04-16 07:18:31","L","13.039156","77.544305"
"12264","37702","9","LOGH","2026-04-16 07:19:01","L","13.038361","77.544343"
"12264","37702","7","YPRA","2026-04-16 07:19:28","J","13.037822","77.544541"
"12264","37702","7","LOGH","2026-04-16 07:19:31","L","13.037771","77.544566"
"12264","37702","4","LOGH","2026-04-16 07:20:01","L","13.037301","77.544809"
"12264","37702","0","LOGH","2026-04-16 07:20:06","U","13.037269","77.544829"
"12264","37702","0","LOGH","2026-04-16 07:20:31","L","13.037268","77.54483"
"12264","37702","0","LOGH","2026-04-16 07:21:01","L","13.037268","77.54483"
"12264","37702","0","LOGH","2026-04-16 07:21:31","L","13.037268","77.54483"
"12264","37702","0","LOGH","2026-04-16 07:22:01","L","13.037268","77.54483"
"12264","37702","0","LOGH","2026-04-16 07:22:31","L","13.037268","77.54483"
"12264","37702","0","LOGH","2026-04-16 07:23:01","L","13.037268","77.54483"
"12264","37702","0","LOGH","2026-04-16 07:23:31","L","13.037268","77.54483"
"12264","37702","0","LOGH","2026-04-16 07:24:01","L","13.037268","77.54483"
"12264","37702","0","LOGH","2026-04-16 07:24:31","L","13.037268","77.54483"
"12264","37702","0","LOGH","2026-04-16 07:25:01","L","13.037268","77.54483"
"12264","37702","0","LOGH","2026-04-16 07:25:31","L","13.037268","77.54483"
"12264","37702","0","LOGH","2026-04-16 07:26:01","L","13.037268","77.54483"
"12264","37702","0","LOGH","2026-04-16 07:26:31","L","13.037268","77.54483"
"12264","37702","0","LOGH","2026-04-16 07:27:01","L","13.037268","77.54483"
"12264","37702","0","LOGH","2026-04-16 07:27:31","L","13.037268","77.54483"
"12264","37702","0","LOGH","2026-04-16 07:28:01","L","13.037268","77.54483"
"12264","37702","0","LOGH","2026-04-16 07:28:31","L","13.037268","77.54483"
"12264","37702","0","LOGH","2026-04-16 07:29:01","L","13.037268","77.54483"
"12264","37702","0","LOGH","2026-04-16 07:29:31","L","13.037268","77.54483"
"12264","37702","0","LOGH","2026-04-16 07:30:01","L","13.037268","77.54483"
"12264","37702","0","LOGH","2026-04-16 07:30:31","L","13.037268","77.54483"
"12264","37702","0","LOGH","2026-04-16 07:31:01","L","13.037268","77.54483"
"12264","37702","0","LOGH","2026-04-16 07:31:31","L","13.037268","77.54483"
"12264","37702","0","LOGH","2026-04-16 07:32:01","L","13.037268","77.54483"
"12264","37702","0","LOGH","2026-04-16 07:32:31","L","13.037268","77.54483"
"12264","37702","0","LOGH","2026-04-16 07:33:01","L","13.037268","77.54483"
"12264","37702","0","LOGH","2026-04-16 07:33:31","L","13.037268","77.54483"
"12264","37702","0","LOGH","2026-04-16 07:34:01","L","13.037268","77.54483"
"12264","37702","0","LOGH","2026-04-16 07:34:31","L","13.037268","77.54483"
"12264","37702","0","LOGH","2026-04-16 07:35:01","L","13.037268","77.54483"
"12264","37702","0","LOGH","2026-04-16 07:35:31","L","13.037268","77.54483"
"12264","37702","0","LOGH","2026-04-16 07:36:01","L","13.037268","77.54483"
"12264","37702","0","LOGH","2026-04-16 07:36:31","L","13.037268","77.54483"
"12264","37702","0","LOGH","2026-04-16 07:37:01","L","13.037268","77.54483"
"12264","37702","0","LOGH","2026-04-16 07:37:31","L","13.037268","77.54483"
"12264","37702","0","LOGH","2026-04-16 07:38:01","L","13.037268","77.54483"
"12264","37702","0","LOGH","2026-04-16 07:38:31","L","13.037268","77.54483"
"12264","37702","0","LOGH","2026-04-16 07:39:01","L","13.037268","77.54483"
"12264","37702","0","LOGH","2026-04-16 07:39:31","L","13.037268","77.54483"
"12264","37702","0","LOGH","2026-04-16 07:40:01","L","13.037268","77.54483"
"12264","37702","0","LOGH","2026-04-16 07:40:31","L","13.037268","77.54483"
"12264","37702","0","LOGH","2026-04-16 07:41:01","L","13.037268","77.54483"
"12264","37702","0","LOGH","2026-04-16 07:41:31","L","13.037268","77.54483"
"12264","37702","0","LOGH","2026-04-16 07:42:01","L","13.037268","77.54483"
"12264","37702","0","LOGH","2026-04-16 07:42:31","L","13.037268","77.54483"
"12264","37702","0","LOGH","2026-04-16 07:43:01","L","13.037268","77.54483"
"12264","37702","0","LOGH","2026-04-16 07:43:31","L","13.037268","77.54483"
"12264","37702","0","LOGH","2026-04-16 07:44:01","L","13.037268","77.54483"
"12264","37702","0","LOGH","2026-04-16 07:44:31","L","13.037268","77.54483"
"12264","37702","0","LOGH","2026-04-16 07:45:01","L","13.037268","77.54483"
"12264","37702","0","LOGH","2026-04-16 07:45:31","L","13.037268","77.54483"
"12264","37702","0","LOGH","2026-04-16 07:46:01","L","13.037268","77.54483"
"12264","37702","0","LOGH","2026-04-16 07:46:30","L","13.037268","77.54483"
"12264","37702","0","LOGH","2026-04-16 07:47:00","L","13.037268","77.54483"
"12264","37702","0","LOGH","2026-04-16 07:47:30","L","13.037268","77.54483"
"12264","37702","6","LOGH","2026-04-16 07:48:00","L","13.037098","77.544909"
"12264","37702","11","LOGH","2026-04-16 07:48:30","L","13.036466","77.545244"
"12264","37702","12","YPR","2026-04-16 07:48:50","K","13.035883","77.545513"
"12264","37702","12","YPR","2026-04-16 07:48:52","H","13.035825","77.545541"
"12264","37702","12","YPR","2026-04-16 07:49:01","L","13.035571","77.54567"
"12264","37702","11","YPR","2026-04-16 07:49:31","L","13.034844","77.546053"
"12264","37702","11","YPR","2026-04-16 07:50:01","L","13.034001","77.546504"
"12264","37702","14","YPR","2026-04-16 07:50:31","L","13.033198","77.546929"
"12264","37702","10","YPR","2026-04-16 07:51:01","L","13.032327","77.547392"
"12264","37702","13","YPR","2026-04-16 07:51:31","L","13.031522","77.54777"
"12264","37702","10","YPR","2026-04-16 07:52:01","L","13.030657","77.548185"
"12264","37702","13","YPR","2026-04-16 07:52:31","L","13.029841","77.548599"
"12264","37702","11","YPR","2026-04-16 07:53:01","L","13.028939","77.548968"
"12264","37702","12","YPR","2026-04-16 07:53:31","L","13.028078","77.549211"
"12264","37702","12","YPR","2026-04-16 07:54:01","L","13.027144","77.549452"
"12264","37702","12","YPR","2026-04-16 07:54:31","L","13.026283","77.549759"
"12264","37702","12","YPR","2026-04-16 07:55:01","L","13.025419","77.550155"
"12264","37702","12","YPR","2026-04-16 07:55:31","L","13.024587","77.550602"
"12264","37702","12","YPR","2026-04-16 07:56:01","L","13.023759","77.551063"
"12264","37702","11","YPR","2026-04-16 07:56:31","L","13.022962","77.551499"
"12264","37702","12","YPR","2026-04-16 07:57:01","L","13.022103","77.551914"
"12264","37702","5","YPR","2026-04-16 07:57:31","L","13.021427","77.552311"
"12264","37702","0","YPR","2026-04-16 07:57:38","A","13.021373","77.552346"
"12264","37702","0","YPR","2026-04-16 07:58:01","L","13.021373","77.552345"
"12264","37702","0","YPR","2026-04-16 07:58:31","L","13.021373","77.552345"
"12264","37702","0","YPR","2026-04-16 07:59:01","L","13.021373","77.552345"
"12264","37702","0","YPR","2026-04-16 07:59:31","L","13.021373","77.552345"
"12264","37702","0","YPR","2026-04-16 08:00:01","L","13.021373","77.552345"
"12264","37702","0","YPR","2026-04-16 08:00:31","L","13.021373","77.552345"
"12264","37702","0","YPR","2026-04-16 08:01:01","L","13.021373","77.552345"
"12264","37702","0","YPR","2026-04-16 08:01:31","L","13.021373","77.552345"
"12264","37702","0","YPR","2026-04-16 08:02:01","L","13.021373","77.552345"
"12264","37702","0","YPR","2026-04-16 08:02:31","L","13.021373","77.552345"
"12264","37702","0","YPR","2026-04-16 08:03:01","L","13.021373","77.552345"
"12264","37702","0","YPR","2026-04-16 08:03:31","L","13.021373","77.552345"
"12264","37702","0","YPR","2026-04-16 08:04:01","L","13.021373","77.552345"
"12264","37702","0","YPR","2026-04-16 08:04:31","L","13.021373","77.552345"
"12264","37702","0","YPR","2026-04-16 08:05:01","L","13.021373","77.552345"
"12264","37702","0","YPR","2026-04-16 08:05:31","L","13.021373","77.552345"
"12264","37702","0","YPR","2026-04-16 08:06:01","L","13.021373","77.552345"
"12264","37702","0","YPR","2026-04-16 08:06:31","L","13.021373","77.552345"
"12264","37702","0","YPR","2026-04-16 08:07:01","L","13.021373","77.552345"
"12264","37702","0","YPR","2026-04-16 08:07:31","L","13.021373","77.552345"
"12264","37702","0","YPR","2026-04-16 08:08:01","L","13.021373","77.552345"
"12264","37702","0","YPR","2026-04-16 08:08:31","L","13.021373","77.552345"
"12264","37702","0","YPR","2026-04-16 08:09:01","L","13.021373","77.552345"
"12264","37702","0","YPR","2026-04-16 08:09:31","L","13.021373","77.552345"
"12264","37702","0","YPR","2026-04-16 08:10:01","L","13.021373","77.552345"
"12264","37702","0","YPR","2026-04-16 08:10:31","L","13.021373","77.552345"
"12264","37702","0","YPR","2026-04-16 08:11:01","L","13.021373","77.552345"
"12264","37702","0","YPR","2026-04-16 08:11:31","L","13.021373","77.552345"
"12264","37702","0","YPR","2026-04-16 08:12:01","L","13.021373","77.552345"
"12264","37702","0","YPR","2026-04-16 08:12:31","L","13.021373","77.552345"
"12264","37702","0","YPR","2026-04-16 08:13:01","L","13.021373","77.552345"
"12264","37702","0","YPR","2026-04-16 08:13:31","L","13.021373","77.552345"
"12264","37702","0","YPR","2026-04-16 08:14:01","L","13.021373","77.552345"
"12264","37702","0","YPR","2026-04-16 08:14:31","L","13.021373","77.552345"
"12264","37702","0","YPR","2026-04-16 08:15:01","L","13.021373","77.552345"
"12264","37702","0","YPR","2026-04-16 08:15:31","L","13.021373","77.552345"
"12264","37702","0","YPR","2026-04-16 08:16:01","L","13.021373","77.552345"
"12264","37702","0","YPR","2026-04-16 08:16:31","L","13.021349","77.552435"
"12264","37702","0","YPR","2026-04-16 08:17:01","L","13.021349","77.552435"
"12264","37702","0","YPR","2026-04-16 08:17:31","L","13.021349","77.552435"
"12264","37702","0","YPR","2026-04-16 08:18:01","L","13.021349","77.552435"
"12264","37702","0","YPR","2026-04-16 08:18:31","L","13.021349","77.552435"
"12264","37702","0","YPR","2026-04-16 08:19:01","L","13.021349","77.552435"
"12264","37702","0","YPR","2026-04-16 08:19:31","L","13.021349","77.552435"
"12264","37702","0","YPR","2026-04-16 08:20:01","L","13.021349","77.552435"
"12264","37702","0","YPR","2026-04-16 08:20:31","L","13.021349","77.552435"
"12264","37702","0","YPR","2026-04-16 08:21:01","L","13.021349","77.552435"
"12264","37702","0","YPR","2026-04-16 08:21:31","L","13.021349","77.552435"
"12264","37702","0","YPR","2026-04-16 08:22:01","L","13.021349","77.552435"
"12264","37702","0","YPR","2026-04-16 08:22:31","L","13.021349","77.552435"
"12264","37702","0","YPR","2026-04-16 08:23:01","L","13.021349","77.552435"
"12264","37702","0","YPR","2026-04-16 08:23:31","L","13.021349","77.552435"
"12264","37702","0","YPR","2026-04-16 08:24:01","L","13.021349","77.552435"
"12264","37702","0","YPR","2026-04-16 08:24:31","L","13.021352","77.552342"
"12264","37702","0","YPR","2026-04-16 08:25:01","L","13.021352","77.552342"
"12264","37702","0","YPR","2026-04-16 08:25:31","L","13.021352","77.552342"
"12264","37702","0","YPR","2026-04-16 08:26:01","L","13.021352","77.552342"
"12264","37702","0","YPR","2026-04-16 08:26:31","L","13.021352","77.552342"
"12264","37702","0","YPR","2026-04-16 08:27:01","L","13.021352","77.552342"
"12264","37702","0","YPR","2026-04-16 08:27:31","L","13.021352","77.552342"
"12264","37702","0","YPR","2026-04-16 08:28:01","L","13.021398","77.552423"
"12264","37702","0","YPR","2026-04-16 08:28:31","L","13.021398","77.552423"
"12264","37702","0","YPR","2026-04-16 08:29:01","L","13.021398","77.552423"
"12264","37702","0","YPR","2026-04-16 08:29:31","L","13.021354","77.552342"
"12264","37702","0","YPR","2026-04-16 08:30:01","L","13.021354","77.552342"
"12264","37702","0","YPR","2026-04-16 08:30:31","L","13.021354","77.552342"
"12264","37702","0","YPR","2026-04-16 08:31:01","L","13.021354","77.552342"
"12264","37702","0","YPR","2026-04-16 08:31:31","L","13.021354","77.552342"
"12264","37702","0","YPR","2026-04-16 08:32:01","L","13.021354","77.552342"
"12264","37702","0","YPR","2026-04-16 08:32:31","L","13.021354","77.552342"
"12264","37702","0","YPR","2026-04-16 08:33:01","L","13.021323","77.55225"
"12264","37702","0","YPR","2026-04-16 08:33:31","L","13.021323","77.55225"
"12264","37702","0","YPR","2026-04-16 08:34:01","L","13.021323","77.55225"
"12264","37702","0","YPR","2026-04-16 08:34:31","L","13.021346","77.552349"
"12264","37702","0","YPR","2026-04-16 08:35:01","L","13.021346","77.552349"
"12264","37702","0","YPR","2026-04-16 08:35:31","L","13.021346","77.552349"
"12264","37702","0","YPR","2026-04-16 08:36:01","L","13.021346","77.552349"
"12264","37702","0","YPR","2026-04-16 08:36:31","L","13.021346","77.552349"
"12264","37702","0","YPR","2026-04-16 08:37:01","L","13.021346","77.552349"
"12264","37702","0","YPR","2026-04-16 08:37:31","L","13.021346","77.552349"
"12264","37702","0","YPR","2026-04-16 08:38:01","L","13.021346","77.552349"
"12264","37702","0","YPR","2026-04-16 08:38:31","L","13.021346","77.552349"
"12264","37702","0","YPR","2026-04-16 08:39:01","L","13.021346","77.552349"
"12264","37702","0","YPR","2026-04-16 08:39:31","L","13.021346","77.552349"
"12264","37702","0","YPR","2026-04-16 08:40:01","L","13.021346","77.552349"
"12264","37702","0","YPR","2026-04-16 08:40:31","L","13.021346","77.552349"
"12264","37702","0","YPR","2026-04-16 08:41:01","L","13.021346","77.552349"
"12264","37702","0","YPR","2026-04-16 08:41:31","L","13.021346","77.552349"
"12264","37702","0","YPR","2026-04-16 08:42:01","L","13.021346","77.552349"
"12264","37702","0","YPR","2026-04-16 08:42:31","L","13.021346","77.552349"
"12264","37702","0","YPR","2026-04-16 08:43:01","L","13.021346","77.552349"
"12264","37702","0","YPR","2026-04-16 08:43:31","L","13.021346","77.552349"
"12264","37702","0","YPR","2026-04-16 08:44:01","L","13.021346","77.552349"
"12264","37702","0","YPR","2026-04-16 08:44:31","L","13.021346","77.552349"
"12264","37702","0","YPR","2026-04-16 08:45:01","L","13.021346","77.552349"
"12264","37702","0","YPR","2026-04-16 08:45:31","L","13.021346","77.552349"
"12264","37702","0","YPR","2026-04-16 08:46:01","L","13.021346","77.552349"
"12264","37702","0","YPR","2026-04-16 08:46:30","L","13.021346","77.552349"
"12264","37702","0","YPR","2026-04-16 08:47:00","L","13.021346","77.552349"
"12264","37702","0","YPR","2026-04-16 08:47:30","L","13.021346","77.552349"
"12264","37702","0","YPR","2026-04-16 08:48:00","L","13.021346","77.552349"
"12264","37702","0","YPR","2026-04-16 08:48:30","L","13.021346","77.552349"
"12264","37702","0","YPR","2026-04-16 08:49:00","L","13.021346","77.552349"
"12264","37702","0","YPR","2026-04-16 08:49:30","L","13.021346","77.552349"
"12264","37702","0","YPR","2026-04-16 08:50:00","L","13.021346","77.552349"
"12264","37702","0","YPR","2026-04-16 08:50:30","L","13.021346","77.552349"
"12264","37702","0","YPR","2026-04-16 08:51:00","L","13.021346","77.552349"
"12264","37702","0","YPR","2026-04-16 08:51:30","L","13.021346","77.552349"
"12264","37702","0","YPR","2026-04-16 08:52:00","L","13.021346","77.552349"
"12264","37702","0","YPR","2026-04-16 08:52:30","L","13.021346","77.552349"
"12264","37702","0","YPR","2026-04-16 08:53:00","L","13.021346","77.552349"
"12264","37702","0","YPR","2026-04-16 08:53:30","L","13.021346","77.552349"
"12264","37702","0","YPR","2026-04-16 08:54:00","L","13.021346","77.552349"
"12264","37702","0","YPR","2026-04-16 08:54:30","L","13.021346","77.552349"
"12264","37702","0","YPR","2026-04-16 08:55:00","L","13.021346","77.552349"
"12264","37702","0","YPR","2026-04-16 08:55:30","L","13.021346","77.552349"
"12264","37702","0","YPR","2026-04-16 08:56:00","L","13.021346","77.552349"
"12264","37702","0","YPR","2026-04-16 08:56:30","L","13.021346","77.552349"
"12264","37702","0","YPR","2026-04-16 08:57:00","L","13.021346","77.552349"
"12264","37702","0","YPR","2026-04-16 08:57:30","L","13.021346","77.552349"
"12264","37702","0","YPR","2026-04-16 08:58:00","L","13.021346","77.552349"
"12264","37702","0","YPR","2026-04-16 08:58:30","L","13.021346","77.552349"
"12264","37702","0","YPR","2026-04-16 08:59:00","L","13.021346","77.552349"
"12264","37702","0","YPR","2026-04-16 08:59:30","L","13.021346","77.552349"
"12264","37702","0","YPR","2026-04-16 09:00:00","L","13.021346","77.552349"
"12264","37702","0","YPR","2026-04-16 09:00:30","L","13.021346","77.552349"
"12264","37702","0","YPR","2026-04-16 09:01:00","L","13.021346","77.552349"
"12264","37702","5","YPR","2026-04-16 09:01:30","L","13.021486","77.552329"
"12264","37702","7","YPR","2026-04-16 09:02:00","L","13.021935","77.55203"
"12264","37702","5","YPR","2026-04-16 09:02:30","L","13.022388","77.551786"
"12264","37702","7","YPR","2026-04-16 09:03:00","L","13.022991","77.551526"
"12264","37702","8","YPR","2026-04-16 09:03:30","L","13.023551","77.551193"
"12264","37702","6","YPR","2026-04-16 09:04:00","L","13.024086","77.550901"
"12264","37702","8","YPR","2026-04-16 09:04:30","L","13.024559","77.550619"
"12264","37702","8","YPR","2026-04-16 09:05:00","L","13.025104","77.550305"
"12264","37702","7","YPR","2026-04-16 09:05:30","L","13.025707","77.55001"
"12264","37702","8","YPR","2026-04-16 09:06:00","L","13.026275","77.549775"
"12264","37702","7","YPR","2026-04-16 09:06:30","L","13.026866","77.549559"
"12264","37702","7","YPR","2026-04-16 09:07:00","L","13.027448","77.549378"
"12264","37702","8","YPR","2026-04-16 09:07:30","L","13.028034","77.549233"
"12264","37702","8","YPR","2026-04-16 09:08:00","L","13.028635","77.549081"
"12264","37702","8","YPR","2026-04-16 09:08:30","L","13.029197","77.54884"
"12264","37702","6","YPR","2026-04-16 09:09:00","L","13.029689","77.548574"
"12264","37702","6","YPR","2026-04-16 09:09:30","L","13.030135","77.548341"
"12264","37702","4","YPR","2026-04-16 09:10:00","L","13.03051","77.548146"
"12264","37702","0","YPR","2026-04-16 09:10:30","L","13.030594","77.548102"
"12264","37702","0","YPR","2026-04-16 09:11:00","L","13.030594","77.548102"
"12264","37702","0","YPR","2026-04-16 09:11:30","L","13.030594","77.548102"
"12264","37702","0","YPR","2026-04-16 09:12:00","L","13.030594","77.548102"
"12264","37702","9","YPR","2026-04-16 09:12:30","L","13.030252","77.54828"
"12264","37702","12","YPR","2026-04-16 09:13:00","L","13.029452","77.548701"
"12264","37702","8","YPR","2026-04-16 09:13:30","L","13.028735","77.549052"
"12264","37702","7","YPR","2026-04-16 09:14:00","L","13.028244","77.549256"
"12264","37702","8","YPR","2026-04-16 09:14:30","L","13.02772","77.54956"
"12264","37702","8","YPR","2026-04-16 09:15:00","L","13.027165","77.549785"
"12264","37702","5","YPR","2026-04-16 09:15:30","L","13.026608","77.54996"
"12264","37702","5","YPR","2026-04-16 09:16:00","L","13.02624","77.550092"
"12264","37702","9","YPR","2026-04-16 09:16:30","L","13.025724","77.550291"
"12264","37702","5","YPR","2026-04-16 09:17:00","L","13.025215","77.550505"
"12264","37702","8","YPR","2026-04-16 09:17:30","L","13.024761","77.550729"
"12264","37702","8","YPR","2026-04-16 09:18:00","L","13.024204","77.55103"
"12264","37702","7","YPR","2026-04-16 09:18:30","L","13.023631","77.551364"
"12264","37702","10","YPR","2026-04-16 09:19:00","L","13.023037","77.551722"
"12264","37702","8","YPR","2026-04-16 09:19:30","L","13.022382","77.552106"
"12264","37702","6","YPR","2026-04-16 09:20:00","L","13.021867","77.552391"
"12264","37702","2","YPR","2026-04-16 09:20:30","L","13.021552","77.552565"
"12264","37702","1","YPR","2026-04-16 09:21:00","L","13.021443","77.552642"
"12264","37702","0","YPR","2026-04-16 09:21:30","L","13.021355","77.552686"
"12264","37702","0","YPR","2026-04-16 09:22:00","L","13.021355","77.552686"
"12264","37702","0","YPR","2026-04-16 09:22:30","L","13.021355","77.552686"
"12264","37702","0","YPR","2026-04-16 09:23:00","L","13.021355","77.552686"
"12264","37702","0","YPR","2026-04-16 09:23:30","L","13.021355","77.552686"
"12264","37702","0","YPR","2026-04-16 09:24:00","L","13.021355","77.552686"
"12264","37702","0","YPR","2026-04-16 09:24:30","L","13.021355","77.552686"
"12264","37702","0","YPR","2026-04-16 09:25:00","L","13.021355","77.552686"
"12264","37702","0","YPR","2026-04-16 09:25:30","L","13.021355","77.552686"
"12264","37702","0","YPR","2026-04-16 09:26:00","L","13.021355","77.552686"
"12264","37702","0","YPR","2026-04-16 09:26:30","L","13.021355","77.552686"
"12264","37702","0","YPR","2026-04-16 09:27:00","L","13.021355","77.552686"
"12264","37702","0","YPR","2026-04-16 09:27:30","L","13.021355","77.552686"
"12264","37702","0","YPR","2026-04-16 09:28:00","L","13.021355","77.552686"
"12264","37702","0","YPR","2026-04-16 09:28:30","L","13.021355","77.552686"
"12264","37702","0","YPR","2026-04-16 09:29:00","L","13.021355","77.552686"
"12264","37702","0","YPR","2026-04-16 09:29:30","L","13.021355","77.552686"
"12264","37702","0","YPR","2026-04-16 09:30:00","L","13.021355","77.552686"
"12264","37702","0","YPR","2026-04-16 09:30:30","L","13.021355","77.552686"
"12264","37702","0","YPR","2026-04-16 09:31:00","L","13.021355","77.552686"
"12264","37702","0","YPR","2026-04-16 09:31:30","L","13.021355","77.552686"
"12264","37702","0","YPR","2026-04-16 09:32:00","L","13.021355","77.552686"
"12264","37702","0","YPR","2026-04-16 09:32:30","L","13.021355","77.552686"
"12264","37702","0","YPR","2026-04-16 09:33:00","L","13.021355","77.552686"
"12264","37702","0","YPR","2026-04-16 09:33:30","L","13.021355","77.552686"
"12264","37702","0","YPR","2026-04-16 09:34:00","L","13.021355","77.552686"
"12264","37702","0","YPR","2026-04-16 09:34:30","L","13.021355","77.552686"
"12264","37702","0","YPR","2026-04-16 09:35:00","L","13.021355","77.552686"
"12264","37702","0","YPR","2026-04-16 09:35:30","L","13.021355","77.552686"
"12264","37702","0","YPR","2026-04-16 09:36:00","L","13.021355","77.552686"
"12264","37702","0","YPR","2026-04-16 09:36:30","L","13.021355","77.552686"
"12264","37702","0","YPR","2026-04-16 09:37:00","L","13.021355","77.552686"
"12264","37702","0","YPR","2026-04-16 09:37:30","L","13.021355","77.552686"
"12264","37702","0","YPR","2026-04-16 09:38:00","L","13.021355","77.552686"
"12264","37702","0","YPR","2026-04-16 09:38:30","L","13.021355","77.552686"
"12264","37702","0","YPR","2026-04-16 09:39:00","L","13.021355","77.552686"
"12264","37702","0","YPR","2026-04-16 09:39:30","L","13.021355","77.552686"
"12264","37702","0","YPR","2026-04-16 09:40:00","L","13.021355","77.552686"
"12264","37702","0","YPR","2026-04-16 09:40:30","L","13.021355","77.552686"
"12264","37702","0","YPR","2026-04-16 09:41:00","L","13.021355","77.552686"
"12264","37702","0","YPR","2026-04-16 09:41:30","L","13.021355","77.552686"
"12264","37702","0","YPR","2026-04-16 09:42:00","L","13.021355","77.552686"
"12264","37702","0","YPR","2026-04-16 09:42:30","L","13.021355","77.552686"
"12264","37702","0","YPR","2026-04-16 09:43:00","L","13.021355","77.552686"
"12264","37702","0","YPR","2026-04-16 09:43:30","L","13.021355","77.552686"
"12264","37702","0","YPR","2026-04-16 09:44:00","L","13.021355","77.552686"
"12264","37702","0","YPR","2026-04-16 09:44:30","L","13.021355","77.552686"
"12264","37702","0","YPR","2026-04-16 09:45:00","L","13.021355","77.552686"
"12264","37702","0","YPR","2026-04-16 09:45:30","L","13.021355","77.552686"
"12264","37702","0","YPR","2026-04-16 09:46:00","L","13.021355","77.552686"
"12264","37702","0","YPR","2026-04-16 09:46:29","L","13.021355","77.552686"
"12264","37702","0","YPR","2026-04-16 09:46:59","L","13.021355","77.552686"
"12264","37702","0","YPR","2026-04-16 09:47:29","L","13.021355","77.552686"
"12264","37702","0","YPR","2026-04-16 09:47:59","L","13.021355","77.552686"
"12264","37702","0","YPR","2026-04-16 09:48:29","L","13.021355","77.552686"
"12264","37702","0","YPR","2026-04-16 09:48:59","L","13.021355","77.552686"
"12264","37702","0","YPR","2026-04-16 09:49:29","L","13.021355","77.552686"
"12264","37702","0","YPR","2026-04-16 09:49:59","L","13.021355","77.552686"
"12264","37702","0","YPR","2026-04-16 09:50:29","L","13.021355","77.552686"
"12264","37702","0","YPR","2026-04-16 09:50:59","L","13.021355","77.552686"
"12264","37702","0","YPR","2026-04-16 09:51:29","L","13.021355","77.552686"
"12264","37702","0","YPR","2026-04-16 09:51:59","L","13.021355","77.552686"
"12264","37702","0","YPR","2026-04-16 09:52:29","L","13.021355","77.552686"
"12264","37702","0","YPR","2026-04-16 09:52:59","L","13.021355","77.552686"
"12264","37702","0","YPR","2026-04-16 09:53:29","L","13.021355","77.552686"
"12264","37702","0","YPR","2026-04-16 09:53:59","L","13.021355","77.552686"
"12264","37702","0","YPR","2026-04-16 09:54:29","L","13.021355","77.552686"
"12264","37702","0","YPR","2026-04-16 09:54:59","L","13.021355","77.552686"
"12264","37702","0","YPR","2026-04-16 09:55:29","L","13.021355","77.552686"
"12264","37702","0","YPR","2026-04-16 09:55:59","L","13.021355","77.552686"
"12264","37702","0","YPR","2026-04-16 09:56:29","L","13.021355","77.552686"
"12264","37702","0","YPR","2026-04-16 09:56:59","L","13.021355","77.552686"
"12264","37702","0","YPR","2026-04-16 09:57:29","L","13.021355","77.552686"
"12264","37702","0","YPR","2026-04-16 09:57:59","L","13.021355","77.552686"
"12264","37702","0","YPR","2026-04-16 09:58:29","L","13.021355","77.552686"
"12264","37702","0","YPR","2026-04-16 09:58:59","L","13.021355","77.552686"
"12264","37702","0","YPR","2026-04-16 09:59:29","L","13.021355","77.552686"
"12264","37702","0","YPR","2026-04-16 09:59:59","L","13.021355","77.552686"
"12264","37702","0","YPR","2026-04-16 10:00:29","L","13.021355","77.552686"
"12264","37702","0","YPR","2026-04-16 10:00:59","L","13.021355","77.552686"
"12264","37702","0","YPR","2026-04-16 10:01:29","L","13.021355","77.552686"
"12264","37702","0","YPR","2026-04-16 10:01:59","L","13.021355","77.552686"
"12264","37702","0","YPR","2026-04-16 10:02:29","L","13.021355","77.552686"
"12264","37702","0","YPR","2026-04-16 10:02:59","L","13.021355","77.552686"
"12264","37702","0","YPR","2026-04-16 10:03:29","L","13.021355","77.552686"
"12264","37702","0","YPR","2026-04-16 10:03:59","L","13.021355","77.552686"
"12264","37702","0","YPR","2026-04-16 10:04:29","L","13.021355","77.552686"
"12264","37702","0","YPR","2026-04-16 10:04:59","L","13.021355","77.552686"
"12264","37702","0","YPR","2026-04-16 10:05:29","L","13.021355","77.552686"
"12264","37702","0","YPR","2026-04-16 10:05:59","L","13.021355","77.552686"
"12264","37702","0","YPR","2026-04-16 10:06:29","L","13.021355","77.552686"
"12264","37702","0","YPR","2026-04-16 10:06:59","L","13.021355","77.552686"
"12264","37702","0","YPR","2026-04-16 10:07:29","L","13.021355","77.552686"
"12264","37702","0","YPR","2026-04-16 10:07:59","L","13.021355","77.552686"
"12264","37702","0","YPR","2026-04-16 10:08:29","L","13.021355","77.552686"
"12264","37702","0","YPR","2026-04-16 10:08:59","L","13.021355","77.552686"
"12264","37702","0","YPR","2026-04-16 10:09:29","L","13.021355","77.552686"
"12264","37702","0","YPR","2026-04-16 10:09:59","L","13.021355","77.552686"
"12264","37702","0","YPR","2026-04-16 10:10:29","L","13.021355","77.552686"
"12264","37702","0","YPR","2026-04-16 10:10:59","L","13.021355","77.552686"
"12264","37702","0","YPR","2026-04-16 10:11:29","L","13.021355","77.552686"
"12264","37702","0","YPR","2026-04-16 10:11:59","L","13.021355","77.552686"
"12264","37702","0","YPR","2026-04-16 10:12:29","L","13.021355","77.552686"
"12264","37702","0","YPR","2026-04-16 10:12:59","L","13.021355","77.552686"
"12264","37702","0","YPR","2026-04-16 10:13:29","L","13.021355","77.552686"
"12264","37702","0","YPR","2026-04-16 10:13:59","L","13.021355","77.552686"
"12264","37702","0","YPR","2026-04-16 10:14:29","L","13.021355","77.552686"
"12264","37702","0","YPR","2026-04-16 10:14:59","L","13.021355","77.552686"
"12264","37702","0","YPR","2026-04-16 10:15:29","L","13.021355","77.552686"
"12264","37702","0","YPR","2026-04-16 10:15:59","L","13.021355","77.552686"
"12264","37702","0","YPR","2026-04-16 10:16:29","L","13.021355","77.552686"
"12264","37702","0","YPR","2026-04-16 10:16:59","L","13.021355","77.552686"
"12264","37702","0","YPR","2026-04-16 10:17:29","L","13.021355","77.552686"
"12264","37702","0","YPR","2026-04-16 10:17:59","L","13.021355","77.552686"
"12264","37702","0","YPR","2026-04-16 10:18:29","L","13.021355","77.552686"
"12264","37702","0","YPR","2026-04-16 10:18:59","L","13.021355","77.552686"
"12264","37702","0","YPR","2026-04-16 10:19:29","L","13.021355","77.552686"
"12264","37702","0","YPR","2026-04-16 10:19:59","L","13.021355","77.552686"
"12264","37702","0","YPR","2026-04-16 10:20:29","L","13.021355","77.552686"
"12264","37702","0","YPR","2026-04-16 10:20:59","L","13.021355","77.552686"
"12264","37702","0","YPR","2026-04-16 10:21:29","L","13.021355","77.552686"
"12264","37702","0","YPR","2026-04-16 10:21:59","L","13.021355","77.552686"
"12264","37702","0","YPR","2026-04-16 10:22:29","L","13.021355","77.552686"
"12264","37702","0","YPR","2026-04-16 10:22:59","L","13.021355","77.552686"
"12264","37702","0","YPR","2026-04-16 10:23:29","L","13.021355","77.552686"
"12264","37702","0","YPR","2026-04-16 10:23:59","L","13.021355","77.552686"
"12264","37702","0","YPR","2026-04-16 10:24:29","L","13.021355","77.552686"
"12264","37702","0","YPR","2026-04-16 10:24:59","L","13.021355","77.552686"
"12264","37702","0","YPR","2026-04-16 10:25:29","L","13.021355","77.552686"
"12264","37702","0","YPR","2026-04-16 10:25:59","L","13.021355","77.552686"
"12264","37702","0","YPR","2026-04-16 10:26:29","L","13.021355","77.552686"
"12264","37702","0","YPR","2026-04-16 10:26:59","L","13.021355","77.552686"
"12264","37702","0","YPR","2026-04-16 10:27:29","L","13.021355","77.552686"
"12264","37702","0","YPR","2026-04-16 10:27:59","L","13.021355","77.552686"
"12264","37702","0","YPR","2026-04-16 10:28:29","L","13.021355","77.552686"
"12264","37702","0","YPR","2026-04-16 10:28:59","L","13.021355","77.552686"
"12264","37702","0","YPR","2026-04-16 10:29:29","L","13.021355","77.552686"
"12264","37702","0","YPR","2026-04-16 10:29:59","L","13.021355","77.552686"
"12264","37702","0","YPR","2026-04-16 10:30:29","L","13.021355","77.552686"
"12264","37702","0","YPR","2026-04-16 10:30:59","L","13.021355","77.552686"
"12264","37702","0","YPR","2026-04-16 10:31:29","L","13.021355","77.552686"
"12264","37702","0","YPR","2026-04-16 10:31:59","L","13.021355","77.552686"
"12264","37702","0","YPR","2026-04-16 10:32:29","L","13.021355","77.552686"
"12264","37702","0","YPR","2026-04-16 10:32:59","L","13.021355","77.552686"
"12264","37702","0","YPR","2026-04-16 10:33:29","L","13.021355","77.552686"
"12264","37702","0","YPR","2026-04-16 10:33:59","L","13.021355","77.552686"
"12264","37702","0","YPR","2026-04-16 10:34:29","L","13.021355","77.552686"
"12264","37702","0","YPR","2026-04-16 10:34:59","L","13.021355","77.552686"
"12264","37702","0","YPR","2026-04-16 10:35:29","L","13.021355","77.552686"
"12264","37702","0","YPR","2026-04-16 10:35:59","L","13.021355","77.552686"
"12264","37702","0","YPR","2026-04-16 10:36:29","L","13.021355","77.552686"
"12264","37702","0","YPR","2026-04-16 10:36:59","L","13.021355","77.552686"
"12264","37702","0","YPR","2026-04-16 10:37:29","L","13.021355","77.552686"
"12264","37702","0","YPR","2026-04-16 10:37:59","L","13.021355","77.552686"
"12264","37702","0","YPR","2026-04-16 10:38:29","L","13.021355","77.552686"
"12264","37702","0","YPR","2026-04-16 10:38:59","L","13.021355","77.552686"
"12264","37702","0","YPR","2026-04-16 10:39:29","L","13.021355","77.552686"
"12264","37702","0","YPR","2026-04-16 10:39:59","L","13.021355","77.552686"
"12264","37702","0","YPR","2026-04-16 10:40:29","L","13.021355","77.552686"
"12264","37702","0","YPR","2026-04-16 10:40:59","L","13.021355","77.552686"
"12264","37702","0","YPR","2026-04-16 10:41:29","L","13.021355","77.552686"
"12264","37702","0","YPR","2026-04-16 10:41:59","L","13.021355","77.552686"
"12264","37702","0","YPR","2026-04-16 10:42:29","L","13.021355","77.552686"
"12264","37702","0","YPR","2026-04-16 10:42:59","L","13.021355","77.552686"
"12264","37702","0","YPR","2026-04-16 10:43:29","L","13.021355","77.552686"
"12264","37702","0","YPR","2026-04-16 10:43:59","L","13.021355","77.552686"
"12264","37702","0","YPR","2026-04-16 10:44:29","L","13.021355","77.552686"
"12264","37702","0","YPR","2026-04-16 10:44:59","L","13.021355","77.552686"
"12264","37702","0","YPR","2026-04-16 10:45:29","L","13.021355","77.552686"
"12264","37702","0","YPR","2026-04-16 10:45:59","L","13.021355","77.552686"
"12264","37702","0","YPR","2026-04-16 10:46:29","L","13.021355","77.552686"
"12264","37702","0","YPR","2026-04-16 10:46:59","L","13.021355","77.552686"
"12264","37702","0","YPR","2026-04-16 10:47:29","L","13.021355","77.552686"
"12264","37702","0","YPR","2026-04-16 10:47:59","L","13.021355","77.552686"
"12264","37702","0","YPR","2026-04-16 10:48:29","L","13.021355","77.552686"
"12264","37702","0","YPR","2026-04-16 10:48:59","L","13.021355","77.552686"
"12264","37702","0","YPR","2026-04-16 10:49:29","L","13.021355","77.552686"
"12264","37702","0","YPR","2026-04-16 10:49:59","L","13.021355","77.552686"
"12264","37702","0","YPR","2026-04-16 10:50:29","L","13.021355","77.552686"
"12264","37702","0","YPR","2026-04-16 10:50:59","L","13.021355","77.552686"
"12264","37702","0","YPR","2026-04-16 10:51:29","L","13.021355","77.552686"
"12264","37702","0","YPR","2026-04-16 10:51:59","L","13.021355","77.552686"
"12264","37702","0","YPR","2026-04-16 10:52:29","L","13.021355","77.552686"
"12264","37702","0","YPR","2026-04-16 10:52:59","L","13.021355","77.552686"
"12264","37702","0","YPR","2026-04-16 10:53:29","L","13.021355","77.552686"
"12264","37702","0","YPR","2026-04-16 10:53:59","L","13.021355","77.552686"
"12264","37702","0","YPR","2026-04-16 10:54:29","L","13.021355","77.552686"
"12264","37702","0","YPR","2026-04-16 10:54:59","L","13.021355","77.552686"
"12264","37702","0","YPR","2026-04-16 10:55:29","L","13.021355","77.552686"
"12264","37702","0","YPR","2026-04-16 10:55:59","L","13.021355","77.552686"
"12264","37702","0","YPR","2026-04-16 10:56:29","L","13.021355","77.552686"
"12264","37702","0","YPR","2026-04-16 10:56:59","L","13.021355","77.552686"
"12264","37702","0","YPR","2026-04-16 10:57:29","L","13.021355","77.552686"
"12264","37702","0","YPR","2026-04-16 10:57:59","L","13.021355","77.552686"
"12264","37702","0","YPR","2026-04-16 10:58:29","L","13.021355","77.552686"
"12264","37702","0","YPR","2026-04-16 10:58:59","L","13.021355","77.552686"
"12264","37702","0","YPR","2026-04-16 10:59:29","L","13.021355","77.552686"
"12264","37702","0","YPR","2026-04-16 10:59:59","L","13.021355","77.552686"
"12264","37702","0","YPR","2026-04-16 11:00:29","L","13.021355","77.552686"
"12264","37702","0","YPR","2026-04-16 11:00:59","L","13.021355","77.552686"
"12264","37702","0","YPR","2026-04-16 11:01:29","L","13.021355","77.552686"
"12264","37702","0","YPR","2026-04-16 11:01:59","L","13.021355","77.552686"
"12264","37702","0","YPR","2026-04-16 11:02:29","L","13.021355","77.552686"
"12264","37702","0","YPR","2026-04-16 11:02:59","L","13.021355","77.552686"
"12264","37702","0","YPR","2026-04-16 11:03:29","L","13.021355","77.552686"
"12264","37702","0","YPR","2026-04-16 11:03:59","L","13.021355","77.552686"
"12264","37702","0","YPR","2026-04-16 11:04:29","L","13.021355","77.552686"
"12264","37702","0","YPR","2026-04-16 11:04:59","L","13.021355","77.552686"
"12264","37702","0","YPR","2026-04-16 11:05:29","L","13.021355","77.552686"
"12264","37702","0","YPR","2026-04-16 11:05:59","L","13.021355","77.552686"
"12264","37702","0","YPR","2026-04-16 11:06:29","L","13.021355","77.552686"
"12264","37702","0","YPR","2026-04-16 11:06:59","L","13.021355","77.552686"
"12264","37702","0","YPR","2026-04-16 11:07:29","L","13.021355","77.552686"
"12264","37702","0","YPR","2026-04-16 11:07:59","L","13.021355","77.552686"
"12264","37702","0","YPR","2026-04-16 11:08:29","L","13.021355","77.552686"
"12264","37702","0","YPR","2026-04-16 11:08:59","L","13.021355","77.552686"
"12264","37702","0","YPR","2026-04-16 11:09:29","L","13.021355","77.552686"
"12264","37702","0","YPR","2026-04-16 11:09:59","L","13.021355","77.552686"
"12264","37702","0","YPR","2026-04-16 11:10:29","L","13.021355","77.552686"
"12264","37702","0","YPR","2026-04-16 11:10:59","L","13.021355","77.552686"
"12264","37702","0","YPR","2026-04-16 11:11:29","L","13.021355","77.552686"
"12264","37702","0","YPR","2026-04-16 11:11:59","L","13.021355","77.552686"
"12264","37702","0","YPR","2026-04-16 11:12:29","L","13.021355","77.552686"
"12264","37702","0","YPR","2026-04-16 11:12:59","L","13.021355","77.552686"
"12264","37702","0","YPR","2026-04-16 11:13:29","L","13.021355","77.552686"
"12264","37702","0","YPR","2026-04-16 11:13:59","L","13.021355","77.552686"
"12264","37702","0","YPR","2026-04-16 11:14:29","L","13.021355","77.552686"
"12264","37702","0","YPR","2026-04-16 11:14:59","L","13.021355","77.552686"
"12264","37702","0","YPR","2026-04-16 11:15:29","L","13.021355","77.552686"
"12264","37702","0","YPR","2026-04-16 11:15:59","L","13.021355","77.552686"
"12264","37702","0","YPR","2026-04-16 11:16:29","L","13.021355","77.552686"
"12264","37702","0","YPR","2026-04-16 11:16:59","L","13.021355","77.552686"
"12264","37702","0","YPR","2026-04-16 11:17:29","L","13.021355","77.552686"
"12264","37702","0","YPR","2026-04-16 11:17:59","L","13.021355","77.552686"
"12264","37702","0","YPR","2026-04-16 11:18:29","L","13.021355","77.552686"
"12264","37702","0","YPR","2026-04-16 11:18:59","L","13.021355","77.552686"
"12264","37702","0","YPR","2026-04-16 11:19:29","L","13.021355","77.552686"
"12264","37702","0","YPR","2026-04-16 11:19:59","L","13.021355","77.552686"
"12264","37702","0","YPR","2026-04-16 11:20:29","L","13.021355","77.552686"
"12264","37702","0","YPR","2026-04-16 11:20:59","L","13.021355","77.552686"
"12264","37702","0","YPR","2026-04-16 11:21:29","L","13.021355","77.552686"
"12264","37702","0","YPR","2026-04-16 11:21:59","L","13.021355","77.552686"
"12264","37702","0","YPR","2026-04-16 11:22:29","L","13.021355","77.552686"
"12264","37702","0","YPR","2026-04-16 11:22:59","L","13.021355","77.552686"
"12264","37702","0","YPR","2026-04-16 11:23:29","L","13.021355","77.552686"
"12264","37702","0","YPR","2026-04-16 11:23:59","L","13.021355","77.552686"
"12264","37702","0","YPR","2026-04-16 11:24:29","L","13.021355","77.552686"
"12264","37702","0","YPR","2026-04-16 11:24:59","L","13.021355","77.552686"
"12264","37702","0","YPR","2026-04-16 11:25:29","L","13.021355","77.552686"
"12264","37702","0","YPR","2026-04-16 11:25:59","L","13.021355","77.552686"
"12264","37702","0","YPR","2026-04-16 11:26:29","L","13.021355","77.552686"
"12264","37702","0","YPR","2026-04-16 11:26:59","L","13.021355","77.552686"
"12264","37702","0","YPR","2026-04-16 11:27:29","L","13.021355","77.552686"
"12264","37702","0","YPR","2026-04-16 11:27:59","L","13.021355","77.552686"
"12264","37702","0","YPR","2026-04-16 11:28:29","L","13.021355","77.552686"
"12264","37702","0","YPR","2026-04-16 11:28:59","L","13.021355","77.552686"
"12264","37702","0","YPR","2026-04-16 11:29:29","L","13.021355","77.552686"
"12264","37702","0","YPR","2026-04-16 11:29:59","L","13.021355","77.552686"
"12264","37702","0","YPR","2026-04-16 11:30:29","L","13.021355","77.552686"
"12264","37702","0","YPR","2026-04-16 11:30:59","L","13.021355","77.552686"
"12264","37702","0","YPR","2026-04-16 11:31:29","L","13.021355","77.552686"
"12264","37702","0","YPR","2026-04-16 11:31:59","L","13.021355","77.552686"
"12264","37702","0","YPR","2026-04-16 11:32:29","L","13.021355","77.552686"
"12264","37702","0","YPR","2026-04-16 11:32:59","L","13.021355","77.552686"
"12264","37702","0","YPR","2026-04-16 11:33:29","L","13.021355","77.552686"
"12264","37702","0","YPR","2026-04-16 11:33:59","L","13.021355","77.552686"
"12264","37702","0","YPR","2026-04-16 11:34:29","L","13.021355","77.552686"
"12264","37702","0","YPR","2026-04-16 11:34:59","L","13.021355","77.552686"
"12264","37702","0","YPR","2026-04-16 11:35:29","L","13.021355","77.552686"
"12264","37702","0","YPR","2026-04-16 11:35:59","L","13.021355","77.552686"
"12264","37702","0","YPR","2026-04-16 11:36:29","L","13.021355","77.552686"
"12264","37702","0","YPR","2026-04-16 11:36:59","L","13.021355","77.552686"
"12264","37702","0","YPR","2026-04-16 11:37:29","L","13.021355","77.552686"
"12264","37702","0","YPR","2026-04-16 11:37:59","L","13.021355","77.552686"
"12264","37702","0","YPR","2026-04-16 11:38:29","L","13.021355","77.552686"
"12264","37702","0","YPR","2026-04-16 11:38:59","L","13.021355","77.552686"
"12264","37702","0","YPR","2026-04-16 11:39:29","L","13.021355","77.552686"
"12264","37702","0","YPR","2026-04-16 11:39:59","L","13.021355","77.552686"
"12264","37702","0","YPR","2026-04-16 11:40:29","L","13.021355","77.552686"
"12264","37702","0","YPR","2026-04-16 11:40:59","L","13.021355","77.552686"
"12264","37702","0","YPR","2026-04-16 11:41:29","L","13.021355","77.552686"
"12264","37702","0","YPR","2026-04-16 11:41:59","L","13.021355","77.552686"
"12264","37702","7","YPR","2026-04-16 11:42:29","L","13.021597","77.552518"
"12264","37702","8","YPR","2026-04-16 11:42:59","L","13.022151","77.55221"
"12264","37702","2","YPR","2026-04-16 11:43:29","L","13.022609","77.551998"
"12264","37702","7","YPR","2026-04-16 11:43:59","L","13.02314","77.55167"
"12264","37702","7","YPR","2026-04-16 11:44:29","L","13.023631","77.551334"
"12264","37702","7","YPR","2026-04-16 11:44:59","L","13.02412","77.551067"
"12264","37702","7","YPR","2026-04-16 11:45:29","L","13.024656","77.550771"
"12264","37702","8","YPR","2026-04-16 11:45:59","L","13.025192","77.550508"
"12264","37702","7","YPR","2026-04-16 11:46:29","L","13.025739","77.550279"
"12264","37702","8","YPR","2026-04-16 11:46:59","L","13.026325","77.550049"
"12264","37702","8","YPR","2026-04-16 11:47:29","L","13.026902","77.549864"
"12264","37702","8","YPR","2026-04-16 11:47:59","L","13.02749","77.549648"
"12264","37702","7","YPR","2026-04-16 11:48:29","L","13.028046","77.549365"
"12264","37702","8","YPR","2026-04-16 11:48:59","L","13.028596","77.549086"
"12264","37702","8","YPR","2026-04-16 11:49:29","L","13.029163","77.548841"
"12264","37702","6","YPR","2026-04-16 11:49:59","L","13.029702","77.548553"
"12264","37702","7","YPR","2026-04-16 11:50:29","L","13.030218","77.548284"
"12264","37702","7","YPR","2026-04-16 11:50:59","L","13.030768","77.548037"
"12264","37702","6","YPR","2026-04-16 11:51:29","L","13.031265","77.547784"
"12264","37702","3","YPR","2026-04-16 11:51:59","L","13.031567","77.547626"
"12264","37702","0","YPR","2026-04-16 11:52:29","L","13.031709","77.547552"
"12264","37702","0","YPR","2026-04-16 11:52:59","L","13.031709","77.547552"
"12264","37702","0","YPR","2026-04-16 11:53:29","L","13.031709","77.547552"
"12264","37702","0","YPR","2026-04-16 11:53:59","L","13.031709","77.547552"
"12264","37702","0","YPR","2026-04-16 11:54:29","L","13.031709","77.547552"
"12264","37702","0","YPR","2026-04-16 11:54:59","L","13.031709","77.547552"
"12264","37702","0","YPR","2026-04-16 11:55:29","L","13.031709","77.547552"
"12264","37702","0","YPR","2026-04-16 11:55:59","L","13.031709","77.547552"
"12264","37702","0","YPR","2026-04-16 11:56:29","L","13.031709","77.547552"
"12264","37702","0","YPR","2026-04-16 11:56:59","L","13.031709","77.547552"
"12264","37702","0","YPR","2026-04-16 11:57:29","L","13.031709","77.547552"
"12264","37702","0","YPR","2026-04-16 11:57:59","L","13.031709","77.547552"
"12264","37702","0","YPR","2026-04-16 11:58:29","L","13.031709","77.547552"
"12264","37702","0","YPR","2026-04-16 11:58:59","L","13.031709","77.547552"
"12264","37702","0","YPR","2026-04-16 11:59:29","L","13.031709","77.547552"
"12264","37702","0","YPR","2026-04-16 11:59:59","L","13.031709","77.547552"
"12264","37702","0","YPR","2026-04-16 12:00:29","L","13.031709","77.547552"
"12264","37702","0","YPR","2026-04-16 12:00:59","L","13.031709","77.547552"
"12264","37702","0","YPR","2026-04-16 12:01:29","L","13.031709","77.547552"
"12264","37702","0","YPR","2026-04-16 12:01:59","L","13.031709","77.547552"
"12264","37702","0","YPR","2026-04-16 12:02:29","L","13.031709","77.547552"
"12264","37702","0","YPR","2026-04-16 12:02:59","L","13.031709","77.547552"
"12264","37702","0","YPR","2026-04-16 12:03:29","L","13.031709","77.547552"
"12264","37702","0","YPR","2026-04-16 12:03:59","L","13.031709","77.547552"
"12264","37702","0","YPR","2026-04-16 12:04:29","L","13.031709","77.547552"
"12264","37702","0","YPR","2026-04-16 12:04:59","L","13.031709","77.547552"
"12264","37702","0","YPR","2026-04-16 12:05:29","L","13.031709","77.547552"
"12264","37702","0","YPR","2026-04-16 12:05:59","L","13.031709","77.547552"
"12264","37702","0","YPR","2026-04-16 12:06:29","L","13.031709","77.547552"
"12264","37702","0","YPR","2026-04-16 12:06:59","L","13.031709","77.547552"
"12264","37702","0","YPR","2026-04-16 12:07:29","L","13.031709","77.547552"
"12264","37702","0","YPR","2026-04-16 12:07:59","L","13.031709","77.547552"
"12264","37702","0","YPR","2026-04-16 12:08:29","L","13.031709","77.547552"
"12264","37702","0","YPR","2026-04-16 12:08:59","L","13.031709","77.547552"
"12264","37702","0","YPR","2026-04-16 12:09:29","L","13.031709","77.547552"
"12264","37702","0","YPR","2026-04-16 12:09:59","L","13.031709","77.547552"
"12264","37702","0","YPR","2026-04-16 12:10:29","L","13.031709","77.547552"
"12264","37702","0","YPR","2026-04-16 12:10:59","L","13.031709","77.547552"
"12264","37702","0","YPR","2026-04-16 12:11:29","L","13.031709","77.547552"
"12264","37702","0","YPR","2026-04-16 12:11:59","L","13.031709","77.547552"
"12264","37702","0","YPR","2026-04-16 12:12:29","L","13.031709","77.547552"
"12264","37702","0","YPR","2026-04-16 12:12:59","L","13.031709","77.547552"
"12264","37702","0","YPR","2026-04-16 12:13:29","L","13.031709","77.547552"
"12264","37702","0","YPR","2026-04-16 12:13:59","L","13.031709","77.547552"
"12264","37702","0","YPR","2026-04-16 12:14:29","L","13.031709","77.547552"
"12264","37702","0","YPR","2026-04-16 12:14:59","L","13.031709","77.547552"
"12264","37702","0","YPR","2026-04-16 12:15:29","L","13.031709","77.547552"
"12264","37702","0","YPR","2026-04-16 12:15:59","L","13.031709","77.547552"
"12264","37702","0","YPR","2026-04-16 12:16:29","L","13.031709","77.547552"
"12264","37702","0","YPR","2026-04-16 12:16:59","L","13.031709","77.547552"
"12264","37702","0","YPR","2026-04-16 12:17:29","L","13.031709","77.547552"
"12264","37702","0","YPR","2026-04-16 12:17:59","L","13.031709","77.547552"
"12264","37702","0","YPR","2026-04-16 12:18:29","L","13.031709","77.547552"
"12264","37702","0","YPR","2026-04-16 12:18:59","L","13.031709","77.547552"
"12264","37702","0","YPR","2026-04-16 12:19:29","L","13.031709","77.547552"
"12264","37702","0","YPR","2026-04-16 12:19:59","L","13.031709","77.547552"
"12264","37702","0","YPR","2026-04-16 12:20:29","L","13.031709","77.547552"
"12264","37702","0","YPR","2026-04-16 12:20:59","L","13.031709","77.547552"
"12264","37702","0","YPR","2026-04-16 12:21:29","L","13.031709","77.547552"
"12264","37702","0","YPR","2026-04-16 12:21:59","L","13.031709","77.547552"
"12264","37702","0","YPR","2026-04-16 12:22:29","L","13.031709","77.547552"
"12264","37702","0","YPR","2026-04-16 12:22:59","L","13.031709","77.547552"
"12264","37702","0","YPR","2026-04-16 12:23:29","L","13.031709","77.547552"
"12264","37702","0","YPR","2026-04-16 12:23:59","L","13.031709","77.547552"
"12264","37702","0","YPR","2026-04-16 12:24:29","L","13.031709","77.547552"
"12264","37702","0","YPR","2026-04-16 12:24:59","L","13.031709","77.547552"
"12264","37702","0","YPR","2026-04-16 12:25:29","L","13.031709","77.547552"
"12264","37702","0","YPR","2026-04-16 12:25:59","L","13.031709","77.547552"
"12264","37702","0","YPR","2026-04-16 12:26:29","L","13.031709","77.547552"
"12264","37702","0","YPR","2026-04-16 12:26:59","L","13.031709","77.547552"
"12264","37702","0","YPR","2026-04-16 12:27:29","L","13.031709","77.547552"
"12264","37702","0","YPR","2026-04-16 12:27:59","L","13.031709","77.547552"
"12264","37702","0","YPR","2026-04-16 12:28:29","L","13.031709","77.547552"
"12264","37702","0","YPR","2026-04-16 12:28:59","L","13.031709","77.547552"
"12264","37702","0","YPR","2026-04-16 12:29:29","L","13.031709","77.547552"
"12264","37702","0","YPR","2026-04-16 12:29:59","L","13.031709","77.547552"
"12264","37702","0","YPR","2026-04-16 12:30:29","L","13.031709","77.547552"
"12264","37702","0","YPR","2026-04-16 12:30:59","L","13.031709","77.547552"
"12264","37702","0","YPR","2026-04-16 12:31:29","L","13.031709","77.547552"
"12264","37702","0","YPR","2026-04-16 12:31:59","L","13.031709","77.547552"
"12264","37702","0","YPR","2026-04-16 12:32:29","L","13.031709","77.547552"
"12264","37702","0","YPR","2026-04-16 12:32:59","L","13.031709","77.547552"
"12264","37702","0","YPR","2026-04-16 12:33:29","L","13.031709","77.547552"
"12264","37702","0","YPR","2026-04-16 12:33:59","L","13.031709","77.547552"
"12264","37702","0","YPR","2026-04-16 12:34:29","L","13.031709","77.547552"
"12264","37702","0","YPR","2026-04-16 12:34:59","L","13.031709","77.547552"
"12264","37702","0","YPR","2026-04-16 12:35:29","L","13.031709","77.547552"
"12264","37702","0","YPR","2026-04-16 12:35:59","L","13.031709","77.547552"
"12264","37702","0","YPR","2026-04-16 12:36:29","L","13.031709","77.547552"
"12264","37702","0","YPR","2026-04-16 12:36:59","L","13.031709","77.547552"
"12264","37702","0","YPR","2026-04-16 12:37:29","L","13.031709","77.547552"
"12264","37702","0","YPR","2026-04-16 12:37:59","L","13.031709","77.547552"
"12264","37702","0","YPR","2026-04-16 12:38:29","L","13.031709","77.547552"
"12264","37702","0","YPR","2026-04-16 12:38:59","L","13.031709","77.547552"
"12264","37702","0","YPR","2026-04-16 12:39:29","L","13.031709","77.547552"
"12264","37702","0","YPR","2026-04-16 12:39:59","L","13.031709","77.547552"
"12264","37702","0","YPR","2026-04-16 12:40:29","L","13.031709","77.547552"
"12264","37702","0","YPR","2026-04-16 12:40:59","L","13.031709","77.547552"
"12264","37702","0","YPR","2026-04-16 12:41:29","L","13.031709","77.547552"
"12264","37702","0","YPR","2026-04-16 12:41:59","L","13.031709","77.547552"
"12264","37702","0","YPR","2026-04-16 12:42:29","L","13.031709","77.547552"
"12264","37702","0","YPR","2026-04-16 12:42:59","L","13.031709","77.547552"
"12264","37702","0","YPR","2026-04-16 12:43:29","L","13.031709","77.547552"
"12264","37702","0","YPR","2026-04-16 12:43:59","L","13.031709","77.547552"
"12264","37702","0","YPR","2026-04-16 12:44:29","L","13.031709","77.547552"
"12264","37702","0","YPR","2026-04-16 12:44:59","L","13.031709","77.547552"
"12264","37702","0","YPR","2026-04-16 12:45:29","L","13.031709","77.547552"
"12264","37702","0","YPR","2026-04-16 12:45:59","L","13.031709","77.547552"
"12264","37702","0","YPR","2026-04-16 12:46:29","L","13.031709","77.547552"
"12264","37702","0","YPR","2026-04-16 12:46:59","L","13.031709","77.547552"
"12264","37702","0","YPR","2026-04-16 12:47:29","L","13.031709","77.547552"
"12264","37702","0","YPR","2026-04-16 12:47:59","L","13.031709","77.547552"
"12264","37702","0","YPR","2026-04-16 12:48:29","L","13.031709","77.547552"
"12264","37702","0","YPR","2026-04-16 12:48:59","L","13.031709","77.547552"
"12264","37702","0","YPR","2026-04-16 12:49:29","L","13.031709","77.547552"
"12264","37702","0","YPR","2026-04-16 12:49:59","L","13.031709","77.547552"
"12264","37702","0","YPR","2026-04-16 12:50:29","L","13.031709","77.547552"
"12264","37702","0","YPR","2026-04-16 12:50:59","L","13.031709","77.547552"
"12264","37702","0","YPR","2026-04-16 12:51:29","L","13.031709","77.547552"
"12264","37702","0","YPR","2026-04-16 12:51:59","L","13.031709","77.547552"
"12264","37702","0","YPR","2026-04-16 12:52:29","L","13.031709","77.547552"
"12264","37702","0","YPR","2026-04-16 12:52:59","L","13.031709","77.547552"
"12264","37702","0","YPR","2026-04-16 12:53:29","L","13.031709","77.547552"
"12264","37702","0","YPR","2026-04-16 12:53:59","L","13.031709","77.547552"
"12264","37702","0","YPR","2026-04-16 12:54:29","L","13.031709","77.547552"
"12264","37702","0","YPR","2026-04-16 12:54:59","L","13.031709","77.547552"
"12264","37702","0","YPR","2026-04-16 12:55:29","L","13.031709","77.547552"
"12264","37702","0","YPR","2026-04-16 12:55:59","L","13.031709","77.547552"
"12264","37702","0","YPR","2026-04-16 12:56:29","L","13.031709","77.547552"
"12264","37702","0","YPR","2026-04-16 12:56:59","L","13.031709","77.547552"
"12264","37702","0","YPR","2026-04-16 12:57:29","L","13.031709","77.547552"
"12264","37702","0","YPR","2026-04-16 12:57:59","L","13.031709","77.547552"
"12264","37702","0","YPR","2026-04-16 12:58:29","L","13.031709","77.547552"
"12264","37702","0","YPR","2026-04-16 12:58:59","L","13.031709","77.547552"
"12264","37702","0","YPR","2026-04-16 12:59:29","L","13.031709","77.547552"
"12264","37702","0","YPR","2026-04-16 12:59:59","L","13.031709","77.547552"
"12264","37702","0","YPR","2026-04-16 13:00:29","L","13.031709","77.547552"
"12264","37702","0","YPR","2026-04-16 13:00:59","L","13.031709","77.547552"
"12264","37702","0","YPR","2026-04-16 13:01:29","L","13.031709","77.547552"
"12264","37702","0","YPR","2026-04-16 13:01:59","L","13.031709","77.547552"
"12264","37702","0","YPR","2026-04-16 13:02:29","L","13.031709","77.547552"
"12264","37702","0","YPR","2026-04-16 13:02:59","L","13.031709","77.547552"
"12264","37702","0","YPR","2026-04-16 13:03:29","L","13.031709","77.547552"
"12264","37702","0","YPR","2026-04-16 13:03:59","L","13.031709","77.547552"
"12264","37702","0","YPR","2026-04-16 13:04:29","L","13.031709","77.547552"
"12264","37702","0","YPR","2026-04-16 13:04:59","L","13.031709","77.547552"
"12264","37702","0","YPR","2026-04-16 13:05:29","L","13.031709","77.547552"
"12264","37702","0","YPR","2026-04-16 13:05:59","L","13.031709","77.547552"
"12264","37702","0","YPR","2026-04-16 13:06:29","L","13.031709","77.547552"
"12264","37702","0","YPR","2026-04-16 13:06:59","L","13.031709","77.547552"
"12264","37702","0","YPR","2026-04-16 13:07:29","L","13.031709","77.547552"
"12264","37702","0","YPR","2026-04-16 13:07:59","L","13.031709","77.547552"
"12264","37702","0","YPR","2026-04-16 13:08:29","L","13.031709","77.547552"
"12264","37702","0","YPR","2026-04-16 13:08:59","L","13.031709","77.547552"
"12264","37702","0","YPR","2026-04-16 13:09:29","L","13.031709","77.547552"
"12264","37702","0","YPR","2026-04-16 13:09:59","L","13.031709","77.547552"
"12264","37702","0","YPR","2026-04-16 13:10:29","L","13.031709","77.547552"
"12264","37702","0","YPR","2026-04-16 13:10:59","L","13.031709","77.547552"
"12264","37702","0","YPR","2026-04-16 13:11:29","L","13.031709","77.547552"
"12264","37702","0","YPR","2026-04-16 13:11:59","L","13.031709","77.547552"
"12264","37702","0","YPR","2026-04-16 13:12:29","L","13.031709","77.547552"
"12264","37702","0","YPR","2026-04-16 13:12:59","L","13.031709","77.547552"
"12264","37702","0","YPR","2026-04-16 13:13:29","L","13.031709","77.547552"
"12264","37702","0","YPR","2026-04-16 13:13:59","L","13.031709","77.547552"
"12264","37702","0","YPR","2026-04-16 13:14:29","L","13.031709","77.547552"
"12264","37702","0","YPR","2026-04-16 13:14:59","L","13.031709","77.547552"
"12264","37702","0","YPR","2026-04-16 13:15:29","L","13.031709","77.547552"
"12264","37702","0","YPR","2026-04-16 13:15:59","L","13.031709","77.547552"
"12264","37702","0","YPR","2026-04-16 13:16:29","L","13.031709","77.547552"
"12264","37702","0","YPR","2026-04-16 13:16:59","L","13.031709","77.547552"
"12264","37702","0","YPR","2026-04-16 13:17:29","L","13.031709","77.547552"
"12264","37702","0","YPR","2026-04-16 13:17:59","L","13.031709","77.547552"
"12264","37702","0","YPR","2026-04-16 13:18:29","L","13.031709","77.547552"
"12264","37702","0","YPR","2026-04-16 13:18:59","L","13.031709","77.547552"
"12264","37702","0","YPR","2026-04-16 13:19:29","L","13.031709","77.547552"
"12264","37702","0","YPR","2026-04-16 13:19:59","L","13.031709","77.547552"
"12264","37702","0","YPR","2026-04-16 13:20:29","L","13.031709","77.547552"
"12264","37702","0","YPR","2026-04-16 13:20:59","L","13.031709","77.547552"
"12264","37702","0","YPR","2026-04-16 13:21:29","L","13.031709","77.547552"
"12264","37702","0","YPR","2026-04-16 13:21:59","L","13.031709","77.547552"
"12264","37702","0","YPR","2026-04-16 13:22:29","L","13.031709","77.547552"
"12264","37702","0","YPR","2026-04-16 13:22:59","L","13.031709","77.547552"
"12264","37702","0","YPR","2026-04-16 13:23:29","L","13.031709","77.547552"
"12264","37702","0","YPR","2026-04-16 13:23:59","L","13.031709","77.547552"
"12264","37702","0","YPR","2026-04-16 13:24:29","L","13.031709","77.547552"
"12264","37702","0","YPR","2026-04-16 13:24:59","L","13.031709","77.547552"
"12264","37702","0","YPR","2026-04-16 13:25:29","L","13.031709","77.547552"
"12264","37702","0","YPR","2026-04-16 13:25:59","L","13.031709","77.547552"
"12264","37702","0","YPR","2026-04-16 13:26:29","L","13.031709","77.547552"
"12264","37702","0","YPR","2026-04-16 13:26:59","L","13.031709","77.547552"
"12264","37702","0","YPR","2026-04-16 13:27:29","L","13.031709","77.547552"
"12264","37702","0","YPR","2026-04-16 13:27:59","L","13.031709","77.547552"
"12264","37702","0","YPR","2026-04-16 13:28:29","L","13.031709","77.547552"
"12264","37702","0","YPR","2026-04-16 13:28:59","L","13.031709","77.547552"
"12264","37702","0","YPR","2026-04-16 13:29:29","L","13.031709","77.547552"
"12264","37702","0","YPR","2026-04-16 13:29:59","L","13.031709","77.547552"
"12264","37702","0","YPR","2026-04-16 13:30:29","L","13.031709","77.547552"
"12264","37702","0","YPR","2026-04-16 13:30:59","L","13.031709","77.547552"
"12264","37702","0","YPR","2026-04-16 13:31:29","L","13.031709","77.547552"
"12264","37702","0","YPR","2026-04-16 13:31:59","L","13.031709","77.547552"
"12264","37702","0","YPR","2026-04-16 13:32:29","L","13.031709","77.547552"
"12264","37702","0","YPR","2026-04-16 13:32:59","L","13.031709","77.547552"
"12264","37702","0","YPR","2026-04-16 13:33:29","L","13.031709","77.547552"
"12264","37702","0","YPR","2026-04-16 13:33:59","L","13.031709","77.547552"
"12264","37702","0","YPR","2026-04-16 13:34:29","L","13.031709","77.547552"
"12264","37702","0","YPR","2026-04-16 13:34:59","L","13.031709","77.547552"
"12264","37702","0","YPR","2026-04-16 13:35:29","L","13.031709","77.547552"
"12264","37702","0","YPR","2026-04-16 13:35:59","L","13.031709","77.547552"
"12264","37702","0","YPR","2026-04-16 13:36:29","L","13.031709","77.547552"
"12264","37702","0","YPR","2026-04-16 13:36:59","L","13.031709","77.547552"
"12264","37702","0","YPR","2026-04-16 13:37:29","L","13.031709","77.547552"
"12264","37702","0","YPR","2026-04-16 13:37:59","L","13.031709","77.547552"
"12264","37702","0","YPR","2026-04-16 13:38:29","L","13.031709","77.547552"
"12264","37702","0","YPR","2026-04-16 13:38:59","L","13.031709","77.547552"
"12264","37702","0","YPR","2026-04-16 13:39:29","L","13.031709","77.547552"
"12264","37702","0","YPR","2026-04-16 13:39:59","L","13.031709","77.547552"
"12264","37702","0","YPR","2026-04-16 13:40:29","L","13.031709","77.547552"
"12264","37702","0","YPR","2026-04-16 13:40:59","L","13.031709","77.547552"
"12264","37702","0","YPR","2026-04-16 13:41:29","L","13.031709","77.547552"
"12264","37702","0","YPR","2026-04-16 13:41:59","L","13.031709","77.547552"
"12264","37702","0","YPR","2026-04-16 13:42:29","L","13.031709","77.547552"
"12264","37702","0","YPR","2026-04-16 13:42:59","L","13.031709","77.547552"
"12264","37702","0","YPR","2026-04-16 13:43:29","L","13.031709","77.547552"
"12264","37702","0","YPR","2026-04-16 13:43:59","L","13.031709","77.547552"
"12264","37702","0","YPR","2026-04-16 13:44:29","L","13.031709","77.547552"
"12264","37702","0","YPR","2026-04-16 13:44:59","L","13.031709","77.547552"
"12264","37702","0","YPR","2026-04-16 13:45:29","L","13.031709","77.547552"
"12264","37702","0","YPR","2026-04-16 13:45:59","L","13.031709","77.547552"
"12264","37702","0","YPR","2026-04-16 13:46:29","L","13.031709","77.547552"
"12264","37702","0","YPR","2026-04-16 13:46:59","L","13.031709","77.547552"
"12264","37702","0","YPR","2026-04-16 13:47:29","L","13.031709","77.547552"
"12264","37702","0","YPR","2026-04-16 13:47:59","L","13.031709","77.547552"
"12264","37702","0","YPR","2026-04-16 13:48:29","L","13.031709","77.547552"
"12264","37702","0","YPR","2026-04-16 13:48:59","L","13.031709","77.547552"
"12264","37702","0","YPR","2026-04-16 13:49:29","L","13.031709","77.547552"
"12264","37702","0","YPR","2026-04-16 13:49:59","L","13.031709","77.547552"
"12264","37702","0","YPR","2026-04-16 13:50:29","L","13.031709","77.547552"
"12264","37702","0","YPR","2026-04-16 13:50:59","L","13.031709","77.547552"
"12264","37702","0","YPR","2026-04-16 13:51:29","L","13.031709","77.547552"
"12264","37702","0","YPR","2026-04-16 13:51:59","L","13.031709","77.547552"
"12264","37702","0","YPR","2026-04-16 13:52:29","L","13.031709","77.547552"
"12264","37702","0","YPR","2026-04-16 13:52:59","L","13.031709","77.547552"
"12264","37702","0","YPR","2026-04-16 13:53:29","L","13.031709","77.547552"
"12264","37702","0","YPR","2026-04-16 13:53:59","L","13.031709","77.547552"
"12264","37702","0","YPR","2026-04-16 13:54:29","L","13.031709","77.547552"
"12264","37702","0","YPR","2026-04-16 13:54:59","L","13.031709","77.547552"
"12264","37702","0","YPR","2026-04-16 13:55:29","L","13.031709","77.547552"
"12264","37702","0","YPR","2026-04-16 13:55:59","L","13.031709","77.547552"
"12264","37702","0","YPR","2026-04-16 13:56:29","L","13.031709","77.547552"
"12264","37702","0","YPR","2026-04-16 13:56:59","L","13.031709","77.547552"
"12264","37702","0","YPR","2026-04-16 13:57:29","L","13.031709","77.547552"
"12264","37702","0","YPR","2026-04-16 13:57:59","L","13.031709","77.547552"
"12264","37702","0","YPR","2026-04-16 13:58:29","L","13.031709","77.547552"
"12264","37702","0","YPR","2026-04-16 13:58:59","L","13.031709","77.547552"
"12264","37702","0","YPR","2026-04-16 13:59:29","L","13.031709","77.547552"
"12264","37702","0","YPR","2026-04-16 13:59:59","L","13.031709","77.547552"
"12264","37702","0","YPR","2026-04-16 14:00:29","L","13.031709","77.547552"
"12264","37702","0","YPR","2026-04-16 14:00:59","L","13.031709","77.547552"
"12264","37702","0","YPR","2026-04-16 14:01:29","L","13.031709","77.547552"
"12264","37702","0","YPR","2026-04-16 14:01:59","L","13.031709","77.547552"
"12264","37702","0","YPR","2026-04-16 14:02:29","L","13.031709","77.547552"
"12264","37702","0","YPR","2026-04-16 14:02:59","L","13.031709","77.547552"
"12264","37702","0","YPR","2026-04-16 14:03:29","L","13.031709","77.547552"
"12264","37702","0","YPR","2026-04-16 14:03:59","L","13.031709","77.547552"
"12264","37702","0","YPR","2026-04-16 14:04:29","L","13.031709","77.547552"
"12264","37702","0","YPR","2026-04-16 14:04:59","L","13.031709","77.547552"
"12264","37702","0","YPR","2026-04-16 14:05:29","L","13.031709","77.547552"
"12264","37702","0","YPR","2026-04-16 14:05:59","L","13.031709","77.547552"
"12264","37702","0","YPR","2026-04-16 14:06:29","L","13.031709","77.547552"
"12264","37702","0","YPR","2026-04-16 14:06:59","L","13.031709","77.547552"
"12264","37702","0","YPR","2026-04-16 14:07:29","L","13.031709","77.547552"
"12264","37702","0","YPR","2026-04-16 14:07:59","L","13.031709","77.547552"
"12264","37702","0","YPR","2026-04-16 14:08:29","L","13.031709","77.547552"
"12264","37702","0","YPR","2026-04-16 14:08:59","L","13.031709","77.547552"
"12264","37702","0","YPR","2026-04-16 14:09:29","L","13.031709","77.547552"
"12264","37702","0","YPR","2026-04-16 14:09:59","L","13.031709","77.547552"
"12264","37702","0","YPR","2026-04-16 14:10:29","L","13.031709","77.547552"
"12264","37702","0","YPR","2026-04-16 14:10:59","L","13.031709","77.547552"
"12264","37702","0","YPR","2026-04-16 14:11:29","L","13.031709","77.547552"
"12264","37702","0","YPR","2026-04-16 14:11:59","L","13.031709","77.547552"
"12264","37702","0","YPR","2026-04-16 14:12:29","L","13.031709","77.547552"
"12264","37702","0","YPR","2026-04-16 14:12:59","L","13.031709","77.547552"
"12264","37702","0","YPR","2026-04-16 14:13:29","L","13.031709","77.547552"
"12264","37702","0","YPR","2026-04-16 14:13:59","L","13.031709","77.547552"
"12264","37702","0","YPR","2026-04-16 14:14:29","L","13.031709","77.547552"
"12264","37702","0","YPR","2026-04-16 14:14:59","L","13.031709","77.547552"
"12264","37702","0","YPR","2026-04-16 14:15:29","L","13.031709","77.547552"
"12264","37702","0","YPR","2026-04-16 14:15:59","L","13.031709","77.547552"
"12264","37702","0","YPR","2026-04-16 14:16:29","L","13.031709","77.547552"
"12264","37702","0","YPR","2026-04-16 14:16:59","L","13.031709","77.547552"
"12264","37702","0","YPR","2026-04-16 14:17:29","L","13.031709","77.547552"
"12264","37702","0","YPR","2026-04-16 14:17:59","L","13.031709","77.547552"
"12264","37702","0","YPR","2026-04-16 14:18:29","L","13.031709","77.547552"
"12264","37702","0","YPR","2026-04-16 14:18:59","L","13.031709","77.547552"
"12264","37702","0","YPR","2026-04-16 14:19:29","L","13.031709","77.547552"
"12264","37702","9","YPR","2026-04-16 14:19:59","L","13.031336","77.547728"
"12264","37702","12","YPR","2026-04-16 14:20:29","L","13.030717","77.548039"
"12264","37702","13","YPR","2026-04-16 14:20:59","L","13.029892","77.548453"
"12264","37702","5","YPR","2026-04-16 14:21:29","L","13.029288","77.548775"
"12264","37702","0","YPR","2026-04-16 14:21:59","L","13.029127","77.548857"
"12264","37702","0","YPR","2026-04-16 14:22:29","L","13.029127","77.548857"
"12264","37702","0","YPR","2026-04-16 14:22:59","L","13.029127","77.548857"
"12264","37702","0","YPR","2026-04-16 14:23:29","L","13.029127","77.548857"
"12264","37702","13","YPR","2026-04-16 14:23:59","L","13.028945","77.548948"
"12264","37702","12","YPR","2026-04-16 14:24:29","L","13.028173","77.549273"
"12264","37702","13","YPR","2026-04-16 14:24:59","L","13.02736","77.549684"
"12264","37702","13","YPR","2026-04-16 14:25:29","L","13.026368","77.550074"
"12264","37702","10","YPR","2026-04-16 14:25:59","L","13.025448","77.550443"
"12264","37702","3","YPR","2026-04-16 14:26:29","L","13.025276","77.550511"
"12264","37702","0","YPR","2026-04-16 14:26:59","L","13.025084","77.550604"
"12264","37702","0","YPR","2026-04-16 14:27:29","L","13.025084","77.550604"
"12264","37702","0","YPR","2026-04-16 14:27:59","L","13.025084","77.550604"
"12264","37702","0","YPR","2026-04-16 14:28:29","L","13.025084","77.550604"
"12264","37702","0","YPR","2026-04-16 14:28:59","L","13.025084","77.550604"
"12264","37702","0","YPR","2026-04-16 14:29:29","L","13.025084","77.550604"
"12264","37702","0","YPR","2026-04-16 14:29:59","L","13.025084","77.550604"
"12264","37702","0","YPR","2026-04-16 14:30:29","L","13.025084","77.550604"
"12264","37702","0","YPR","2026-04-16 14:30:59","L","13.025084","77.550604"
"12264","37702","0","YPR","2026-04-16 14:31:29","L","13.025084","77.550604"
"12264","37702","0","YPR","2026-04-16 14:31:59","L","13.025084","77.550604"
"12264","37702","0","YPR","2026-04-16 14:32:29","L","13.025084","77.550604"
"12264","37702","0","YPR","2026-04-16 14:32:59","L","13.025084","77.550604"
"12264","37702","0","YPR","2026-04-16 14:33:29","L","13.025084","77.550604"
"12264","37702","0","YPR","2026-04-16 14:33:59","L","13.025084","77.550604"
"12264","37702","0","YPR","2026-04-16 14:34:29","L","13.025084","77.550604"
"12264","37702","0","YPR","2026-04-16 14:34:59","L","13.025084","77.550604"
"12264","37702","0","YPR","2026-04-16 14:35:29","L","13.025084","77.550604"
"12264","37702","0","YPR","2026-04-16 14:35:59","L","13.025084","77.550604"
"12264","37702","0","YPR","2026-04-16 14:36:29","L","13.025084","77.550604"
"12264","37702","0","YPR","2026-04-16 14:36:59","L","13.025084","77.550604"
"12264","37702","0","YPR","2026-04-16 14:37:29","L","13.025084","77.550604"
"12264","37702","0","YPR","2026-04-16 14:37:59","L","13.025084","77.550604"
"12264","37702","0","YPR","2026-04-16 14:38:29","L","13.025084","77.550604"
"12264","37702","0","YPR","2026-04-16 14:38:59","L","13.025084","77.550604"
"12264","37702","0","YPR","2026-04-16 14:39:29","L","13.025084","77.550604"
"12264","37702","0","YPR","2026-04-16 14:39:59","L","13.025084","77.550604"
"12264","37702","0","YPR","2026-04-16 14:40:29","L","13.025084","77.550604"
"12264","37702","0","YPR","2026-04-16 14:40:59","L","13.025084","77.550604"
"12264","37702","0","YPR","2026-04-16 14:41:29","L","13.025084","77.550604"
"12264","37702","0","YPR","2026-04-16 14:41:59","L","13.025084","77.550604"
"12264","37702","0","YPR","2026-04-16 14:42:29","L","13.025084","77.550604"
"12264","37702","0","YPR","2026-04-16 14:42:59","L","13.025084","77.550604"
"12264","37702","0","YPR","2026-04-16 14:43:29","L","13.025084","77.550604"
"12264","37702","0","YPR","2026-04-16 14:43:59","L","13.025084","77.550604"
"12264","37702","0","YPR","2026-04-16 14:44:29","L","13.025084","77.550604"
"12264","37702","0","YPR","2026-04-16 14:44:59","L","13.025084","77.550604"
"12264","37702","0","YPR","2026-04-16 14:45:29","L","13.025084","77.550604"
"12264","37702","0","YPR","2026-04-16 14:45:59","L","13.025084","77.550604"
"12264","37702","0","YPR","2026-04-16 14:46:29","L","13.025084","77.550604"
"12264","37702","0","YPR","2026-04-16 14:46:59","L","13.025084","77.550604"
"12264","37702","0","YPR","2026-04-16 14:47:29","L","13.025084","77.550604"
"12264","37702","0","YPR","2026-04-16 14:47:59","L","13.025084","77.550604"
"12264","37702","0","YPR","2026-04-16 14:48:29","L","13.025084","77.550604"
"12264","37702","0","YPR","2026-04-16 14:48:59","L","13.025084","77.550604"
"12264","37702","0","YPR","2026-04-16 14:49:29","L","13.025084","77.550604"
"12264","37702","0","YPR","2026-04-16 14:49:59","L","13.025084","77.550604"
"12264","37702","0","YPR","2026-04-16 14:50:29","L","13.025084","77.550604"
"12264","37702","0","YPR","2026-04-16 14:50:59","L","13.025084","77.550604"
"12264","37702","0","YPR","2026-04-16 14:51:29","L","13.025084","77.550604"
"12264","37702","0","YPR","2026-04-16 14:51:59","L","13.025084","77.550604"
"12264","37702","0","YPR","2026-04-16 14:52:29","L","13.025084","77.550604"
"12264","37702","0","YPR","2026-04-16 14:52:59","L","13.025084","77.550604"
"12264","37702","0","YPR","2026-04-16 14:53:29","L","13.025084","77.550604"
"12264","37702","0","YPR","2026-04-16 14:53:59","L","13.025084","77.550604"
"12264","37702","0","YPR","2026-04-16 14:54:29","L","13.025084","77.550604"
"12264","37702","0","YPR","2026-04-16 14:54:59","L","13.025084","77.550604"
"12264","37702","0","YPR","2026-04-16 14:55:29","L","13.025084","77.550604"
"12264","37702","0","YPR","2026-04-16 14:55:59","L","13.025084","77.550604"
"12264","37702","0","YPR","2026-04-16 14:56:29","L","13.025084","77.550604"
"12264","37702","0","YPR","2026-04-16 14:56:59","L","13.025084","77.550604"
"12264","37702","0","YPR","2026-04-16 14:57:29","L","13.025084","77.550604"
"12264","37702","0","YPR","2026-04-16 14:57:59","L","13.025084","77.550604"
"12264","37702","0","YPR","2026-04-16 14:58:29","L","13.025084","77.550604"
"12264","37702","0","YPR","2026-04-16 14:58:59","L","13.025084","77.550604"
"12264","37702","0","YPR","2026-04-16 14:59:29","L","13.025084","77.550604"
"12264","37702","0","YPR","2026-04-16 14:59:59","L","13.025084","77.550604"
"12264","37702","0","YPR","2026-04-16 15:00:29","L","13.025084","77.550604"
"12264","37702","0","YPR","2026-04-16 15:00:59","L","13.025084","77.550604"
"12264","37702","0","YPR","2026-04-16 15:01:29","L","13.025084","77.550604"
"12264","37702","0","YPR","2026-04-16 15:01:59","L","13.025084","77.550604"
"12264","37702","0","YPR","2026-04-16 15:02:29","L","13.025084","77.550604"
"12264","37702","0","YPR","2026-04-16 15:02:59","L","13.025084","77.550604"
"12264","37702","0","YPR","2026-04-16 15:03:29","L","13.025084","77.550604"
"12264","37702","0","YPR","2026-04-16 15:03:59","L","13.025084","77.550604"
"12264","37702","0","YPR","2026-04-16 15:04:29","L","13.025084","77.550604"
"12264","37702","0","YPR","2026-04-16 15:04:59","L","13.025084","77.550604"
"12264","37702","0","YPR","2026-04-16 15:05:29","L","13.025084","77.550604"
"12264","37702","0","YPR","2026-04-16 15:05:59","L","13.025084","77.550604"
"12264","37702","0","YPR","2026-04-16 15:06:29","L","13.025084","77.550604"
"12264","37702","0","YPR","2026-04-16 15:06:59","L","13.025084","77.550604"
"12264","37702","0","YPR","2026-04-16 15:07:29","L","13.025084","77.550604"
"12264","37702","0","YPR","2026-04-16 15:07:59","L","13.025084","77.550604"
"12264","37702","0","YPR","2026-04-16 15:08:29","L","13.025084","77.550604"
"12264","37702","0","YPR","2026-04-16 15:08:59","L","13.025084","77.550604"
"12264","37702","0","YPR","2026-04-16 15:09:29","L","13.025084","77.550604"
"12264","37702","0","YPR","2026-04-16 15:09:59","L","13.025084","77.550604"
"12264","37702","0","YPR","2026-04-16 15:10:29","L","13.025084","77.550604"
"12264","37702","0","YPR","2026-04-16 15:10:59","L","13.025084","77.550604"
"12264","37702","0","YPR","2026-04-16 15:11:29","L","13.025084","77.550604"
"12264","37702","0","YPR","2026-04-16 15:11:59","L","13.025084","77.550604"
"12264","37702","0","YPR","2026-04-16 15:12:29","L","13.025084","77.550604"
"12264","37702","0","YPR","2026-04-16 15:12:59","L","13.025084","77.550604"
"12264","37702","0","YPR","2026-04-16 15:13:29","L","13.025084","77.550604"
"12264","37702","0","YPR","2026-04-16 15:13:59","L","13.025084","77.550604"
"12264","37702","0","YPR","2026-04-16 15:14:29","L","13.025084","77.550604"
"12264","37702","0","YPR","2026-04-16 15:14:59","L","13.025084","77.550604"
"12264","37702","0","YPR","2026-04-16 15:15:29","L","13.025084","77.550604"
"12264","37702","0","YPR","2026-04-16 15:15:59","L","13.025084","77.550604"
"12264","37702","0","YPR","2026-04-16 15:16:29","L","13.025084","77.550604"
"12264","37702","0","YPR","2026-04-16 15:16:59","L","13.025084","77.550604"
"12264","37702","0","YPR","2026-04-16 15:17:29","L","13.025084","77.550604"
"12264","37702","0","YPR","2026-04-16 15:17:59","L","13.025084","77.550604"
"12264","37702","0","YPR","2026-04-16 15:18:29","L","13.025084","77.550604"
"12264","37702","0","YPR","2026-04-16 15:18:59","L","13.025084","77.550604"
"12264","37702","0","YPR","2026-04-16 15:19:29","L","13.025084","77.550604"
"12264","37702","0","YPR","2026-04-16 15:19:59","L","13.025084","77.550604"
"12264","37702","0","YPR","2026-04-16 15:20:29","L","13.025084","77.550604"
"12264","37702","0","YPR","2026-04-16 15:20:59","L","13.025084","77.550604"
"12264","37702","0","YPR","2026-04-16 15:21:29","L","13.025084","77.550604"
"12264","37702","0","YPR","2026-04-16 15:21:59","L","13.025084","77.550604"
"12264","37702","0","YPR","2026-04-16 15:22:29","L","13.025084","77.550604"
"12264","37702","0","YPR","2026-04-16 15:22:59","L","13.025084","77.550604"
"12264","37702","0","YPR","2026-04-16 15:23:29","L","13.025084","77.550604"
"12264","37702","0","YPR","2026-04-16 15:23:59","L","13.025084","77.550604"
"12264","37702","0","YPR","2026-04-16 15:24:29","L","13.025084","77.550604"
"12264","37702","0","YPR","2026-04-16 15:24:59","L","13.025084","77.550604"
"12264","37702","0","YPR","2026-04-16 15:25:29","L","13.025084","77.550604"
"12264","37702","0","YPR","2026-04-16 15:25:59","L","13.025084","77.550604"
"12264","37702","0","YPR","2026-04-16 15:26:29","L","13.025084","77.550604"
"12264","37702","0","YPR","2026-04-16 15:26:59","L","13.025084","77.550604"
"12264","37702","0","YPR","2026-04-16 15:27:29","L","13.025084","77.550604"
"12264","37702","0","YPR","2026-04-16 15:27:59","L","13.025084","77.550604"